ID,City,District,ScenicSpotName,NewCategory,Address,Description,OpenTime,Phone,TravelInfo,WebsiteUrl,Class1,Class2,Class3,Keyword,ParkingInfo,Position,Level,Picture,MapUrl,DescriptionDetail,室內室外分類
1,臺北市,中山區,MAISON ACME｜圓山別邸,⛰️ 自然生態類,臺北市中山區中山北路三段181 之1號,,台北故事館 10:00~17:30；週一公休。定時導覽：每日 11:00、15:30。故事書坊 10:00~﻿17:30；週一公休。,886-2-66177979,,,古蹟類,自然風景類,,,,"{'PositionLon': 121.52458953857422, 'PositionLat': 25.073129653930664, 'GeoHash': 'wsqqtk7t8'}",非古蹟,"{'PictureUrl1': 'https://www.travel.taipei/image/374100', 'PictureDescription1': 'MAISON ACME｜圓山別邸'}",,日治時期，台北大稻埕茶商，經營永裕號的陳朝駿，於1913年在台北市基隆河畔圓山地區，起建一棟英國都鐸式風格的洋樓，1914年完工，以作為他招待台灣士紳、政要以及各國茶商的聚會場所，也作為家庭成員休憩、度假及聚會所在地。陳朝駿曾任同業組合台北茶商公會會長，為當時正蓬勃的台灣茶產業重要人物之一。這棟房子落成時，正是日治時期，當時政府為建立台灣成為政治、金融及學術教育的中心，有計劃地擴建台北市街，鋪設環城三線林蔭大道；並且引進各種歐洲建築風格，加以混合、變化，使得此時的台灣建築展現了極為繁複的特色，陳朝駿起建的這棟房子正是在這樣的時代風潮下建造的。陳朝駿在1923年過世後房子幾經易手，經歷過多次轉變。二次世界大戰後，曾經作為前立法院院長黃國書的住宅，1979年由台北市政府進行徵購，並將此地暫時做為公園路燈管理處北區分隊駐在所，供辦公及置放器具。1987年12月正式交由台北市立美術館管理，於1990年成立「美術家聯誼中心」，1998年被指定為古蹟，調查與修復的工作先後展開。在古蹟再利用的理念下，2003年4月19日至2015年4月18日，這棟古蹟由陳國慈女士認養並贊助成立「台北故事館」對外開放，以介紹台灣生活文化和推廣古蹟再利用為目的，透過多樣的活動和展覽讓社會大眾輕鬆的親近古蹟，讓古蹟有了新生命。2015年5月起由財團法人郭木生文教基金會接續經營台北故事館，以食、衣、住、行、娛樂為主軸，策劃相關主題展覽及藝文活動、推廣茶文化，持續在「台北故事館」說故事。同時，結合附近社區、民眾和社會資源，一起參與維護古蹟推動文化資產保存教育，延續百年老屋的歷史。台北故事館，為仿英國都鐸時期的半木構造建築，是台灣罕見的建築形式。建築一樓以磚造作為承重牆，入口處為愛奧尼克式門柱。二樓為木結構，利用曲線、垂直、水平的木條構成二樓牆外樹枝狀優美的壁面。歌德式塔樓與煙囪則是磚造，塔樓屋頂有弧形屋簷，採用銅瓦鋪成，銅瓦歷久產生銅綠，留下歲月痕跡。古蹟入口上方的塔樓鑲嵌著綠、黃、紅三色的彩繪玻璃，室內有著造形優美的壁爐兩座，以及大量流行於二十世紀初，富含大自然、花草圖案的「新藝術」風格凸花磁磚和吊燈。整體室內空間配置，乃至於室外陽台、露台，均與周遭的景觀密切結合，呈現出典雅的風格。2021年ACME團隊正式接手台北市定古蹟圓山別莊（原台北故事館）的經營權。興建於1913年，難得的都鐸式風格建築，靜靜地在基隆河畔，跨越超過一世紀的風華洗鍊過去它是大稻埕傳奇茶商的豪邸，也曾是當年頂尖藝術創作者及大文豪的社交中心，我們將其重新定位，作為一座融合新與舊的現代宅邸展演空間。,室內
2,臺北市,中山區,MAJI集食行樂_圓山花博爭豔館,🛍️ 商圈市集類,臺北市中山區玉門街1號,,*神農市場*星期一～星期五PM12:00-PM19:30*寰宇小吃攤*星期一~星期四 11:30~20:30星期五 11:30~21:30星期六~星期日 10:30~21:30(含例假日),886-2-25977112,,http://www.majisquare.com/,自然風景類,,,,,"{'PositionLon': 121.521728515625, 'PositionLat': 25.069660186767578, 'GeoHash': 'wsqqt7c3m'}",非古蹟,"{'PictureUrl1': 'https://www.travel.taipei/image/184759', 'PictureDescription1': 'MAJI集食行樂_圓山花博爭豔館'}",,「MAJI2集食行樂」鄰近台北市立美術館，隱身在台北花博公園圓山園區一角，於2013年6月正式營運。由歌手哈林庾澄慶與知名設計師葉裕清精心規劃，在大自然中運用貨櫃、原木穀倉，巧妙包覆住美食、原創商品、音樂、藝術等元素，打造出具有異國氛圍的生活市集空間：一座城市遊樂園。MAJI2包含六大區域：神農市場、寰宇小吃街、創意市集、異國美食餐廳、特色商店街及多功能展演空間。【神農市場】為愛吃愛做菜的人把好吃、安心、天然、無毒食材通通集合再一起的神農市場，精心挑選全國各精緻小農的作物產品，其中為數不少是獲得農業部神農獎章的好農商品，以及一般超市難見的優質小品牌調味醬料，並引進南門市場的傳統食材，與帶入華人口味的熟菜食堂，讓顧客可以直接帶回家。【寰宇小吃街】以貨櫃排列，搭配復古桌椅，營造出獨特用餐空間。無論是臺灣味小吃，還是東西方美食匯串，都在異國小吃街。【創意市集】創意市集聚集手工皮革包、原創服飾、特色飾品，以及各類生活設計小物，讓你目不暇給，隨處發現驚喜。(部分資料來源：財團法人臺北市會展產業發展基金會),室外
3,臺北市,中山區,SPOT光點台北電影館,🎨 藝文展館類,臺北市中山區中山北路二段16-1號,,,886-2-25117786,,http://www.spot.org.tw/,文化類,,,,,"{'PositionLon': 121.52224731445312, 'PositionLat': 25.05324935913086, 'GeoHash': 'wsqqt2ccc'}",非古蹟,"{'PictureUrl1': 'https://www.travel.taipei/image/63724', 'PictureDescription1': 'SPOT光點台北電影館'}",,外觀為白色的2層樓西洋建築，廊柱為希臘柱式，風格似美國南方殖民風格，美國大使藍欽、莊萊德、柯爾克等人皆以這棟建築物做為官邸。1979年中美斷交後，最後一任大使離臺，建築物正式關閉。閒置多時的建築物，於內政部在1997年2月20日指定為第三級古蹟，有了新的轉機，臺北市文化局委託臺灣電影文化協會經營，成為以電影文化為主的「臺北之家」。內設光點電影院，有88座位。「光點．紅氣球」為提供輕食的電影沙龍，可容納約50人，每日下午5點以前開放民眾使用該空間。迴廊展覽館呈現各藝術創作者的作品，多功能藝文廳，面積為25坪，可容納約60人，內部設有電影相關書櫃，提供民眾閱讀，可以在此舉辦演講、座談會、茶會等。「光點．珈琲時光」咖啡廳，在庭園邊老樹旁，「光點．生活」書店則是一家專以「電影」與「城市」為主題的書店。臺北光點，為臺北的電影文化點亮了美好的光影。,室內
4,臺北市,中山區,中山北路婚紗街,🛍️ 商圈市集類,臺北市中山區中山北路二段89-7號,,依商圈各店情形不同,886-2-25031369,,,自然風景類,,,,,"{'PositionLon': 121.52313232421875, 'PositionLat': 25.059160232543945, 'GeoHash': 'wsqqt3fkn'}",非古蹟,"{'PictureUrl1': 'https://www.travel.taipei/image/181240', 'PictureDescription1': '中山北路婚紗街'}",,臺北具有異國風情的林蔭大道當推中山北路婚紗街，寬敞的街道與層層樹蔭，人行道上櫥窗內滿是美麗的婚紗禮服。短短一公里多的路上聚集了多間的婚紗攝影與喜餅、婚禮顧問、美體工作室等相關產業，春天走在這裡的楓香林蔭下可說是一大享受，看著櫥窗裡如同童話公主穿著的各式豪華婚紗爭奇鬥艷，店家在門口擺出一張張儷影雙雙的照片，常勾起人對於幸福的浪漫遐思，並永存當下佳人形影的幸福氣息。,室外
5,臺北市,中山區,中山北路條通商圈,🛍️ 商圈市集類,臺北市中山區中山北路一段131號,,依商圈各店情況不同,886-2-25626434,,,小吃/特產類,自然風景類,小吃/特產類,,,"{'PositionLon': 121.52263641357422, 'PositionLat': 25.05164909362793, 'GeoHash': 'wsqqt2d06'}",非古蹟,"{'PictureUrl1': 'https://www.travel.taipei/image/88133', 'PictureDescription1': '中山北路條通商圈'}",,中山北路的條通文化源自於日據時期，街廓裡的各式日式小吃店、酒吧是許多日僑及觀光客喜愛光臨之處，有著日據時期延續至今的異國情調，頗可感受到與臺灣歷史緊密結合的氣氛。至今條通仍保有濃厚的東洋情調，不但有居酒屋、懷石料理亭，還有不少日本家常菜，如：馬鈴薯燉肉、關東煮、鰻魚飯、燒肉等日常料理，在巷弄深處飄散著老東京的味道。這裡集合的臺日美食，也反映臺灣從前到現代的飲食文化，例如七條通就是臺灣燒肉文化的發源地。,室外
6,臺北市,中山區,五指山系_劍潭山親山步道,⛰️ 自然生態類,臺北市中山區中山北路四段6號,,開放空間,886-2-27593001,,,自然風景類,,,,,"{'PositionLon': 121.52494049072266, 'PositionLat': 25.079130172729492, 'GeoHash': 'wsqqtmeb8'}",非古蹟,"{'PictureUrl1': 'https://www.travel.taipei/image/325821', 'PictureDescription1': '五指山系_劍潭山親山步道'}",,劍潭山海拔153公尺，位於臺北市士林區圓山風景區，是圓山飯店後山的北稜，也是臺北市最接近市中心的小山，沿著稜脊步道緩緩前行可抵達其他山岳，走起來幾乎是輕鬆自在，在交通便捷上佔有極大之優勢。劍潭山親山步道登山口位於中山北路四段公車劍潭站旁，這裡曾是軍事管制區與保安林地，因此自然林相與生態植物保存的相當完整；步道兩旁許多人工栽種植被與經濟植物，讓步道充滿盎然的綠色魅力。這條步道已成為市民晨運健身的場所，如位於稜線上「老地方」，就是大家熟知的健身據點。步道沿途可以欣賞圓山飯店、基隆河河濱公園等景致，步道盡頭為大直的通北街165巷、北安路口處，是一條坡緩易行的郊山步道。劍潭山越到夜晚景越美劍潭山親山步道夜景的人氣指數向來高居不下，當然自有其獨特之處，於制高點欣賞繁華的市景燈火夜色，不時還有飛機低空略過星空，總讓山友為之興奮、津津樂道，結合士林夜市美食小吃同遊，來到這裡夜間探路健走的民眾甚至比白天、晨間來的更多，這也是其越夜越美麗、熱鬧的原因吧！台北之心　坐擁山林爬山真的一點也不難，尤其是從劍潭山入門。由捷運劍潭站出發，輕輕鬆鬆就能找到登山口；若是公車族，劍潭公車站旁就是入口處，拾級而上即能通達綠意山林。沿途放眼望去，步道兩旁盡是休憩空地或涼亭，走走停停，不一會兒就完成步道初體驗。劍潭山是最接近市中心的小山，而你對它一定不陌生。無論是搭乘捷運淡水線往淡水方向，或是由高速公路進入台北市區，瞥見富麗堂皇的圓山飯店所在的山頭，那一片青翠連綿的山巒就是劍潭山。由於這一帶以前是軍事管制區和保安林地，所以自然林相得以保持，密林遍佈整個步道。樹木不受人為干擾，恣意展放他們最美麗的姿態，棲息其間的物種也能悠遊自得。抬頭仰望，說不定就能看到松鼠跳躍林間，還有披著五色彩衣的五色鳥、翠綠小巧的綠繡眼也是這裡常見的鳥類。雖然軍事管制解除之後，原始山林因為人為開發起了變化，步道兩旁多見人工種植的園藝植物或經濟植物，綠意盎然的山徑步道魅力猶存。現在的劍潭山已成為臺北市民晨間健身運動的重要場地之一，稜線上的「老地方」是大家熟悉的健身據點。沿途各式各樣的早覺會、山友會、羽球社羅列步道兩旁，數量驚人蔚為奇觀，儼然是一座設於山間的都市型公園，又像是民眾的「戶外客廳」，銀髮族把這裡當作KTV俱樂部，有人在這忘情高歌唱卡拉OK，還有人打起麻將，當然聊天、泡茶更不在話下。「親民」之後的劍潭山可是熱鬧得不得了。與天齊高　坐收美景在歌聲簇擁中往前行是難忘的登山經驗，和步道上不絕於耳的蟬鳴聲相較，不知會是東軍勝出，還是西軍技高一籌？先撇開如此的奇觀不談，別忘了登高遠望四周的好風景。登劍潭山讓人津津樂道之處，其一是可以站在山上迎風觀賞飛機起降。往實踐大學方向，有處山友稱之為「觀機坪」的觀景區，視野開闊幾無遮蔽物，絕對讓你過個過癮。如果往接近山頂的木棧道去，景觀可就更豐富。映入眼簾的視覺焦點是造型特殊的大直橋和醒目的台北101高樓。大佳河濱公園全景在此一覽無遺，基隆河截彎取直之後形成的河濱公園綠地、每逢整點固定噴水半小時的「希望噴泉」、臺北市首座釣竿式斜張橋「大直橋」，還有每年龍舟競賽的司令台和周邊廣場，駐足觀景瞬間心曠神怡。當然，無論白天夜晚都是世人注目焦點的圓山大飯店，也是不可錯過的賞景好據點。這裡的夜景人氣指數一直高居不下，自有其獨特之處。站在後山山丘向前望可遠眺臺北市區，往左方眺望河濱公園噴泉和綠色河堤，向右隱約可見基隆河波光粼粼，還有更遠處的觀音山。同時欣賞繁華的市景燈火和朦朧靜謐的夜色，若是恰好有飛機掠過星空，那可是別處沒得比的私房景觀。走趟短短的路程，就能一飽如此炫目的豐富美景，你怎麼還捨得待在家中？,室外
7,臺北市,中山區,兒童藝術教育中心,🌳 都會休閒類,臺北市中山區中山北路三段181號,,週二至週日 09:30 ~ 17:30 (週六延長開放至20:30)週一休館,886-2-25957656,,https://www.tfam.museum/kid/index.aspx?ddlLang=zh-tw,藝術類,,,,,"{'PositionLon': 121.52442932128906, 'PositionLat': 25.07221031188965, 'GeoHash': 'wsqqtk72h'}",非古蹟,"{'PictureUrl1': 'https://www.travel.taipei/image/182279', 'PictureDescription1': '兒童藝術教育中心'}",,歷經五年籌備的兒童藝術教育中心，獲得台積電文教基金會出資贊助、臺北市政府挹注經費，在館方人員和建築設計團隊和努力下，於2014年兒童節正式對外營運，並推出開幕大展「禮物」，藉此表達其定位：一份獻給未來世代的禮物。視覺標示設計有如積木般相疊的幾何方塊造型，擷取自臺北市立美術館的管狀結構造型元素；窗扉符號則意味兒童被微小好奇心驅使，由窗戶一角窺瞰天空，進而探索更廣闊的世界。兒藝中心以既有的空間條件為基礎，化空間邊陲為營運核心，並逐步納入當代藝術教育思維；除了宣示學習為重要的核心價值，2015年起企圖擴大教育學習的定義，亦即創造新的知識生產方式及美術館體驗。傳統美術館以「物」為主體的典藏及展覽功能，逐漸轉變成以「人」為主體的定位。美術館不僅擁有豐富的藝術收藏，也是觀眾得以休閒、社交，在日常生活中體驗藝術的友善空間；另則強調參與式的體驗，期望觀眾在與同伴互動討論的過程中進行學習，激盪出參觀經驗的多樣可能性，並且發展出北美館和觀眾之間的新關係。當代藝術包含了大量的跨領域知識，並且強調思辨與社會參與。2016年兒藝中心教育企劃從展覽的概念正式轉型成為「教育計畫」，每年推出一至兩檔，結合主題展示和創作工坊，由館內教育人員與當代藝術家共同策劃。在「教育計畫」中，館員不只是擔任藝術作品詮釋的中介者角色，同時也是經驗轉化者；藝術家的角色也不再只是被動受邀為作品創生者，而可以主動成為學習經驗建構者。一方面，兒藝中心的教育計劃以藝術家為模型，讓兒童得以透過藝術家的視角、透過他們的創意思維及問題解決辦法，認識多樣的世界。另一方面，我們也邀請藝術家與館員合作討論，為每一次的教育計劃發展互動裝置，為自己作品或其他藝術家作品中的經驗轉化為可學習的模式，帶著觀眾從被動的視覺賞析，擴大到身體及感知層面的參與。透過參與教育計畫，觀眾將成為主動發掘世界的探索者，並且累積視覺識讀能力〈visual literacy〉和概念思辨力。(資料來源:兒童藝術教育中心),室內
8,臺北市,中山區,卓悅藝文中心,🎨 藝文展館類,臺北市中山區南京東路二段124號9樓,,週一 ~ 週五  10：30~19：00(六日僅開放場地租借。如欲周末場勘，請先行預約),886-2-25019888,,,文化類,,,,,"{'PositionLon': 121.53328704833984, 'PositionLat': 25.051740646362305, 'GeoHash': 'wsqqt89bf'}",非古蹟,"{'PictureUrl1': 'https://www.travel.taipei/image/102584', 'PictureDescription1': '卓悅藝文中心'}",,卓悅藝文中心座落於台北市中山區，松江南京捷運站四號出口，交通便捷。成立於2012年台北市南京東路的商業大樓中，是台灣少見的小型音樂會場地。秉持著打造人文與藝術匯集的音樂殿堂，提供台灣音樂家與觀眾最優質的服務。中心設有兩個展演空間，表演廳專為古典音樂所設計，設有108席，感受零距離的音樂享宴。溫馨典雅的沙龍廳可容納50人，適合小型發表會、茶會、酒會等活動，延展表演廳的交誼功能。 提供的服務包含「卓悅表演廳」、「卓悅沙龍廳」租借、使用和申請。(資料來源:卓悅藝文中心臉書),室內
9,臺北市,中山區,台北啤酒工場,🏯 歷史人文類,臺北市中山區八德路二段85號,,全年無休(除夕例外)，每日上午9點~下午5點,886-2-27719131,,https://event.ttl.com.tw/tp/,觀光工廠類,,,,,"{'PositionLon': 121.53572845458984, 'PositionLat': 25.04591941833496, 'GeoHash': 'wsqqmx7x5'}",非古蹟,"{'PictureUrl1': 'https://www.travel.taipei/image/112810', 'PictureDescription1': '台北啤酒工場'}",,"歷史沿革台北啤酒工場的前身為「日本高砂麥酒株式會社」，創立於1919年，是日治時代台灣唯一的啤酒工廠。1945年由政府接管後，隸屬於台灣省菸酒公賣局「第二酒廠」，1975年更名為「建國啤酒廠」，期間經過改良釀造技術更新製造設備，添建新式廠房，產量與年俱增，最高曾達到年產1200萬打啤酒的輝煌紀錄。1997年7月1日起，建國啤酒廠與復興啤酒廠兩廠合併為一，建國廠成為復興啤酒廠的建國廠區，廠務由復興廠管理。2000年6月台北市政府指定「建國啤酒廠」為第95號市定古蹟，保留下全國最重要的啤酒產業文化資產，並朝「啤酒文化園區、產業活化保存」的方向邁進。2001年4月「建國廠區」廠務改由「瓶蓋工場」管轄，2002年台灣省菸酒公賣局改制為台灣菸酒股份有限公司，「建國廠區」同時更名為「台北啤酒工場 」，2003年11月「台北啤酒工場 」改由「竹南啤酒廠 」管轄，2007年4月30日台灣菸酒股份有限公司為周延文化保存、善盡社會責任，以任務編組方式，將台北啤酒工場業務獨立於啤酒事業部管轄，暫成立為「台北啤酒文化園區管理處」，俾能更專責辦理台灣啤酒文化保存之工作，並於2008年7月1日獨立建制為台北啤酒工場。廠址與面積台北啤酒工場舊地址為臺北市中正路1407號，臺北市改制後改為現行地址為臺北市八德路二段85號。土地面積為52,630平方公尺。都市計劃為第三種工業區。台北啤酒工場的廠房包含，糖化大樓、醱酵大樓、貯酒大樓、包裝工場、成品倉庫、行政大樓、修護工場及福利樓房。建築面積有25,627.71平方公尺，總樓地板面積34,638.91平方公尺。文化保存台北啤酒工場是台灣唯一具歷史價值之啤酒工廠，啤酒在台灣各種酒類中屬道道地地的舶來品到現在才不過百餘年歷史。帝國主義時期為供應殖民地的僑民飲用而輸入外國的啤酒，並在市場上銷售。台灣是先有啤酒才有啤酒廠。國外資本家利用我國的廉價原料與勞動人力，開始在台灣建立啤酒廠。未來展望產業保存暨古老建築再利用，世界進步的國家都有良好例子。例如日本北海道扎幌的「啤酒紀念館」，原是鑒於1890年磚造的國營啤酒廠，1966年經歷內部整修成為啤酒屋「扎幌啤酒苑」，現已成為扎幌市聖地。「台北啤酒工場」佔地廣闊，為讓重要文化產業---台灣啤酒發源地「台北啤酒工場」，保存流傳後世，保留現有生產線繼續生產，其他部分做有系統規劃，對其建築風格與原來功能，重新規劃為結合生產、觀光、商業、文化與休閒等多用途特區，以符合現代化進步都市的發展潮流，讓台北市成為一個有特色的城市。(文字參考/台北啤酒工場官方網站)",室內
10,臺北市,中山區,台灣基督長老教會_中山教會,⛰️ 自然生態類,臺北市中山區林森北路60號,,週一至週日都有各項聚會及禮拜時間，來之前請先致電詢問,886-2-25518480,,http://www.pct.org.tw/churchdata.aspx?strOrgNo=C02004,廟宇類,自然風景類,,,,"{'PositionLon': 121.52438354492188, 'PositionLat': 25.049030303955078, 'GeoHash': 'wsqqt2535'}",非古蹟,"{'PictureUrl1': 'https://www.travel.taipei/image/179889', 'PictureDescription1': '台灣基督長老教會_中山教會'}",,中山教會是日本人所建之基督教堂，大門拱柱刻著「一九三七年三月奠基」，原為日本基督教聖公會教堂，稱為大正町教會，供當時住在大正街一帶日本人教徒禮拜之用。外觀仿英國歌德式教堂設計，從高處往下看，可看見教堂屋頂呈十字架形狀、尖拱、屋架轉角石與扶壁等，保存完整，具有建築價值。,室內
11,臺北市,中山區,命理街,🛍️ 商圈市集類,臺北市中山區行天宮地下道東邊十號,,各店家營業時間不同,886-2-2720-8889,,,其他,,,,,"{'PositionLon': 121.53328704833984, 'PositionLat': 25.062620162963867, 'GeoHash': 'wsqqtd9b6'}",非古蹟,"{'PictureUrl1': 'https://www.travel.taipei/image/89559', 'PictureDescription1': '命理街'}",,松江路命理街成立時間已有30多年之久，就位於行天宮前的民權東路、松江路人行地下道，早年拜行天宮香客川流不息之賜，許多民眾到廟內求籤，也會順道至命理街找老師，再確認一次答案。由於許多老師命理預測未來功力神準，久而久之名氣不逕而走，加上國際觀光客的推波助瀾，讓命理街紅到國外，許多日本、香港、韓國等電視媒體和藝人，也都慕名而來算命、拍攝節目，小小的命理諮詢室裡掛滿來自國外藝人合照的相片，就不難發覺此處人氣非常旺。,室外
12,臺北市,中山區,四平陽光商圈,🛍️ 商圈市集類,臺北市中山區四平街71號,,每日11:00-19:00,886-2-25018531,,https://www.tcma.gov.taipei/News_Content.aspx?n=FAC14AD2DE4E01A4&sms=32F7BA052C5CA548&s=CB6640102521B1D8,小吃/特產類,,,,,"{'PositionLon': 121.53408813476562, 'PositionLat': 25.05367088317871, 'GeoHash': 'wsqqt8fkj'}",非古蹟,"{'PictureUrl1': 'https://www.travel.taipei/image/176127', 'PictureDescription1': '四平陽光商圈'}",,四平陽光商圈與夜市有相似、有相異，最大不同在於，它是日間開放。街道徒步區上隨處可見露天咖啡座及咖啡香、不定時的街頭藝人表演驚喜、懸掛於天空隨風飄揚的四色布旗，讓這條不算長的徒步區增添了許多浪漫情懷與無限想像過去。隨著國際化及觀光化的趨勢，到此的外國觀光客日益增多，商家除了可以用簡單的英、日文與外國觀光客溝通之外，鄰近的六福客棧也成立外籍旅客服務中心，提供外籍觀光客免費的諮詢導覽服務。部分文字來源／台北市商業處網站,室外
13,臺北市,中山區,國民革命忠烈祠,🏯 歷史人文類,臺北市中山區北安路139號,,全年除春祭（3月29日）、秋祭（9月3日）祭典前一日及當日中午前暫停開放外，均免費對外開放，每日參觀時間自上午0900時至下午1700時,886-2-28854162,,https://afrc.mnd.gov.tw/faith_martyr/index.aspx,古蹟類,廟宇類,,,,"{'PositionLon': 121.53312683105469, 'PositionLat': 25.078380584716797, 'GeoHash': 'wsqqtt3sp'}",非古蹟,"{'PictureUrl1': 'https://www.travel.taipei/image/215692', 'PictureDescription1': '國民革命忠烈祠'}",,國民革命忠烈祠背倚青山，面臨基隆河，建於1969年，主建築型式仿北京故宮太和殿，雄偉壯麗，象徵著烈士們成仁取義的大無畏精神。四周有一萬餘坪的青草地，在群山的拱衛中，營造出一種清幽而肅穆的氣氛，更烘托出建築物的莊嚴。中華民國成立前的革命烈士，及抗日戰爭及國共戰爭中犧牲的將士官兵，皆供奉於此，讓後人得以追思眾將士之愛國精神。在忠烈祠大門前站崗的衛兵，個個訓練嚴謹，總是雄偉站立著。每小時進行一次的衛兵交接換哨儀式，也甚受觀光客歡迎，整齊劃一的動作，迅速確實，抬頭挺胸的步伐，展現出士兵們雄偉的氣度，經常吸引觀光客拍照紀念。,室內
14,臺北市,中山區,圓山大飯店,⛰️ 自然生態類,臺北市中山區中山北路四段1巷1號,,全天開放,886-2-28868888,,https://www.grand-hotel.org/TW/index.aspx,自然風景類,,,,,"{'PositionLon': 121.52629089355469, 'PositionLat': 25.078609466552734, 'GeoHash': 'wsqqtmktr'}",非古蹟,"{'PictureUrl1': 'https://www.travel.taipei/image/64181', 'PictureDescription1': '圓山大飯店'}",,圓山大飯店創立於民國41年（西元1952年），十四層宮殿式大樓，巍峨高聳於圓山之腰，前臨基隆河、後倚陽明山、東望松山、西眺淡水。飯店紅柱金瓦氣勢宏偉的外觀，襯托富麗堂皇的古典氣氛，傳達了中國的藝術之美，是台北市的代表地標之ㄧ，聞名世界。是中外人士觀光住宿或商務會議的最佳選擇。圓山的美，在於中國式的雄偉建築和富麗堂皇的古典氣派，圓山的神秘，在於傳奇性的歷史色彩和祕道傳說，圓山的寧靜清幽，在於它的遠離塵囂和鄰近閒情雅緻的風景線。百年金龍原本只是設置於台灣神社前的銅龍，在圓山飯店增建廳舍時特別保留原貌，完美呈現於金龍餐廳中，並在七十六年整修時，鍍上24K金，特別的是這條蟠龍只有三爪，和中國傳統的四爪或五爪龍不同。梅花藻井圓山大飯店大廳中央天花板有一口梅花造型的藻井，梅花中央五條金龍環繞一顆龍珠，意味「五福臨門」：藻井內周圍雖有23條金龍、16隻鳳凰，取其「3」諧音「升」意指步步高升，「16」伴隨大梅花「發」，則有一路發之意，梅花藻井象徵龍鳳呈祥，意義深遠。飛簷斗拱屋頂的飛簷與斗拱，道出中國的古老文明。垂脊上方一排蹲獸，盤據在挑出的飛簷之上，在正脊、垂脊間安置的鴟尾，是一種瓦製的獸型飾物；而屋頂下方，華麗但精緻有力的斗拱結構，這是中國建築最令人稱奇的堂奧。大廳落地玻璃門圓山大飯店正門的大型落地玻璃窗，典雅端正，但仔細觀察門上所繪紋路，就會發現其中暗藏六個古字「中華民國萬歲」，回溯重建圓山飯店時的時空背景，可以看出時空背景的轉換，及設計師創作時的巧思。石敢當牌樓前石階入口所豎立的大石塊石碑上，刻有于右任先生親筆所題的草書，龍飛鳳舞，筆力遒勁的四個大字『劍潭勝跡』，經過多方查證，這四個字表達出整個圓山就是聖地的意思，也因為如此，維繫了圓山百年人氣不墜的崇高地位。,室內
15,臺北市,中山區,圓山自然景觀公園,⛰️ 自然生態類,臺北市中山區玉門街33號,,,886-2-25850192,,,都會公園類,自然風景類,自然風景類,,,"{'PositionLon': 121.52230072021484, 'PositionLat': 25.074989318847656, 'GeoHash': 'wsqqtkcb6'}",非古蹟,"{'PictureUrl1': 'https://www.travel.taipei/image/182777', 'PictureDescription1': '圓山自然景觀公園'}",,圓山自然景觀公園原為兒童育樂中心，於2014年關閉後經整建改名圓山自然景觀公園，目前該公園仍保留摩天輪及旋轉木馬，讓兒童育樂中心的回憶永遠存在民眾心中。(資料來源:公園走透透 臺北新花漾),室外
16,臺北市,中山區,基隆河河濱自行車道,🌳 都會休閒類,臺北市中山區濱江街基十號疏散門,,全天開放,886-2-27258149,,https://heo.gov.taipei/cp.aspx?n=E8DE4F6D074A4ADD,遊憩類,,都會公園類,,,"{'PositionLon': 121.52955627441406, 'PositionLat': 25.073009490966797, 'GeoHash': 'wsqqtkrhg'}",非古蹟,"{'PictureUrl1': 'https://www.travel.taipei/image/65476', 'PictureDescription1': '基隆河河濱自行車道'}",,從左岸的林安泰疏散門進入河濱自行車道，遊客可以看見記錄著基隆河緣起、整治故事的解說牌，讓民眾在運動休閒之餘，還能了解基隆河長長的歷史故事。大佳河濱公園是屬河床填土後的新生地，放眼望去盡是綠野草皮，靠西之地建設成都會型綠化公園，其中以中山橋到大直橋間段的親水公園最具特色，地標「希望之泉」的噴泉設計，高達25層樓高的扇形噴泉水幕，精采的水舞、夜晚亮麗的五彩霓虹燈光，整個河濱之地瞬間成為繽紛亮麗，背景在圓山飯店古典輝煌的紅色建築陪襯下，景致格外好看、令人難忘，可以說是市區閤家老少、戀愛男女朋友約會的最佳去處。遊客若是從右岸的美堤疏散門進入，也同樣可以看見堤防壁上用圖案細說基隆河的歷史故事，同樣精彩耀眼，夜遊基隆河，更可看到眩麗的摩天輪及內湖科技園區夜景。,室外
17,臺北市,中山區,大佳河濱公園,🌳 都會休閒類,臺北市中山區大佳里,,開放空間,886-2-27126390,,https://heo.gov.taipei/News_Content.aspx?n=E65DBD99C91AEAC4&sms=3A0FD6D3764BFBA7&s=0A0218A08C6748A8,都會公園類,,都會公園類,,,"{'PositionLon': 121.5408935546875, 'PositionLat': 25.07464027404785, 'GeoHash': 'wsqqtsxqk'}",非古蹟,"{'PictureUrl1': 'https://www.travel.taipei/image/222420', 'PictureDescription1': '大佳河濱公園'}",,大佳河濱公園位於中山區中山橋和大直橋之間，是基隆河截彎取直後，經市政府開發建設而成的都會型綠化公園。面積廣大，進入園區映入眼簾的就是一大片一望無際的廣闊草園，還可以遙望美麗華的摩天輪，景色優美。公園內有五大遊戲區及出租腳踏車區，皆具不同特色。雙道滑索區設置了單點式及座椅式的滑索，可以讓孩子們體驗不同的樂趣；共融式沙坑區內有溜滑梯、攀爬設施、沙坑，還有遮陽區可讓家長休息；山丘溜滑梯遊戲區有8道磨石溜滑梯、攀爬網及拉繩，不用怕玩不到溜滑梯；鞦韆及章魚海豚地景區，5座特色鞦韆，還有大型章魚地景、平衡木、球狀躲藏區等多樣遊樂設備；兒童戲水區開放時間為每年6~9月，設有大型圓圈、圓柱、巨型花朵等噴水設施，可愛又好玩，還有有一座大型噴水水景，中央水柱最高高達75公尺，利用水景高低強弱的視覺變化，展現其律動的特色。園內還有運動公園，有籃、網、羽、槌球場等運動設施，以及環繞園區數公里長的自行車道(園內提供自行車出租)。大佳河濱公園由於場地寬闊、停車方便、環境優美，例假日除了有許多民眾在此嬉戲運動之外，也不定期舉辦各項大型活動，展現臺北市都會活力朝氣的一面。,室外
18,臺北市,中山區,大佳碼頭,🌳 都會休閒類,臺北市中山區大佳碼頭,,開放空間,886-2-27208889,,,遊憩類,,,,,"{'PositionLon': 121.53742218017578, 'PositionLat': 25.07588005065918, 'GeoHash': 'wsqqtsuve'}",非古蹟,"{'PictureUrl1': 'https://www.travel.taipei/image/63327', 'PictureDescription1': '大佳碼頭'}",,大佳碼頭位於圓山基隆河左岸，圓山昔稱圓仔山，是大龍峒地形上的龍頭之地，由於基隆河流經，過去曾是海水進出的湖沼地區，經過開挖發掘的圓山遺址及貝塚，證明當時先民生活的位址。緊依著圓山的劍潭之地，因國姓爺鄭成功插劍水潭取水而得名，日據時期日人曾於今圓山飯店旁忠烈祠西側之地，興建臺灣神社及神宮外苑花園，由此可見其地理位置之重要性。大佳碼頭位於基隆河南岸、大直橋以西約200公尺的地方。這裡是「藍色水路」的遊艇碼頭，從這裡有大佳到圓山、大佳到內湖科學園區單點來回兩個航線。,室外
19,臺北市,中山區,大直植福宮,🏯 歷史人文類,臺北市中山區北安路608巷14弄1號,,週一-週日:5:00-21:00,886-2-25323316,,,廟宇類,,,,,"{'PositionLon': 121.55049133300781, 'PositionLat': 25.081819534301758, 'GeoHash': 'wsqqtyn25'}",非古蹟,"{'PictureUrl1': 'https://www.travel.taipei/image/65938', 'PictureDescription1': '大直植福宮'}",,大直植福宮乃大直地區居民之生活精神信仰中心(含中山區、內湖區、士林區)，也是國際觀光團寺廟建築暨文化觀光旅遊勝地之一。大直植福宮至今已有二百多年歷史，供奉道教神『福德正神』為主神，遵照道廟體制和精神，安祀配神，以宏揚道教教義、樹立民間正信、導正人心向善、淨化社會暨發揚民俗固有文化道德及辦理社會慈善公益事業為宗旨。另外大直植福宮亦供奉暨送子觀世音菩薩、天上聖母、保儀大夫、保生大帝、文昌帝君、關聖帝君、李池吳朱范五府千歲(王爺公)等神祇。全年供善信大德安奉太歲燈光明燈平安燈文昌燈財利燈祈福臻祥福慧圓滿。正月初一日：子時十一點十五分頭香，賀禧、神恩垂佑。正月初十日：新春開燈安奉『值年太歲星君、平安燈、光明燈、文昌燈、財利燈』祈福元辰光彩八節慶餘。正月十五日：天官大帝聖誕千秋，『祈安植福法會』。二月初二日：福德正神千秋，慶祝『土地公生植福聯歡』活動。暨土地公會聯誼餐會。 二月初三日：文昌帝君梓童聖誕千秋。二月十九日：觀世音菩薩佛誕千秋。三月十五日：保生大帝吳真人聖誕千秋。三月卄三日：天上聖母聖誕千秋，『祈安植福法會』。四月初十日：保儀大夫張巡聖誕千秋。四月十七日：大直土地重劃建廟安座週年慶。四月卄六日：五府千歲李王爺聖誕千秋。四月卄七日：五府千歲范王爺聖誕千秋。六月十五日：五府千歲池王爺聖誕千秋。六月十九日：觀世音菩薩得道千秋。六月卄四日：關聖帝君聖誕千秋。七月十八日：慶讚中元『普渡法會』。七月十九日：值年太歲星君千秋。八月十五日：土地公得道飛昇、五府千歲朱王爺聖誕千秋。八月十六日：福壽會聯誼餐會。十三日起中秋乞龜活動。九月十五日：五府千歲吳王爺聖誕千秋。十月十五日：水官大帝聖誕千秋，『祈安植福法會』。十二月卄二日：年終謝燈，功德圓滿。每月初二、十六日：誦經疏文祈福，爐下第子福慧臻祥。(資料來源：大直植福宮),室內
20,臺北市,中山區,捷運中山站街區_心中山線形公園,🛍️ 商圈市集類,臺北市中山區中山北路二段48巷7號心中山線形公園,,,886-2-21812345,,,都會公園類,自然風景類,自然風景類,,,"{'PositionLon': 121.52059936523438, 'PositionLat': 25.05582046508789, 'GeoHash': 'wsqqt328e'}",非古蹟,"{'PictureUrl1': 'https://www.wowlavie.com/files/article/a1/17491/atl_m_200017491_111.jpg', 'PictureDescription1': '捷運中山站街區_心中山線形公園'}",,「心中山」範圍位於捷運中山站至雙連站之間，北至民生西路，南至南京西路。設計範圍包含中山地下書街公共區域及店鋪、中山站至雙連站間的捷運線形公園、捷運行政大樓後方的B1下凹式廣場及中山地下街爵士廣場，形成了一條綠色廊道生活圈，是新時代臺北都市空間的亮點。創意工作室、風格店家中山北路和南京西路一帶創意工作室、設計工作室及風格獨特的店家林立，內斂而多元，非常適合徒步探索。路上還可以看到許多由舊建築改建的設計感理髮店，如果想改變髮型，歡迎來一場大改造！特色小店心中山線形公園旁還有一些特色小店，提供各式可愛且富有臺灣特色的伴手禮，讓人流連忘返。心中山街區是一個融合了現代創意與傳統特色的獨特空間，無論是文化漫遊、藝術之旅還是特色購物，都能帶給人們難得的悠閒和樂趣。,室外
21,臺北市,中山區,敘舊布袋戲園,🌳 都會休閒類,臺北市中山區吉林路144巷8號,,可參考官網公演節目表,886-2-25231118、886-9-53190345,,http://www.see-join.com.tw/html/index.htm,其他,,,,,"{'PositionLon': 121.52979278564453, 'PositionLat': 25.055999755859375, 'GeoHash': 'wsqqt3r3c'}",非古蹟,"{'PictureUrl1': 'https://www.travel.taipei/image/361188', 'PictureDescription1': '敘舊布袋戲園'}",,「敘舊布袋戲園」（1992年創立）是台灣首創布袋戲主題餐館，30年來推出的「台灣布袋戲饗宴」吸引各國觀光團先來首都敘舊，坐在板凳上賞玩台文，邊享用台式風味餐飲，開啓寶島快樂旅程，公部門常安排各國貴賓、政要觀賞，帛琉總統（時任參議員）、諾魯總統伉儷特別看過2次（疫情期間接外交泡泡外賓），2013年美國TLC報導為「全球怪餐廳」。「敘舊布袋戲園」擁有同名傳統偶劇團，運用掌中、金光、電視COSPLAY、原住民等台灣各種人偶（因戲碼而異），具「在地、易懂、歡樂」表演特色，除可用台國語外，罕見可以全程用英語演出，採用活潑互動表演方式，讓國內外人士、各年齡層可以看的懂、把玩、上台演、笑聲不斷，拉近台灣傳藝和各國觀眾的距離。劇團多年來不斷獲各單位邀請到國內外表演，曾到大陸、日本（2014故宮國寶九州特展暨國慶酒會），韓國、新加坡、馬來西亞各數次（2017隨柯市長至吉隆坡宣傳世大運）、澳洲、荷蘭、德國（柏林ITB）國際旅展、2022 ITF「文化部」館展演（推展故事獲2022中華電信「有故事的台灣」比賽「民俗技藝」類冠軍）。(資料來源：敘舊布袋戲園),室外
22,臺北市,中山區,文昌宮,🏯 歷史人文類,臺北市中山區民生西路45巷9號,,5:00-21:00,886-2-25210366,,https://www.wenchang.org.tw/?fbclid=IwAR1TBV4yQZc8s7DNhPa77BV4qG5E_lGkam-xFuJwqLcpjpTwGf4FvWBeg7I,廟宇類,,,,,"{'PositionLon': 121.52101135253906, 'PositionLat': 25.059200286865234, 'GeoHash': 'wsqqt3buk'}",非古蹟,"{'PictureUrl1': 'https://www.travel.taipei/image/91873', 'PictureDescription1': '文昌宮'}",,文昌宮文昌帝君神像，緣於日據時代中國大陸有一商人渡海來台經商，隨身伴駕而至，該商人在客居朝夕禮拜，往後因經商失敗、無心敬神禮佛，乃將神像暫置於一叢林中，一日黃昏，無意中被一婦人發現，不識為何方神祇，回去後邀集多位熱心人士迎回，其中有一老翁，認為係司人間祿籍的文昌帝君，於是在民生西路45巷營建小廟奉祀。往後信徒前來參拜祈求，多有應驗，尤以求取功名者，更能如願。為本區唯一奉祀文昌帝君之重要廟宇，香火鼎盛，每逢考季青年學子前往參拜祈求功名多有應驗。（資料來源文昌宮網站）,室內
23,臺北市,中山區,新生公園_玫瑰園,🌳 都會休閒類,臺北市中山區新生公園,,全天開放,886-2-25850192,,https://www.expopark.taipei/Default.aspx,都會公園類,,都會公園類,,,"{'PositionLon': 121.52909851074219, 'PositionLat': 25.068439483642578, 'GeoHash': 'wsqqt7wf1'}",非古蹟,"{'PictureUrl1': 'https://www.travel.taipei/image/281894', 'PictureDescription1': '新生公園_玫瑰園'}",,新生公園於民國67年開闢完成，地處新生高架橋、民族東路、松江路、濱江街交界，占地近20公頃。園內設有多樣設施，包括新生溫水游泳池、棒球場、籃球場，還有一個結合環保理念的「迷宮花園」，近年更新闢了「地球旅行遊戲場」，提供大人小孩一個玩樂休憩運動的好去處。公園內還有九座大小不同的雕像散佈公園各角落，分別命名為「悠遊歲月」、「祥和遍大地」、「鶴群」、「希望」、「欣欣向榮」、「友愛和平」、「阿爸的話」、「春天的走向」及「團結」，為公園增添豐富的人文氣息。新生公園於2010臺北花卉博覽會中選定為四大展區之一，納入鄰近的林安泰古厝，規畫為「夢區(新生公園)」、「茶區(林安泰古厝)」以及銜接大佳河濱公園區，以各式花卉、樹木、竹節架構而成的「花之隧道-綠築曉徑」。臺北玫瑰園位於花博新生公園內，是臺北市政府工務局公園路燈工程管理處將養生館戶外展區改種植玫瑰，於2021年新增3個園區「五彩玫瑰園」、「育種家花園」和「園藝植物布展區」，2022年新建園區「祕密花園」打造浪漫心型水景區，提供民眾更多拍照打卡的環境。另因鄰近松山機場，不時還能看到飛機從頭頂上低空呼嘯而過，園區美景配上劃空而過的飛機，絕對是獨一無二的畫面。每年3月的臺北玫瑰展更是不容錯過，來自世界各地的玫瑰品種聚集在此，展區內也會有各式造景及裝置藝術，非常適合情侶、夫妻、家庭一同來此賞花，享受被玫瑰包圍的浪漫氣氛。,室外
24,臺北市,中山區,晴光市場,🛍️ 商圈市集類,臺北市中山區中山北路三段15 之19號,,,886-2-25505220,,https://www.tcma.gov.taipei/News_Content.aspx?n=FAC14AD2DE4E01A4&sms=32F7BA052C5CA548&s=FA0ACEB102155AD4,小吃/特產類,,,,,"{'PositionLon': 121.52288055419922, 'PositionLat': 25.064369201660156, 'GeoHash': 'wsqqt6f68'}",非古蹟,"{'PictureUrl1': 'https://www.travel.taipei/content/images/attractions/574130/1024x768_attractions-image-7capk-qifea06rmthguutw.jpg', 'PictureDescription1': '晴光市場'}",,晴光市場有別於其他夜市的獨特魅力，在於幾間歷久不衰的舶來商店與珠寶店，所販賣的外國服飾、精品百貨與珠寶飾品，仍吸引相當多的顧客前來精挑細選 ，除此之外，傳統夜市所要具備的特產小吃，更是令人讚不絕口，其中以晴光油飯、蔡家甜不辣、晴光意麵、晴光紅豆餅最為知名，保證讓您大快朵頤。婚紗街︰位於晴光市場旁的中山北路上，到處林立婚紗禮服裝潢，是條讓人充滿幸福與浪漫的特殊街景，一整排繽紛浪漫的櫥窗展示，美不勝收，是台北著名的婚紗攝影街。雙城街小吃區︰位於晴光公園雙城街十、十三巷口至農安街段，晴光市場旁邊，這裡也是以飲食為特色，每到用餐時間，聚集大量消費客源，美味小吃也不少，可搭配晴光市場一起遊玩喔。(資料來源：臺北市政府資訊局),室外
25,臺北市,中山區,松錦公園,🌳 都會休閒類,臺北市中山區民生東路二段127巷松錦2號公園,,,886-2-25850192,,,都會公園類,,,,,"{'PositionLon': 121.53211212158203, 'PositionLat': 25.059619903564453, 'GeoHash': 'wsqqt9byz'}",非古蹟,"{'PictureUrl1': 'https://www.travel.taipei/image/192862', 'PictureDescription1': '松錦公園'}",,松錦公園分為松錦一號公園與松錦二號公園，同樣位於民生東路二段與吉林路交界，且鄰近捷運行天宮站，坐落於住宅區內，提供當地居民一個散步休憩的場所。公園內的植栽造景維持得乾淨整潔，園區內的涼亭舒適寬廣成為民眾交流談天的社交空間，此外松錦公園鄰近松江市場，可以順道至松江市場買些生鮮、日用品及走走逛逛。,室外
26,臺北市,中山區,林安泰古厝民俗文物館,🎨 藝文展館類,臺北市中山區濱江街5號,,,886-2-25996026,,https://linantai.taipei/,展覽場館類,古蹟類,,,,"{'PositionLon': 121.53034973144531, 'PositionLat': 25.07175064086914, 'GeoHash': 'wsqqtkptw'}",非古蹟,"{'PictureUrl1': 'https://www.travel.taipei/image/388', 'PictureDescription1': '林安泰古厝民俗文物館'}",,林安泰古厝初建於1783年，至今已有200多年的歷史。這棟傳統閩南風格的單層2進4合院，是依照民間地理風水習俗而建造的，其屋脊結構採一條龍的單脊做法，以燕尾曲線呈現自然柔和的風貌；外埕舖有紅普石，是當時大陸商船來臺，為避免船身不穩，置於船底作壓艙之用，又稱為壓艙石，它的優點是不長青苔、防滑。材料上大量採用福州杉，石材則採用觀音石，並使用竹釘、木釘，採榫頭方式接合古厝前的月眉池，造型正如其名，在中國風水中，屬於聚寶收納的型制，不但具有防禦、防火、供水、降溫等功能，更替古厝環境生色不少。走訪古厝內外細細觀察，其中蘊含著無數傳統建築文化的精髓與智慧，也可窺見昔時生活的風貌情境。,室內
27,臺北市,中山區,林森_康樂公園,🌳 都會休閒類,臺北市中山區南京東路一段林森北路康樂公園,,,886-2-25850192,,,都會公園類,自然風景類,,,,"{'PositionLon': 121.52493286132812, 'PositionLat': 25.053089141845703, 'GeoHash': 'wsqqt2gbb'}",非古蹟,"{'PictureUrl1': 'https://www.travel.taipei/image/180593', 'PictureDescription1': '林森_康樂公園'}",,林森、康樂公園位於中山區林森北路、南京東路口，日據時代原為一片老舊平房，一群老兵長年居住於此，市府為改善市容，透過公民參與，成為臺北市首座都會花園，園區花團錦簇，美不勝收，帶給繁忙都市人綠意盎然的全新感官享受，更值得您一遊。位置：林森北路口兩側，康樂公園位於中山北路二段側，林森公園位於新生北路二段側。 (資料來源：臺北市中山區公所),室外
28,臺北市,中山區,榮星花園公園,🌳 都會休閒類,臺北市中山區民權東路三段段榮星花園,,全天開放,886-2-25850192,,https://parks.gov.taipei/parks/m2/pkl_parks_m2C.php?sid=647,都會公園類,,,,,"{'PositionLon': 121.53885650634766, 'PositionLat': 25.063369750976562, 'GeoHash': 'wsqqtdtus'}",非古蹟,"{'PictureUrl1': 'https://www.travel.taipei/image/65916', 'PictureDescription1': '榮星花園公園'}",,榮星花園公園位於中山區，地處市區中心，東臨龍江街、西鄰建國北路、南為民權東路、北為五常街，基地呈長方形，面積總計6.5公頃，57年由民間建設落成民營花園，民國78年8月完成徵收開闢成公園，開放供公眾使用。公園於90~95年分3期更新整建，除保留民眾拍攝婚紗的九重葛花廊、瑠公圳自然濕地生態池、營造水景表演舞臺、西南側晨昏使用的樹蔭廣場，提供不同時段跳舞、打太極拳、東北區陽光草坪、楓香枕木林道、休閒園路、景觀荷花池、木棧道、兒童遊憩區、籃球場、紅磚土跑道、有造型的管理服務中心、三座舒適之公廁、多人使用之涼亭，提供下棋談天等優質的遊憩及活動空間。近年對生態的重視，透過里長與在地居民及專家學者的合作，在生態池復育螢火蟲，並本處持續進行生態調查及規劃環境改善方式。目前已有穩定的螢火蟲族群，成為臺北市區內少見能觀賞到螢火蟲的去處。(資料來源：臺北市政府工務局公園路燈工程管理處),室外
29,臺北市,中山區,樹火紀念紙博物館,🎨 藝文展館類,臺北市中山區長安東路二段70號,,,886-2-25075535,,http://www.suhopaper.org.tw/,展覽場館類,自然風景類,,,,"{'PositionLon': 121.53365325927734, 'PositionLat': 25.048219680786133, 'GeoHash': 'wsqqmxfh7'}",非古蹟,"{'PictureUrl1': 'https://www.travel.taipei/image/89395', 'PictureDescription1': '樹火紀念紙博物館'}",,自從東漢蔡倫使用樹皮、麻頭、破布造紙，隨著技術演變，慢慢改良成各式各樣精緻的紙。長春棉紙廠創辦人陳樹火先生經數10年來的紮根經營，有感於「紙孕育於中國文化卻未能在現代發揚的遺憾」，遂發願創設紙博物館。經5年籌備，樹火紀念紙博物館於1995年10月正式對外開放。1樓分成賣店和手工造紙示範工廠，販售各種當代設計相關商品，並不定期推出主題商品，示範工廠則模擬手工紙製造過程讓參觀民眾了解。2樓目前是展場，接受各界提出展覽申請。3樓是紙的科學實驗區，透過互動及五官感覺讓親子認識紙。4樓是造紙體驗區，每個人都可以親自動手製做一張紙帶回家，這邊也有再生紙及環保教育推廣， 鼓勵珍惜地球資源。,室內
30,臺北市,中山區,歪腰郵筒,🏯 歷史人文類,臺北市中山區龍江路104號,,,886-2-25016754,,,其他,,,,,"{'PositionLon': 121.5403823852539, 'PositionLat': 25.052749633789062, 'GeoHash': 'wsqqt8xnb'}",非古蹟,"{'PictureUrl1': 'https://www.travel.taipei/image/181562', 'PictureDescription1': '歪腰郵筒'}",,2015年蘇迪勒颱風席捲全台，位於中山區龍江路上的紅綠郵筒受到強風及招牌掉落影響，郵筒腰桿朝同側彎曲變形，像極了人「歪腰」的模樣，吸引不少路人與其合影，被趣稱歪腰郵筒，並在網路上流傳爆紅，成了民眾前往拍照的另類的打卡地標。歪腰郵筒除了具有觀光價值及歷史意義外，經中華郵政評估及整修後還是保有原有的投遞郵件功能。,室外
31,臺北市,中山區,濱江果菜市場,🛍️ 商圈市集類,臺北市中山區民族東路336號,,週一:	休息週二:	03:00 – 13:00週三:	03:00 – 13:00週四:	03:00 – 13:00週五:	03:00 – 13:00週六:	03:00 – 13:00週日:	03:00 – 13:00,886-2-25162519,,http://www.tapmc.com.taipei/Pages/Index,小吃/特產類,,,,,"{'PositionLon': 121.53717803955078, 'PositionLat': 25.06740951538086, 'GeoHash': 'wsqqteksj'}",非古蹟,"{'PictureUrl1': 'https://www.travel.taipei/image/282287', 'PictureDescription1': '濱江果菜市場'}",,濱江果菜市場(第二果菜批發市場)於1985年9月成立，並建立了全國最健全、最先進的果菜拍賣制度，提供生產者、供應商、承銷商與消費者最優質專業的服務。有別於傳統市場，濱江果菜市場除了販售許多嚴選食材，如頂級牛肉、健康豬肉、黃金雞鴨，更以上等海鮮著名，許多菜販會來此批貨，蔬菜新鮮度無庸置疑。此外，因為鄰近臺北松山機場，市場5樓停車場也是欣賞飛機起降的好地方，是飛機迷不可錯過的地點之一。,室外
32,臺北市,中山區,王大閎建築劇場,🏯 歷史人文類,臺北市中山區中山北路三段181號B2,,每周二至周日9:30至17:30，民眾可自由免費參觀。,886-2-25957656,,https://www.tfam.museum/Common/editor.aspx?id=235&ddlLang=zh-tw,文化類,,,,,"{'PositionLon': 121.52484893798828, 'PositionLat': 25.072589874267578, 'GeoHash': 'wsqqtk7dq'}",非古蹟,"{'PictureUrl1': 'https://www.travel.taipei/image/112768', 'PictureDescription1': '王大閎建築劇場'}",,王大閎建築劇場曾經位於建國南路巷弄內的王大閎建築師自宅，如今已拆毀。2017年由「王大閎建築研究與保存學會」摹擬重建於臺北市立美術館南側美術公園，並捐贈予臺北市政府進行研究與推廣教育。2018年臺北市立美術館以「王大閎建築劇場」的型態啟動營運，期待能作為觀眾認識王大閎及其自宅的關鍵基地，並成為推動臺灣建築史與引介建築美學的展演實驗平台。由北美館啟動的「王大閎建築劇場」，同時放進了「建築」與「劇場」兩個元素，可以解讀為「建築（本身作為一種上演生活的）劇場」，也可以將「建築」當作動詞，解讀成「建築（一個）劇場」。此處的「劇場」有別於一般有舞台、座位、演員、觀眾等對劇場實體空間的認識，概念上更接近於去建構一個不同於現實世界的空間，讓觀眾走進去親身經歷，並建構其獨特的觀賞經驗。王大閎書軒 DH Café位於「王大閎建築劇場」旁的複合式藝文空間，特選建築藝術讀物、咖啡輕食，並結合微型展覽、主題式沙龍講座，希望再現建築師書房的典雅與專業，宅邸廳堂中人文薈萃、思維流動的豐富景色。文字來源：臺北市立美術館網站 觀看更多名人故居故事	錢穆故居	孫運璿重慶南路寓所	草山行館	林語堂故居	原臺灣軍司令官官邸(孫立人將軍官邸)	摩耶精舍（張大千園邸）,室內
33,臺北市,中山區,玫瑰古蹟_蔡瑞月舞蹈研究社,🏯 歷史人文類,臺北市中山區中山北路二段48巷10號,,10:00~17:00(每週一休館),886-2-25605724、886-2-25237547,,https://www.dance.org.tw/,古蹟類,文化類,,,,"{'PositionLon': 121.52198791503906, 'PositionLat': 25.0557804107666, 'GeoHash': 'wsqqt3387'}",非古蹟,"{'PictureUrl1': 'https://www.travel.taipei/image/374043', 'PictureDescription1': '玫瑰古蹟_蔡瑞月舞蹈研究社'}",,蔡瑞月老師可說是臺灣現代舞蹈的先驅，推廣現代舞蹈不餘遺力。1921年出生於臺南市，在16歲時，就遠赴日本，跟隨著當時有著現代舞蹈之父的石井漠先生學習，打下了舞蹈的基礎，學成歸國後，將自己的全副心力投入舞蹈，將現代舞的觀念帶入臺灣。在這塊土地上，蔡老師留下500多支現代舞的創作，像是「印度之歌」、「咱愛咱臺灣」等，並且結合了多元的舞蹈，包含芭蕾舞、民族舞、臺灣的民俗舞蹈等，融入其中，被稱為臺灣現代舞蹈之母。蔡瑞月舞蹈研究社是具有歷史性的建築，是日據時期的文官宿舍，當時在臺北市區建有各種不同等級的宿舍，大都為木造日式住宅類型。於1920年建造了數十棟雙併式的木造宿舍，位於中山北路上，而蔡瑞月舞蹈研究社就是當時所建，由格局來看，是日本判任官的宿舍，1953年成為臺灣現代舞之母蔡瑞月的家、編舞及創作練舞教室，後來演變成舞蹈的教室。雖然曾經火焚，但是1999年經古蹟學者專家一致認定為此地為臺灣現代舞紮根之地，故共同堅決重建，才免於建商覬覦，而延續了古蹟的生命。,室外
34,臺北市,中山區,福利社 FreeS Art Space,🏯 歷史人文類,臺北市中山區新生北路三段82號,,,886-2-25857600,,,文化類,,,,,"{'PositionLon': 121.52742767333984, 'PositionLat': 25.067209243774414, 'GeoHash': 'wsqqt7me4'}",非古蹟,"{'PictureUrl1': 'https://www.travel.taipei/image/102550', 'PictureDescription1': '福利社 FreeS Art Space'}",,社團法人台灣視覺藝術協會（視盟）與悍圖社（1998）這幾年就如一群騎在馬背上的遊牧民族，沒有根據地、不受拘束，憑藉著對藝術的野心，除了在國內外美術館、畫廊及藝術空間四處征戰，也致力於開發、整合並監督視覺藝術環境現有的資源，而現在正面臨改變的時刻了，是時候讓遊牧民族定居下來了。我們共同做了一項前瞻性的決定─「擁有自己的家」，繼續為藝術環境努力。而「擁有自己的家」只是一個開始，需要大家協助成長，為視覺藝術環境持續努力，在未來寫下更加高遠的歷史新頁。空間由悍圖社與視盟共同命名為「FreeS福利社」。可以多元解讀為「自由共享的靈魂、空間與工作室...等」。悍圖社與視盟將秉持為藝術公民服務與回饋藝術環境的初衷，於展覽空間的使用上，除了悍圖社與視盟自行規劃外，將開放大部分的檔期供藝術家與策展人申請。期望能透過此空間，呈現更多嶄新的藝術與展覽想法，也期望經由展覽空間的介面，能夠促進台灣新一代藝術家對於藝術的深度探討、藝術視野的開啟與創作風氣，從而擴展藝術對話交流。(資料來源:福利社 FreeS Art Space),室內
35,臺北市,中山區,秋刀魚藝術中心,🎨 藝文展館類,臺北市中山區基湖路137號大直金碧大廈1樓,,"週二至週六 13:00~19:00 , 週一休館，週日採預約制",886-2-25323800,,http://www.fishart.com.tw,藝術類,,,,,"{'PositionLon': 121.56414794921875, 'PositionLat': 25.078350067138672, 'GeoHash': 'wsqqwm27c'}",非古蹟,"{'PictureUrl1': 'https://www.travel.taipei/image/103002', 'PictureDescription1': '秋刀魚藝術中心'}",,秋刀魚藝術中心，位於台北大內藝術特區，是大直重劃區裡的第一家畫廊。每年策劃8-10檔優質展覽，並以專業策展型態參與國際重要藝博會，積極將旗下經營和認同的藝術家，推展到國際平台，讓作品有更多交流機會，以完整建造藝術家的歷史。在當代藝術的推廣與實踐上深受肯定，更於2013、2014、2016年榮獲英國線上媒體『Culture Trip』選為台北十大最佳當代畫廊。目前經紀代理多位台灣與中國當代藝術家，作品廣為美術館和藏家收藏。除了參展亞太博覽會外，畫廊於2016年首次進軍倫敦全球藝術博覽會，受到外媒關注，也吸引了倫敦策展人青睞，受邀參加薩奇畫廊舉辦的START藝術博覽會。在時代的洪流中，我們始終堅守誠信與專業，與藏家、藝術家建立真正信任、共生共榮的關係。未來，秋刀魚藝術中心將持續深耕當代藝術，以前瞻眼光培植極具潛質的創作者；以宏觀視野接軌國際市場。(資料來源:秋刀魚藝術中心),室內
36,臺北市,中山區,經國七海文化園區,🎨 藝文展館類,臺北市中山區北安路271號,,,886-2-25326077,,https://ccklibrary.org.tw/,文化類,遊憩類,,,,"{'PositionLon': 121.53690338134766, 'PositionLat': 25.0787296295166, 'GeoHash': 'wsqqttkqp'}",非古蹟,"{'PictureUrl1': 'https://www.travel.taipei/image/361621', 'PictureDescription1': '經國七海文化園區'}",,「經國七海文化園區」總面積3.98公頃，建築基地約兩千坪，園區周邊保留大面積植栽綠地、公共藝術與親水步道，建築設計與自然環境相調和，以符合鑽石級綠建築為目標。園區以七海寓所古蹟及蔣經國總統圖書館為核心，附設遊客中心，結合七海潭與劍潭山的美景，以及環湖步道，構成整體文化園區。我們以緬懷經國先生，活化古蹟，延續歷史生命力為原則來規劃營運此重要故居，希望成為臺北市文化深度旅遊之新景點，以及具有豐富歷史意涵的人文新地標。七海寓所七海寓所為經國先生夫婦的生活空間，内部陳設簡單，體現經國先生樸實無華與親和平易的風範。七海寓所另設有遊客停等區，此空間展示寓所大事記、文物、寓所環景導覽、寓所建築與生態介紹等。陳列廳第一陳列廳以「臺灣現代化的推手」為主題，介紹經國先生生平事蹟及家庭生活，呈現經國先生的人格特質、重要政績與人生歷練。第二陳列廳以「歲月沉思錄」為主題，帶領遊客回到經國先生的年代，透過經國先生的日記、侍從及僚屬眼中的經國先生、經國先生的書畫作品等，讓遊客認識不同面向的經國先生。,室外
37,臺北市,中山區,美堤河濱公園,🌳 都會休閒類,臺北市中山區樂群一路基隆河基16號水門美堤河濱公園,,,886-2-27258149,,https://heo.gov.taipei/News_Content.aspx?n=E65DBD99C91AEAC4&sms=3A0FD6D3764BFBA7&s=DE6220D07C54A5FA,都會公園類,,,,,"{'PositionLon': 121.56086730957031, 'PositionLat': 25.075380325317383, 'GeoHash': 'wsqqwhvft'}",非古蹟,"{'PictureUrl1': 'https://www.travel.taipei/image/180567', 'PictureDescription1': '美堤河濱公園'}",,位於基隆河大直橋至中山高速公路間，面積約42.3公頃。公園是基隆河截彎取直、闢建之後規劃的。公園裡提供完備的運動設施：網球場、羽球場、排球場、籃球場、直排輪練習場…等，提供給附近居民運動休閒的功能。在這裡，白天可以遠眺大直橋及圓山飯店，不時還可以感受飛機的震撼，晚上大直橋及河岸的燈火雅緻迷人，漫步其間頗富情趣，是大直地區欣賞臺北市夜景和夜遊的最好去處。公園還規劃出一片「自然親水灣區」，除可增加物種的多樣性，亦可透過植物的吸附達到淨化水質的功能。提供市民一處可以生態教育，亦可以欣賞自然景觀之桃花源，有別於其他河濱公園的設備。(資料來源：臺北市政府工務局),室外
38,臺北市,中山區,美堤碼頭,🌳 都會休閒類,臺北市中山區美堤碼頭,,全天開放,886-2-27258149,,,遊憩類,,,,,"{'PositionLon': 121.55654907226562, 'PositionLat': 25.07539939880371, 'GeoHash': 'wsqqwhffb'}",非古蹟,"{'PictureUrl1': 'https://www.travel.taipei/image/64581', 'PictureDescription1': '美堤碼頭'}",,位於基隆河16號水門外、美堤疏散門前方的美堤碼頭，是藍色公路水運網絡的港口之一，格局與大佳碼頭相似，目前主要是讓藍色公路航線營業用交通船停靠。美堤碼頭延伸了藍色公路航線至內湖地區，讓基隆河從點而線成為一條與美麗華商圈相結合的水上旅遊帶，附近有故宮、忠烈祠、摩天輪等景點，也有內湖科學園區週邊各大購物中心、量販店等商場等逛街好去處。另外，碼頭所在的美堤河濱公園視野遼闊，除可遠觀北市地標101大樓與松山機場的飛機起降以外，也是市民親近河岸、休閒散步或騎自行車運動的良好去處。,室外
39,臺北市,中山區,美麗華百樂園,🌳 都會休閒類,臺北市中山區敬業三路20號3 樓,,百貨/超市：週一至週日 11:00 ~ 22:00餐廳：週一至週日 11:00 ~ 22:00(依各餐廳公告為準)摩天輪：週一至週日 13:00 ~ 22:00 (售票結束時間21:50),886-2-21753456,,https://www.miramar.com.tw,遊憩類,,,,,"{'PositionLon': 121.55715942382812, 'PositionLat': 25.083309173583984, 'GeoHash': 'wsqqwn70z'}",非古蹟,"{'PictureUrl1': 'https://www.travel.taipei/image/182754', 'PictureDescription1': '美麗華百樂園'}",,位於臺北市在基隆河截彎取直的大彎段新生地上，近臨內湖科技園區、明水路、故宮博物院、基隆河，周圍環境豐富，有好山好水。購物中心分本館與漾館，為一座國際級娛樂休閒購物設施，各樓層規劃特色專櫃、餐廳。全臺首創的百米摩天輪，是情侶約會的好所在，坐上五光十色的摩天輪，有如日本偶像劇的浪漫場景，只有這裡才有。在白天坐上摩天輪也別有情趣，看著松山機場起起落落的飛機，新奇且新鮮。一旁的木馬遊樂設施，是小朋友的最愛，假日常有爸媽帶小孩前來遊玩。大直影城擁有大型銀幕，高度環繞音效，創造身歷其境的臨場感，是特別的視覺享受！,室外
40,臺北市,中山區,臨濟護國禪寺,🏯 歷史人文類,臺北市中山區玉門街9號,,開放參拜時間07:30am～16:00pm寺務處洽詢時間08:30am～11:30am　13:00pm～17:00pm,886-2-25948308,,https://www.linchitemple.com/,廟宇類,,,,,"{'PositionLon': 121.52085876464844, 'PositionLat': 25.072490692138672, 'GeoHash': 'wsqqtk2cc'}",非古蹟,"{'PictureUrl1': 'https://www.travel.taipei/image/175631', 'PictureDescription1': '臨濟護國禪寺'}",,臨濟護國禪寺是於日據時期，臨濟宗鎮南山護國寺之延伸，其山門、大雄寶殿皆為日本江戶時代佛寺之典型建築。臨濟護國禪寺創建於一九００年，於一九一一年落成，為日據初年日本僧人得庵玄秀禪師所建，當時他受第四任臺灣總督兒玉源太郎之邀來臺弘法佈教，臨濟宗為有別於曹洞宗的一支佛教宗派。護國禪寺依山傍水，附近基隆河蜿蜒流過，寺面積頗廣，格局宏整，原來包括山門、法堂、大雄寶殿及附屬方丈堂。至今大雄寶殿仍保存完好，全為木結構之歇山重簷式。山門建築屬於日本江戶時期風格。另外，寺前大砥石及寺後開山始祖墓、石雕佛像等亦具歷史文物價值。因為臨濟護國禪寺具有歷史、文化、藝術等價值，於1998依照文化資產保存法，將其訂定為直轄市定古蹟。(資料來源：臺北市政府文化局),室內
41,臺北市,中山區,臺北典藏植物園_天使館,🌳 都會休閒類,臺北市中山區濱江街16號,,09:00-17:00 每週二至週日，週一休館 (如遇國定假日或特殊假日將順延休館),886-2-23919677,,http://www.future.url.tw,都會公園類,,,,,"{'PositionLon': 121.5316162109375, 'PositionLat': 25.071369171142578, 'GeoHash': 'wsqqts0e7'}",非古蹟,"{'PictureUrl1': 'https://www.travel.taipei/image/183802', 'PictureDescription1': '臺北典藏植物園_天使館'}",,新生園區臺北典藏植物園為國內少見結合了鑽石級綠建築及國內頂尖園藝專家的智慧，以人類、植物與環境為主軸，將臺灣各地的植物依不同的氣候與地域，描繪出臺灣生態環境縮影，打造出全臺僅有一座單位面積展示種類最多的展覽型植物溫室。臺北典藏植物園的展區包含最具在地特色的臺灣原生植物區、擁有熱帶島嶼風情的熱帶/亞熱帶植物區、百花爭妍的蘭花與蕨類展示區、造型奇特多樣的多肉植物區、視覺與嗅覺雙享受的溫帶植物區、及代表堅忍不拔的高山植物區等展示區；此外，在溫帶植物區內還有秋海棠品種展示，由中研院彭鏡毅教授提供其花20多年囊搜全球百餘個品種，特別介紹這個葉形奇特，花紋美麗多彩的秋海棠。全館展出千餘種的植栽，個個爭奇鬥艷，展現出獨特的美麗姿態。(資料來源：臺北典藏植物園),室外
42,臺北市,中山區,臺北市立美術館,🎨 藝文展館類,臺北市中山區中山北路三段181號,,週一 休館週二至週日 9:30-17:30週六 9:30-20:30週六17:00後免票參觀,886-2-25957656,,https://www.tfam.museum/index.aspx?ddlLang=zh-tw,展覽場館類,,,,,"{'PositionLon': 121.52436828613281, 'PositionLat': 25.07196044921875, 'GeoHash': 'wsqqtk5qg'}",非古蹟,"{'PictureUrl1': 'https://www.travel.taipei/image/175616', 'PictureDescription1': '臺北市立美術館'}",,1983年開館，是臺灣首座現代美術館，空間與展品的規劃新潮活潑，結合民眾生活與美術賞析。館內空間包含地下1層及地面3層，地下樓主要提供年輕藝術家及團體展、競賽展，附設圖書及餐飲等服務。1樓除了入口大廳，展覽室6公尺高的大型牆面及3層樓挑高的寬敞空間，主要用於國內外重要大型展覽；2樓常設展區依照美術史架構或主題，展出各項館藏。3樓明亮的採光與雙十字型交錯空間則以主題展覽為主。建築物由高而潘建築師所設計。除了展覽，館方不定期舉辦研討及假日親子活動，製造美術館與民眾互動的機會，更拉近藝術與生活的距離。現更推出週六夜間開館，為營造夜間時段濃厚的藝術氣氛，美術館也特別增加館體及戶外雕塑照明，廣場上的大型青銅雕塑「朱銘－太極拱門」和紅色不鏽鋼「李再鈐－紅不讓」都成為中山北路夜間的美麗視覺焦點。,室內
43,臺北市,中山區,臺北戲棚 TaipeiEYE,🎨 藝文展館類,臺北市中山區中山北路二段113-2號,,,886-2-25682677,,http://www.taipeieye.com/,其他,,,,,"{'PositionLon': 121.5232162475586, 'PositionLat': 25.06072998046875, 'GeoHash': 'wsqqt64t2'}",非古蹟,"{'PictureUrl1': 'https://www.travel.taipei/image/455663', 'PictureDescription1': '臺北戲棚 TaipeiEYE'}",,【臺北戲棚】（TaipeiEYE）─文化觀光傳統表演藝術劇場一個令您大開眼界之文化櫥窗、在臺灣永續經營正規的中華傳統表演藝術。廣納京劇、布袋戲、民俗技藝、原住民歌舞等中華傳統藝術，由台北新劇團等國內優秀表演團隊，輪流擔綱演出。除了劇場表演，還有化妝、服飾、音樂等「台前幕後」環節展示；讓觀眾不僅看show，更體驗傳統文化氛圍。每逢重要節日（元宵、端午、中秋）並特增民俗藝術互動與展示。演出時有中英日韓四國語言字幕翻譯，亦有熟稔各國語言的前台人員貼心服務。多年來，已成為臺灣旅遊熱點，是臺北市文化形象的最佳代言。,室外
44,臺北市,中山區,臺北魚市,🛍️ 商圈市集類,臺北市中山區民族東路410巷2弄20號,,【台北魚市 營業時間】周一上午10：00~下午06：00周二至周日  上午07：00~晚上08：00,886-800-021-521,,https://e-mart.tpfish.com.tw/,小吃/特產類,,,,,"{'PositionLon': 121.53672790527344, 'PositionLat': 25.066669464111328, 'GeoHash': 'wsqqtehrg'}",非古蹟,"{'PictureUrl1': 'https://www.travel.taipei/image/492038', 'PictureDescription1': '臺北魚市'}",,臺北魚市位於臺北濱江果菜市場後方，店內展售多項通過國際認證及國內產銷履歷之水產品，除了有實體門市，也有官方網路購物平台。賣場明亮潔淨，佈滿來自全國各地最新鮮的冷凍魚貨。除配合中央及市政府衛生局不定期抽驗作業外，每月亦針對展售之各項水產品加強提送SGS公證單位檢驗，讓民眾買的安心，吃的放心！每逢週六、日上午時段(上午7點開始至完售)，定期於臺北魚市門市外舉辦「假日魚市」活動，在中庭提供來自萬大批發市場的新鮮現撈魚貨，有深受民眾喜愛的臺灣鯛、虱目魚、午仔、金目鱸，或是蝦子、螃蟹、文蛤等琳瑯滿目。現場也提供殺魚處理及包裝的服務，推薦給偏愛「現流」漁貨的消費者。(資料來源：臺北魚市 官方網站),室外
45,臺北市,中山區,舞蝶共融遊戲場,🌳 都會休閒類,臺北市中山區中山北路三段181號,,,886-2-25850192,,https://play4u.gov.taipei/News_Content.aspx?n=4773608F226124D4&sms=7B56BA5392EB632C&s=D8DDB67A9F2724C3,遊憩類,,,,,"{'PositionLon': 121.52401733398438, 'PositionLat': 25.068710327148438, 'GeoHash': 'wsqqt7e5f'}",非古蹟,"{'PictureUrl1': 'https://www.travel.taipei/image/182290', 'PictureDescription1': '舞蝶共融遊戲場'}",,花博美術園區為臺北市首座「大型共融兒童遊戲場」，以「與蝶共舞」為主題，設計蝴蝶及毛蟲造型為設施亮點，遊戲場內分為7區，含沙坑區、滑梯區、攀爬網區、蟲蟲遊戲牆區、音樂遊戲區、休憩區、鞦韆區及扭扭區等，並且設置全國首座供輪椅使用者使用之鞦韆、會發出美妙音樂的音樂球、歡樂鼓及叮噹管、方便肢障兒童使用的滾輪滑梯及小小公民參與設計的互動機能之遊戲牆等(資料來源：臺北市政府工務局公園路燈工程管理處),室外
46,臺北市,中山區,花博公園,🌳 都會休閒類,臺北市中山區玉門街1號,,全天開放,886-2-21828886,,https://www.expopark.taipei/Default.aspx,都會公園類,,都會公園類,,,"{'PositionLon': 121.52123260498047, 'PositionLat': 25.069860458374023, 'GeoHash': 'wsqqt7c49'}",非古蹟,"{'PictureUrl1': 'https://www.travel.taipei/image/325754', 'PictureDescription1': '花博公園'}",,花博公園為2010臺北國際花卉博覽會會場，目前轉型為都市公園。園區包含圓山園區、美術園區與新生園區，規劃作為一般的公園使用，並利用原花博展覽館，提供各項活動場地使用。博覽會後保留了立體植栽花牆、造型花牆、七道彩虹、特展區、地景花海、精緻花卉及果樹園區等展示區域，也規劃種植多年生觀花觀葉植物、草皮為主，以期保留部分花博意象與豐富度，留予民眾開闊且綠意盎然的視覺空間，同時還可提升休憩環境品質，更因鄰近捷運圓山站享地利之便，適合作為活動展覽用地。,室外
47,臺北市,中山區,花博公園_花之隧道,🌳 都會休閒類,臺北市中山區中山北路三段181號B2,,,886-2-21828886,,,都會公園類,遊憩類,,,,"{'PositionLon': 121.52484893798828, 'PositionLat': 25.072589874267578, 'GeoHash': 'wsqqtk7dq'}",非古蹟,"{'PictureUrl1': 'https://www.travel.taipei/image/181495', 'PictureDescription1': '花博公園_花之隧道'}",,※目前正在整修中。花之隧道位於花博公園內，分為「光影森活」、「綠築小徑」兩個部分，自行車及行人皆可通過，樹狀架構的花之隧道除了獨特的造型外，還有藤蔓植披包裹著四周，陽光灑落穿透花之隧道的景象十分美麗，吸引不少遊客到此拍照，沿著隧道往後走可到達太陽能板發電的太陽橋及迷宮花園等景點。,室外
48,臺北市,中山區,行天宮,🏯 歷史人文類,臺北市中山區民權東路二段109號,,平日參拜時間：凌晨04:00～晚上22:00收驚時間：平時是中午11:20 ～ 晚上20:00祭星日是中午12:20 ～晚上20:00,886-2-25027924,,http://www.ht.org.tw/,廟宇類,,,,,"{'PositionLon': 121.53389739990234, 'PositionLat': 25.063079833984375, 'GeoHash': 'wsqqtdd71'}",非古蹟,"{'PictureUrl1': 'https://www.travel.taipei/image/292765', 'PictureDescription1': '行天宮'}",,行天宮位於中山區民權東路和松江路口，是北臺灣參訪香客最多的廟宇，一天進出人數可達萬人之多。行天宮恭奉南天文衡聖帝關恩主羽為主神、配祀南宮孚佑帝君呂恩主洞賓、九天司命真君張恩主單、先天豁落靈官王恩主善、精忠武穆王岳恩主飛、關聖太子平、周恩師倉，及儒釋道三教聖神仙佛。自落成以來，之所以會成為大臺北地區，甚至是整個北臺灣參訪人數最多的廟宇，除了信仰普遍受到民眾接受外，還有一些特色包括：不設功德箱、不供拜牲禮、不焚化金紙、不收受金牌、不演戲酬神、不設乩扶鸞、不對外募捐及禁止商業行為。廟宇地點位於市中心，且有寬敞的廟埕，並率先成立宗教性的財團法人機構，確立其社會公益的屬性。行天宮除了包含臺北本宮與三峽、北投兩間分宮在內的宗教事業，以及成立於1995年的「財團法人行天宮文教發展促進基金會」之外，還設有兩座附設圖書館(分別位於臺北市中心與北投)以及位於三峽的恩主公醫院，其公益性可見一般，使得宗教不只撫平民眾內心，也實質的助益了民眾的日常生活。,室內
49,臺北市,中山區,袖珍博物館,🎨 藝文展館類,臺北市中山區建國北路一段96號,,週二～週日 10：00～18：00   (售票至17：00止)週一休館大年初一起正常開館 (除夕及小年夜休館)特殊開、休館日以最新公告為準,886-2-25150583,,http://www.mmot.com.tw/,展覽場館類,,,,,"{'PositionLon': 121.53614044189453, 'PositionLat': 25.050350189208984, 'GeoHash': 'wsqqt87bv'}",非古蹟,"{'PictureUrl1': 'https://www.travel.taipei/image/192688', 'PictureDescription1': '袖珍博物館'}",,成立於1997年3月28日的袖珍博物館是亞洲第一座專門收藏當代袖珍藝術品的主題博物館。袖珍博物館尋訪世界各地網羅一流袖珍藝術大師作品，擁有排名世界級的收藏規模，包羅萬象的袖珍精品經過組合佈置後，主題作品目前展出約兩百餘件，主要有呈現整座建築內外佈置的娃娃屋（Dollhouse）、各種房間精緻寫照的夢幻屋盒（Roombox），趣味創意的主題作品等。從兩千年前羅馬遺跡一窺當時羅馬帝國的壯闊景緻到90年代美國百萬公寓裡感受紳士名媛的舒適享受；義大利水都威尼斯的浪漫風情；極盡豪華的英國女王白金漢宮、倫敦東郊的貧民窟；童話世界中的白雪公主，漫步袖珍博物館如同進入異國風情的時光隧道。源自十六世紀德國宮廷貴族的袖珍藝術，已傳遍了歐洲及北美。這些小巧的藝術品大至建築體，小到書桌上的鑰匙，都嚴格遵守一定的縮小比例製作，以實物的12比1為世界主流。最珍貴的是袖珍藝術品取材都仿自真實，除有生命的人及動物外，1公分高的酒瓶裝著真實的白蘭地、郵票大小的油畫是油彩真跡、櫥櫃、座椅、床單、瓷器、玻璃、金屬、壁紙、水晶燈......等等。當然還有兒童的最愛動畫迷你電視，無一不是實物的翻版縮製。想利用週休二日來完成環遊世界的夢想嗎？袖珍博物館絕對能滿足您的夢想。欣賞過袖珍藝術的人，共同的感覺是：『真希望縮小住進裡面！』這就是具體的夢境，美麗、神秘、而又小得令人珍愛與難捨。袖珍博物館開創之初主要鎖定歐美作品，因為東方還找不到博物館水準的同類作品。本館又鎖定現代作品，因為現代作品美輪美奐，各方面交待清楚，遠非古典作品之比，更具可看性與學習價值。袖珍博物館館藏，全為私人收藏，除部分是來自於美加收藏家的割愛，其餘都是商請歐美著名作家為本館而創作的。,室內
50,臺北市,中山區,財團法人劍潭古寺,🏯 歷史人文類,臺北市中山區北安路805巷6號,,,886-2-25323834,,,廟宇類,自然風景類,,,,"{'PositionLon': 121.55535888671875, 'PositionLat': 25.086179733276367, 'GeoHash': 'wsqqwncct'}",非古蹟,"{'PictureUrl1': 'https://www.travel.taipei/image/89371', 'PictureDescription1': '財團法人劍潭古寺'}",,劍潭有一段傳奇，傳說鄭成功有一次領兵經過此潭，潭中時有蛟龍之類的水怪興風作浪，害人無數，鄭成功把腰邊佩掛的寶劍，往潭中蛟怪擲去，從此潭水平靜，而此潭也因鄭成功的擲劍平妖，而名為「劍潭」。推算劍潭古寺的年代，於臺灣府誌說「觀音寺，在八芝蘭劍潭」。按淡水廳誌記載「劍潭寺，乾隆38年，由吳廷誥等人捐建。該寺有碑記，描述僧人榮華和尚，路經此地，遇到一條蛇擋路，以卜筮占吉兇，大吉，便在此建場興寺。之後，又有白衣大士托夢指示，將有八隻舟楫從上海經過基隆，可以籌募基金，果然靈驗，劍潭寺遂成」，所以至今應該有350年以上的歷史，但日據後期被迫遷建至大直現址。入廟前有一牌樓，青綠色的瓦頂下寫著「劍潭古寺」四字，裡面的小巷道，就是劍潭古寺的原址，在這一片林園當中，園內保留著劍潭古寺舊有的廟柱及石碑，柱上殘留的許多痕跡，都是一段一段的歷史，有著濃厚的歷史感。,室內
51,臺北市,中山區,迎風河濱公園,🌳 都會休閒類,臺北市中山區3GFW+J2,,全天開放,886-2-27258149,,https://heo.gov.taipei/News_Content.aspx?n=E65DBD99C91AEAC4&sms=3A0FD6D3764BFBA7&s=2A2A587DBB172175,都會公園類,,都會公園類,,,"{'PositionLon': 121.54573822021484, 'PositionLat': 25.074350357055664, 'GeoHash': 'wsqqtudus'}",非古蹟,"{'PictureUrl1': 'https://www.travel.taipei/image/65131', 'PictureDescription1': '迎風河濱公園'}",,"位於基隆河大直橋至中山高速公路間，面積約273,387平方公尺。 園區最大的特色就是設有專為狗兒們所設置的「迎風狗運動公園」，佔地約1公頃，以體重9公斤作為分野，分為大狗區和小狗區，並設置不鏽鋼圍欄、雙層門作為人犬防護措施，還有狗便清潔便利設施，以及8座休憩座椅和4座洗手足台，方便在一番玩鬧之後，讓主人洗手和狗狗洗腳之用。河岸的親水草坪，是闔家歡聚、嬉戲、休憩的好地方，運動場是迎風河濱公園另一特色，有多項設施可供民眾一展身手，鍛鍊強健體魄，包括有羽球、棒壘球、足球、直排輪練習場等運動設施，另外，還有一座超迷你高爾夫球練習場喔！",室外
52,臺北市,中山區,遼寧公園,🌳 都會休閒類,臺北市中山區遼寧街177號 Taipei號遼寧公園104-81,,全天開放,886-2-25850192,,https://parks.taipei/parks/m2/pkl_parks_m2C.php?sid=464,都會公園類,,,,,"{'PositionLon': 121.542236328125, 'PositionLat': 25.053659439086914, 'GeoHash': 'wsqqtbbk5'}",非古蹟,"{'PictureUrl1': 'https://www.travel.taipei/image/89274', 'PictureDescription1': '遼寧公園'}",,遼寧公園四周為筆直高大的蒲葵，為公園增添些許南洋的風情；其內以花台來做地形變化，柔緩的小丘斜坡增添空間垂直韻律感。公園內設置兒童遊戲區，設有遊具、搖搖樂，提供幼童遊戲、四肢活動之遊戲場。園內主要植栽以歷史悠久生長茂密的榕樹為主，提供遮蔭之功能；另外觀葉之紫薇也圍繞園區，葉色之變化與樹皮之光澤，為公園的綠意中增添變化。生長在遼寧公園的受保護老樹目前預估樹齡約為30多歲，正值壯年的受保護老樹，具有地區人文及歷史代表性，位於公園出入口附近猶如公園裡的老招牌。公園內也有種類豐富的種植，例如榕樹、蒲葵、竹柏、樟樹、九芎、小葉南洋杉、變葉木、杜鵑、馬纓丹、黃金露華等植栽。公園設施一覽園景設施：花廊。休憩設施：園椅。遊樂設施：組合遊具、搖搖樂。運動設施：上肢牽引器。(資料來源：臺北市政府民政局),室外
53,臺北市,中山區,遼寧街夜市,🛍️ 商圈市集類,臺北市中山區遼寧街48號之 1 號,,,886-2-25505220,,https://www.tcma.gov.taipei/News_Content.aspx?n=FAC14AD2DE4E01A4&sms=32F7BA052C5CA548&s=378B3348E6FD63C5,小吃/特產類,,,,,"{'PositionLon': 121.54216003417969, 'PositionLat': 25.049100875854492, 'GeoHash': 'wsqqtb039'}",非古蹟,"{'PictureUrl1': 'https://www.travel.taipei/image/89564', 'PictureDescription1': '遼寧街夜市'}",,早期因福聚宮的廟會活動帶來相當多的人潮， 進而吸引許多攤販聚集，漸漸形成夜市，而現在遼寧街夜市是一個以餐飲為主的小型夜市，大部分都是三、四十年以上的老字號小吃，有燙魷魚、海鮮熱炒、鵝肉、麻油腰子、擔仔麵、蚵仔煎、紅心粉圓、麻糬等，不僅是復興北路與南京東路周邊上班族一個熱門的聚餐場所，也是許多饕客與觀光客可以大快朵頤的好地方！遼寧海鮮熱炒遼寧街夜市擁有許多老字號的知名店家，短短一條街上，聚集了相當多的小吃店家，除了小吃外，遼寧街夜市的海鮮熱炒店也極具特色，產地運來的活海鮮一字排開，由顧客選擇烹調方式、分量，更不乏臺式、泰式等各國風味的熱炒料理，成為了許多上班族下班後相約小酌一杯的好去處，讓工作了一整天的壓力與煩悶就在談笑聲中散去。,室外
54,臺北市,中山區,雙城街夜市,🛍️ 商圈市集類,臺北市中山區雙城街10巷1號,,日攤：08:00~16:00；夜攤：17:00~24:00,886-2-25505220,,https://www.tcma.gov.taipei/News_Content.aspx?n=FAC14AD2DE4E01A4&sms=32F7BA052C5CA548&s=379543A1C1FBF20B,小吃/特產類,,,,,"{'PositionLon': 121.52436065673828, 'PositionLat': 25.064220428466797, 'GeoHash': 'wsqqt6g3d'}",非古蹟,"{'PictureUrl1': 'https://www.travel.taipei/image/89177', 'PictureDescription1': '雙城街夜市'}",,雙城街夜市幾乎都是老字號的攤位，賣了30多年的小吃比比皆是，因為實在太美味了，一傳十十傳百，即使刮風下雨，許多舊雨新知都會自動來報到。夜市的規模雖然不大，整齊劃一的橘紅色招牌，井然有序，成為臺北市第一個區域性示範夜市，加上這附近也有蠻多pub，所以有些國際友人也會來這裡，這些攤位的生意好的不得了，不去不知道，無論如何非得來嚐鮮不可。好吃的嘉義雞肉飯，美味可口又下飯；道地的水煮鵝肉，香噴噴的鵝肉高湯，滿足挑剔的嘴；魯肉飯也是知名，黃記魯肉飯，與嘉義雞肉飯同樣獲得臺北市的魯肉飯競賽佳作，好吃自然不在話下，以蹄膀，豬腳一起滷的魯肉，更濃醇卻不油膩。最後別放忘了這裡的甜品，阿嬤的古早味米苔目、愛玉冰，懷念的臺灣小吃，超乎想像的好吃！,室外
55,臺北市,中山區,非畫廊Beyond Gallery,🎨 藝文展館類,臺北市中山區長安東路一段9號10樓,,週一~週六11：00~18：00,886-2-25620709,,https://www.loranger.com.tw/beyond-gallery/,藝術類,,,,,"{'PositionLon': 121.52243041992188, 'PositionLat': 25.0498104095459, 'GeoHash': 'wsqqt21vt'}",非古蹟,"{'PictureUrl1': 'https://www.travel.taipei/image/174540', 'PictureDescription1': '非畫廊Beyond Gallery'}",,2008年1月成立的「非畫廊」（Beyond Gallery），以「不只是畫廊」、「超越自己」鼓舞工作夥伴，並期許「非畫廊」有不同於一般畫廊的夢想，以推動台灣的當代藝術為己任，並引進重要的國際當代藝術家的作品，達到開發視野、展望未來的美學高度。將本土優秀的藝術家及展覽推廣到國際舞台，促進台灣藝文與國際的交流。 與全球的美術館、策展人、藝術家、收藏家建立關係，帶動台灣藝術產業形成的可能性。有系統研究國內、外藝術品典藏，提供具深度與專業的藝術經紀和蒐藏顧問。,室內
56,臺北市,中正區,《台灣新生報》舊址,🏯 歷史人文類,臺北市中正區延平南路112 之19號,,開放空間,886-2-87723058,,,古蹟類,自然風景類,,,,"{'PositionLon': 121.50933837890625, 'PositionLat': 25.042509078979492, 'GeoHash': 'wsqqmnb7h'}",非古蹟,"{'PictureUrl1': 'https://www.travel.taipei/image/362265', 'PictureDescription1': '《台灣新生報》舊址'}",,原為《台灣日日新報》報社，是由《台灣新報》和《台灣日報》兩家日系報紙合併而來，是當時的第一大報且發行時間最長的報紙。1945年10月26日李萬居代表行政長官公署接收《台灣新報》，改名為《台灣新生報》，是當時唯一官報。1947年二二八事件發生時，報社總經理阮朝日和日文版總編輯吳金鍊，被台灣省行政長官公署派人強行押走，迄今生死不明。,室外
57,臺北市,中正區,三創生活,🛍️ 商圈市集類,臺北市中正區市民大道三段2號樓 R213,,週日至週四 11:00-21:30／週五至週六及國定假日前夕 11:00-22:00,886-809-093300,,https://www.syntrend.com.tw/,購物娛樂類,,,,,"{'PositionLon': 121.53111267089844, 'PositionLat': 25.04534912109375, 'GeoHash': 'wsqqmx278'}",非古蹟,"{'PictureUrl1': 'https://www.travel.taipei/image/65876', 'PictureDescription1': '三創生活'}",,"「三創生活」坐落於市民大道三段與金山北路交界，佔地2,687坪，建築外觀呈現前瞻氣勢，立面設計詮釋產業特性，結合鄰近綠帶的視野，實踐自然與科技共生的設計理念。空間規劃導入科技生活、潮流影音、子親娛樂、動漫文化、探索體驗、創作育成及藝術展演等多元概念，結合園區內隨處可見的數位視屏，讓影像的多元樣貌，觸動對生活的無限想像。園區以人為核心，打造實踐未來的生活平台。期待能藉由互動、分享、探索、學習與創作，帶領大眾重新建構科技、文化與生活的連結。園區共12層樓，緊鄰光華數位新天地，提供選購3C產品的更多選擇。",室內
58,臺北市,中正區,下北沢世代,🌳 都會休閒類,臺北市  中正區和平西路二段141號2樓之1,,周六～日：13:00~19:00，週一～五公休,886-2-23145650,捷運「龍山寺」站3號出口直行約10分鐘，或可搭北市公車1、007、和平幹線及藍28至「和平中華路口」站下車；或12、202、205、212、223、246、250、253、260、307、604、670、671及673至「大埔街」站下車。,,其他,,,,,"{'PositionLon': 121.52241516113281, 'PositionLat': 25.047977447509766, 'GeoHash': 'wsqqmrcgj'}",,{'PictureUrl1': 'https://cloud.culture.tw/e_upload_ccacloud/festival/image/A0/B0/C0/D0/E0/F27/ffd53fcd-b4eb-4d60-afae-da040f4b0185.jpg'},,除了是專營古本、二手雜誌、絕版逸品、文房雜貨等各類商品的書店外，更是結合企画、選書、編集、設計的出版工作室。透過流通販售日本、歐美、香港的美術攝影、獨立刊物等主題商品，並策劃多檔以雜誌與zine為主題的平面活動。目前台中也有分店。,室外
59,臺北市,中正區,中央藝文公園_華山大草原遊戲場,⛰️ 自然生態類,臺北市中正區北平東路中央藝文公園,,開放空間,886-2-23032451,,https://play4u.gov.taipei/News_Content.aspx?n=4773608F226124D4&sms=7B56BA5392EB632C&s=6A692C83A2717DA3,文化類,都會公園類,自然風景類,,,"{'PositionLon': 121.5268325805664, 'PositionLat': 25.046119689941406, 'GeoHash': 'wsqqmrt0h'}",非古蹟,"{'PictureUrl1': 'https://www.travel.taipei/image/182869', 'PictureDescription1': '中央藝文公園_華山大草原遊戲場'}",,華山大草原遊戲場從入口處的火車造型牆作為開端，遊戲場以鐵軌和火車隧道等意象串連而成。其中，火車隧道的2個牆面，一面為舉辦工作坊時孩童留下的夢想泡泡，一面為華山車站歷史的展現。遊戲場中最具代表性的是結合山坡地景綠樹中的「煙囪遊戲塔」，其煙囪外型與華山酒廠大煙囪呼應，利用高低層次的遊戲塔，創造不同的遊戲高度體驗，場內更設有「水沙世界」、「極限滑索」、「飛天鞦韆」、「大坡面溜滑梯」等設施環繞，提供多樣的機能與挑戰。延伸至遊戲場的大草坪，讓孩童能發揮自我的想像空間，進行更多元的遊戲行為。,室外
60,臺北市,中正區,中華民國總統府,🏯 歷史人文類,臺北市中正區重慶南路一段122號,,,886-2-23113731,,https://www.president.gov.tw/,古蹟類,,,,,"{'PositionLon': 121.51194763183594, 'PositionLat': 25.040090560913086, 'GeoHash': 'wsqqmn6m1'}",非古蹟,"{'PictureUrl1': 'https://www.travel.taipei/image/215849', 'PictureDescription1': '中華民國總統府'}",,※為辦理本府開放參觀展場更新工程，自113年5月20日起，暫停平日及假日開放參觀活動，重新開放日期將另行公告。日本人統治臺灣，並不是一個單純的領土擴張，而是整個東亞殖民地計畫的第一步，所以處處都要是最好的模範，將來才好展示給其它「歸順」的新殖民地。在這個殖民地的目標下，他們學習的對象是西方，在臺灣蓋了很多歐洲巴洛克風格的建築，這些建築技術在今天看來都是很傑出的。總統府是日本時期的總督府，於1919年完工，當時總督在辦公室面向東方，可以眺望到四獸山以內的整個臺北市，每天看著旭日東昇，擘劃著永續的宏圖偉業。從第7任總督開始，總共有13位總督在此辦公，光復後陳誠的東南軍政長官公署和中華民國行政院、中華民國總統府共用此建築，而後的歷任總統，均以此為總統府，在此日理萬機。,室外
61,臺北市,中正區,二二八和平公園,🌳 都會休閒類,臺北市中正區凱達格蘭大道3號二二八和平公園,,,886-2-23897228,,https://228memorialmuseum.gov.taipei/Default.aspx,都會公園類,,遊憩類,,,"{'PositionLon': 121.5151596069336, 'PositionLat': 25.04132080078125, 'GeoHash': 'wsqqmnssk'}",非古蹟,"{'PictureUrl1': 'https://www.travel.taipei/image/63649', 'PictureDescription1': '二二八和平公園'}",,二二八和平公園位於臺北市公園路、襄陽路、懷寧街與凱達格蘭大道所圍成的街廓內，古典風格的都會公園，園內有日本庭園式造景池塘、拱橋、綠地步道及露天音樂臺，而台北二二八紀念館和紀念碑也設立在園區內。1995年，李前總統代表政府，在二二八紀念碑前向受難家屬致歉，同年內，前臺北市長陳水扁也將「臺北新公園」改名為「二二八和平公園」希望藉此安慰受難者家屬心中的哀痛，更希望後代子孫能記取歷史教訓，共同為臺灣的前途和人民奮鬥。1997年，二二八事件50周年時，「二二八事件紀念碑碑文」完成銘刻揭幕儀式。同時也設置「台北二二八紀念館」藉由紀念館展覽，將事件始末以及受難史實公諸於世。唯有認清歷史和發現事實，為自己和後代追求幸福，才能獲得真正的平靜。,室外
62,臺北市,中正區,二二八國家紀念館,🏯 歷史人文類,臺北市中正區南海路54號,,星期日: 10:00 – 17:00星期一: 休息星期二: 10:00 – 17:00星期三: 10:00 – 17:00星期四: 10:00 – 17:00星期五: 10:00 – 17:00星期六: 10:00 – 17:00,886-2-23326228,,https://www.228.org.tw/,展覽場館類,,,,,"{'PositionLon': 121.5138931274414, 'PositionLat': 25.03165054321289, 'GeoHash': 'wsqqmhgey'}",非古蹟,"{'PictureUrl1': 'https://www.travel.taipei/image/129365', 'PictureDescription1': '二二八國家紀念館'}",,位於臺北市南海路、泉州街交會路口，為原「臺灣教育會館」，建物建於1931年，當時作為展示臺灣教育成果及臺灣美術展覽會等美術展覽之用，並定時供集會使用。建築物由總督府營繕課長井手薰主持設計，所以風格上與公會堂相近，採現代建築之折衷樣式，外表貼褐色面磚，女兒牆並有洗石子之幾何紋樣裝飾。1945年戰後曾短期作為省參議會之集會場所，1959年後由美國在臺新聞處租用，1979年臺美斷交後改名為「美國文化中心」，續用至2001年。爾後進行為期五年的古蹟修復工程，2007年2月28日正式掛牌為「二二八國家紀念館」，2011年2月28日正式開館營運。此建築1993年被認定為臺北市市定古蹟，在臺北市的近代歷史建築中，具有1930年代風格的時代意義，並承載了臺灣近代史的進程。館內有二二八事件常態展區、特展區、藝文空間及多功能展演廳，除歷史教育相關展示外，亦辦理民主人權相關活動，藉以介紹二二八事件與近代民主進程，並提供人權教育的學習管道。,室內
63,臺北市,中正區,公館商圈,🛍️ 商圈市集類,臺北市中正區羅斯福路四段90巷4號,,,886-2-28736580,,https://www.tcooc.gov.taipei/cp.aspx?n=d6636c188a8adc8e&s=92361765CFA505C3,小吃/特產類,,,,,"{'PositionLon': 121.5347900390625, 'PositionLat': 25.013790130615234, 'GeoHash': 'wsqqm9dgv'}",非古蹟,"{'PictureUrl1': 'https://www.travel.taipei/image/180796', 'PictureDescription1': '公館商圈'}",,公館商圈鄰近臺灣大學、臺灣科技大學、師範大學公館校區，提供市民及學生食衣住行育樂機能性完善的購物商圈，除了擁有符合外國遊客和交換生口味的各式異國料理餐廳，也有美食咖啡廳及著名的手搖飲料店；日常服飾及體育用品商家眾多，買衣買鞋都非常方便；同時公館商圈位於臺北市南區的重要交通樞紐地帶，大眾運輸發達又便利。因學區而匯聚各式獨立書店、咖啡廳、二手小店...等的公館商圈溫羅汀(溫州街、羅斯福路、汀州路)，是華文世界書店密度最高的區域，使得公館商圈增添了不少人文特色及文青氣息。粗略統計，方圓小於一公里的公館域內密布至少約四十家以上的特色書店、二十家以上的人文咖啡店與數家彰顯搖滾精神之地下音樂場所，更遑論首屈一指的NGO集中特色，在學院主義與象牙塔教條外，以文化精神驅動出意識竄流、拼貼切分的地下社會。此外公館商圈周圍景點眾多，包含自來水園區、寶藏巖國際藝術村、自來水博物館、水源劇場、公館夜市，計畫到景點遊玩的遊客，也可以到公館商圈逛街吃美食，安排一日遊或半日遊都非常適合。(部分資料來源：臺北市政府文化局),室內
64,臺北市,中正區,公館水岸廣場,🌳 都會休閒類,臺北市中正區思源街1號,,,886-2-83695104,,https://waterpark.water.gov.taipei/cp.aspx?n=458F994D4BBBC779,遊憩類,,,,,"{'PositionLon': 121.52839660644531, 'PositionLat': 25.011249542236328, 'GeoHash': 'wsqqm3nm0'}",非古蹟,"{'PictureUrl1': 'https://www.travel.taipei/image/180846', 'PictureDescription1': '公館水岸廣場'}",,公館水岸廣場為臺北市鄰近新店溪的一個休閒場域，也是臺北市百年前水源發源地及唯一一段沒有堤防的景觀空間，平日提供民眾休憩及欣賞河濱景緻，為市區少數24小時充分運用的休閒場域：上午有晨運、打拳、跑步、騎自行車的民眾來此使用，並有腳踏車租借站，讓遊客到河濱車道享受騎乘單車悠遊河岸的樂趣，晚上有異國美食攤區及風格酒吧，每週五晚上還有免費的現場樂團演出，搭配著河岸的美食，是在臺北市內難得的戶外露天酒吧區。在廣場南側，並有由市定古蹟「渾水抽水站」改造而成的 PIPE Live Music，歷經十年的規劃營運，現在已是全世界少數由抽水站古蹟再利用為音樂展演空間的成功案例，每年舉辦  300 場以上音樂表演活動，是許多臺灣知名樂團的第一個舞台，也是許多年輕人學習燈光音響等硬體技術的啟蒙之所。廣場於假日定期舉辦市集，主打青年文創及手作商品，搭配現場DJ演出，歡迎您一起來享受市集的熱情及音樂的饗宴。(資料來源:臺北自來水園區),室外
65,臺北市,中正區,北門_承恩門,🏯 歷史人文類,臺北市中正區忠孝西路一段北門廣場,,,886-2-27208889,,,其他,,,,,"{'PositionLon': 121.51123046875, 'PositionLat': 25.0477294921875, 'GeoHash': 'wsqqmpcc8'}",非古蹟,"{'PictureUrl1': 'https://www.travel.taipei/image/64142', 'PictureDescription1': '北門_承恩門'}",,臺北古城有一共有5個城門：東門（景福門）、西門（寶成門）、南門（麗正門）、小南門（重熙門）、北門（承恩門），是清光緒年代，劉銘傳時期所建造，鼓勵商人在臺北城內，投資興建房舍，形成街道，活絡發展。北門又稱承恩門，面向北方有「承接天恩」之意，是台北僅存的閩南式建築原貌城門，它的區位重要性，在現代是老台北城區「西區」的樞紐地標，在清領時期而言，更是「城內」通往「大稻埕」的核心門戶。是以，西區門戶計畫以北門為核心並聯結周邊日治「鐵道部」、「台北郵局」、「大阪商社」、「三井倉庫」以及清領時期「撫臺街洋樓」、「機器局」......古蹟群，形成「面狀」的歷史景點脈絡，並營造臺北車站前行旅廣場為國家門戶意象，串連臺北車站至北門間軸帶。近年建設規劃中原要被拆除的北門，隨著保存文化遺產的觀念興起，於是原樣留下了北門古蹟，北門成為5門當中，唯一以清領時期風貌保留的古城門，是臺北最珍貴的國定古蹟之一，也由於早期具有的防禦功能，成為國防的歷史見證。,室外
78,臺北市,中正區,南機場夜市,🛍️ 商圈市集類,臺北市中正區中華路二段307巷20-3號,,05:00-24:00,886-2-25505220,,https://www.tcma.gov.taipei/News_Content.aspx?n=FAC14AD2DE4E01A4&sms=32F7BA052C5CA548&s=8B537F8C6C708E0E,小吃/特產類,,,,,"{'PositionLon': 121.50591278076172, 'PositionLat': 25.029159545898438, 'GeoHash': 'wsqqkumvk'}",非古蹟,"{'PictureUrl1': 'https://www.travel.taipei/content/images/attractions/293167/1024x768_attractions-image-rkaephvbmuyarwucnw7cla.jpg', 'PictureDescription1': '南機場夜市'}",,「南機場」這個名稱是由日治時代所遺留下來的老地名，當初日軍在此地設有軍用機場，後來時間變遷則改建成眷村及國宅，而後由於來往此地的人口眾多，漸漸發展成現在我們所熟悉的「南機場夜市」。夜市內有多道米其林推薦小吃，像是山內雞肉飯、燒餅、臭豆腐、麻油雞...等，另外還有具有中英日文菜單的筒仔米糕、現包現煎的生煎包、外酥內嫩的蚵嗲、豆花冰品等......絕對不能錯過的夜市美食！！。,室外
67,臺北市,中正區,南門_麗正門,🌳 都會休閒類,臺北市中正區公園路100號,,,886-2-27208889,,,其他,,,,,"{'PositionLon': 121.5149917602539, 'PositionLat': 25.0351505279541, 'GeoHash': 'wsqqmjs82'}",非古蹟,"{'PictureUrl1': 'https://www.travel.taipei/image/64171', 'PictureDescription1': '南門_麗正門'}",,南門又稱麗正門，於西元1884年（清光緒10年）完工，是當時臺北府城的主門，因此形制與尺寸是幾個城門中最宏偉的，所用石材來自大直一帶，構工精細、歷久彌新。石額四周採用螭龍圖案，與其它城門均不同。日據初期，日本人搗毀了臺北城的城垣、城廓及西門。南門雖幸運被保存，但卻也因年久失修而日漸殘破。國民政府來臺後，政府整修舊城門，南門遂被重修成中國北方宮殿式的城樓建築，大失原貌，但石砌的城座、圓拱門洞則幸運的保持原樣。南門位在公園路、南昌街、愛國西路的交叉口，旁邊就是一級古蹟的菸酒公賣局大樓，和高牆深鎖的總統官邸，便衣和警察三步一崗五步一哨，讓行人不由得只想快步經過，至為可惜。下次經過這兒，不妨停下腳步，好好端詳這座曾經擔負守護重任的臺北大門。,室外
68,臺北市,中正區,南門町三二三,🌳 都會休閒類,臺北市中正區南海路53之2號,,,886-2-23039978,,https://tpbg.tfri.gov.tw/NMT323.php,其他,,遊憩類,,,"{'PositionLon': 121.51110076904297, 'PositionLat': 25.032520294189453, 'GeoHash': 'wsqqmj18v'}",非古蹟,"{'PictureUrl1': 'https://www.travel.taipei/image/65851', 'PictureDescription1': '南門町三二三'}",,在台北植物園荷花池畔，日治昭和初期（1930年代）興建，當時原為茶屋，原址「台北州台北市南門町六丁目三二三番地」，後來就以「南門町三二三」命名。由於年久失修逐漸荒廢，近年由知名建築師郭中端和和堀込憲二教授協助下，修復其舊有日式建築樣貌，並請日本由本長野縣的庭園家小口基實先生設計日式枯山水庭園。,室外
69,臺北市,中正區,博愛路_漢口街_相機街,🛍️ 商圈市集類,臺北市中正區博愛路29號三樓號,,開放空間(各店家營業時間不同),886-2-23114022,,https://camstreet.com.tw/,其他,,,,,"{'PositionLon': 121.51139068603516, 'PositionLat': 25.045330047607422, 'GeoHash': 'wsqqmp3gs'}",非古蹟,"{'PictureUrl1': 'https://www.travel.taipei/image/89247', 'PictureDescription1': '博愛路_漢口街_相機街'}",,博愛路、漢口街一帶的相機街，俗稱「博漢區」，有全臺灣最密集的照相器材行。這條相機街見證了臺灣攝影器材的發展，從清末日據初期，攝影技術引進臺灣後，相機一直是昂貴的東西，一般人很少買得起，一臺相機，是要用一棟房子、一千多臺斤的大白米，才能換得的奢侈品。由於當時「臺北城內」有不少的政府機關和媒體報社，加上靠近交通便利的臺北火車站，照相器材行因這些客戶而漸漸興盛。從1958年專賣德國Rollei的大型底片相機「羅來」，在臺北郵局對面開設之後，漢口街的興福與宇宙、博愛路的榮美與永勝等攝影器材店也一一開張，一直到近年有近50幾家的相機店紮根於此，各種品牌、各種周邊都一應俱全。隨著時代的轉變，相機不再是昂貴，而是人手一臺數位相機。要找好的相機，一定要來到這裡，老店對專業的堅持，自然有識貨的顧客支持。,室外
70,臺北市,中正區,古亭河濱公園,🌳 都會休閒類,臺北市中正區水源快速道路,,,886-2-27258149,,https://heo.gov.taipei/News_Content.aspx?n=E65DBD99C91AEAC4&sms=3A0FD6D3764BFBA7&s=32A53CBA0EEBE107,都會公園類,,體育健身類,,,"{'PositionLon': 121.5225601196289, 'PositionLat': 25.02014923095703, 'GeoHash': 'wsqqm6f0b'}",非古蹟,"{'PictureUrl1': 'https://www.travel.taipei/image/325903', 'PictureDescription1': '古亭河濱公園'}",,古亭河濱公園位於永福橋至中正橋間，公園面積約27.3公頃，綠地廣闊。單車從思源街沿著自來水博物館方向騎到底就可進入園區內，斜坡道種植灌木排列出「古亭河濱公園」字樣別具巧思。夏日午后，避開烈日，來這裡吹吹風，公園內有網球場、籃球場、溜冰場等一應俱全的運動設施供大家使用。喜愛來此地打球的球友都知道，這裡有兩座網球場比鄰而建，共享綠蔭，運動時不必在烈日下曝曬，最適合用來比賽。永福橋下有攀岩練習場和兒童遊樂設施，滑梯下鋪著厚厚的保護軟墊，可見市府的貼心設計。攀岩壁面高約三米，適合孩子們來此攀爬，訓練體力。夏日帶著孩子到這裡避暑、遊戲是很不錯的選擇。公園的自行車道燈光、規劃都相當完善，尤其是夏日夜晚，更是許多人選擇夜騎的好地點。於冬春之際，古亭河濱公園種植著大面積的絕美花海，彷彿像一張夢幻的花毯降臨至公園內，更設置許多以「愛」為主題的裝置藝術供遊客們拍攝美照。111年古亭河濱公園內新增了「古亭狗活動區」，佔地面積703平方公尺，園區設施包含安全圍籬與出入口雙道門加強安全防護，還有多種基本設施，非常適合大家帶著自己的毛小孩一同來放風玩樂。,室外
71,臺北市,中正區,嘉禾新村,🏯 歷史人文類,臺北市中正區永春街131巷1號,,,886-2-23652530,,https://homevillage.taipei/,文化類,,,,,"{'PositionLon': 121.52718353271484, 'PositionLat': 25.015750885009766, 'GeoHash': 'wsqqm3vrk'}",非古蹟,"{'PictureUrl1': 'https://www.travel.taipei/image/374131', 'PictureDescription1': '嘉禾新村'}",,凝聚不同時代建築特色的聯勤眷村－嘉禾新村嘉禾新村的前身是聯勤通信修理廠，1956年後原廠房改為眷舍，正式改制為眷村。隨著時代變遷，空間功能不斷轉換，曾是休閒、軍事設施，轉作住家居所，如今成為傳續眷村精神的文化場域。,室外
72,臺北市,中正區,國史館,🏯 歷史人文類,臺北市中正區長沙街一段2號,,（一）週一至週六每日上午9:30起至下午17:00止；惟105年1月16日（週六）選舉投票日、4月2日(週六)逢清明連續假期、6月11日(週六)逢端午連續假期及9月17日（週六）逢中秋連續假期休館。 （二）特別開放105年5月8日（週日）、6月5日(週日)、9月18日(週日)，餘週日及全國放假之民俗節日休館。 （三）農曆春節2月6日（週六）至2月14日（週日）休館。,886-2-23161000,,https://www.drnh.gov.tw/,文化類,,,,,"{'PositionLon': 121.51081085205078, 'PositionLat': 25.039989471435547, 'GeoHash': 'wsqqmn3kx'}",非古蹟,"{'PictureUrl1': 'https://www.travel.taipei/image/65441', 'PictureDescription1': '國史館'}",,國史館位於總統府後方長沙街上，建築為融合西洋古典與現代風格的市定古蹟，早期為日治時期臺灣總督府交通局遞信部。國史館除定時導覽及團體預約導覽外，同時配合舉辦相關推廣教育事項，包括系列演講、文物專題演講等；另提供館藏數位化檔案，以供各界檢索應用。,室內
73,臺北市,中正區,國家兩廳院,🎨 藝文展館類,臺北市中正區中山南路21-1號,,國家戲劇院及國家音樂廳開放時間11:30-21:00(農曆春節及保養日期間暫停開放)。,886-2-33939888,,http://npac-ntch.org/zh/,其他,,,,,"{'PositionLon': 121.51924896240234, 'PositionLat': 25.03704071044922, 'GeoHash': 'wsqqmjze7'}",非古蹟,"{'PictureUrl1': 'https://www.travel.taipei/image/180680', 'PictureDescription1': '國家兩廳院'}",,臺灣首座國家級的文化園區－兩廳院，落成於1987年，是臺灣表演藝術最專業的劇場，也是臺北重要的觀光地標，二座主要建築融合中國宮殿式樣，搭配黃瓦飛簷、紅柱彩拱，氣勢典雅壯觀，構築出優雅而富藝術情趣的生活空間。當您走進兩廳院，不僅可以在四座表演廳聆賞世界最頂尖知名的表演，還可徜遊在文化藝廊及表演藝術圖書館，體驗音樂的深遂、戲劇的奇想、舞蹈的驚喜；兩廳院也提供定時定點導覽活動，透過專人解說，帶您一起揭開兩廳院這座神秘的黑盒子，欣賞臺灣唯一的直立式花園「綠牆」，享受廳內多家知名書店、咖啡館、樂器行及禮品店的貼心服務。兩廳院立足台灣，與世界對話，每年均舉辦多項大型國際藝術節，引進世界最經典、最前衛的表演節目，期望透過多元化的藝文展演，深耕藝術種子，建立屬於全民的藝術文化園區，以及亞洲表演藝術界的領導品牌。,室外
74,臺北市,中正區,國立中正紀念堂,🏯 歷史人文類,臺北市中正區中山南路21-1號,,紀念堂開放時間：am09:00-pm06:00（星期一不休館）紀念公園開放時間：am05:00-pm12:00(休館日：除年度機電保養日、二二八紀念日、春節除夕及大年初一休館外，幾乎全年不休館),886-2-23431100,,http://www.cksmh.gov.tw/,廟宇類,,都會公園類,,,"{'PositionLon': 121.5186767578125, 'PositionLat': 25.036190032958984, 'GeoHash': 'wsqqmjxnq'}",非古蹟,"{'PictureUrl1': 'https://www.travel.taipei/image/222954', 'PictureDescription1': '國立中正紀念堂'}",,中正紀念堂是為了紀念中華民國第一任總統蔣介石，他於1975年逝世，次年行政院就破土開建中正紀念堂，設計師是設計圓山大飯店的楊卓成。紀念堂原址是陸軍總部，當時是臺北市區內最大的軍區，據說從大陸運過來的黃金，就曾經存放在這個地方。紀念堂採用的藍白兩色，是國旗上面主要的顏色，紀念堂頂部天穹的裝飾是青天白日12道光芒，銅像朝西面對總統府和中國大陸，其中都有特殊的意義。隨著民主演進思想開放，紀念堂前的廣場已成了民主運動的集會場。位於中正紀念堂左右兩側的國家音樂廳與國家戲劇院。戲劇院為戲劇、舞蹈等表演活動的場地，經常舉辦大型的表演活動，包括京劇、戲劇、兒童節目等；音樂廳是臺灣最具水準的音樂展演空間，經常舉辦室內樂，交響樂等大型的音樂活動。而兩廳院前廣場也會不定時舉辦戲劇、音樂活動，吸引眾多遊客前往欣賞。白牆藍瓦，70公尺高聳立在紀念公園的中央，不論從哪個角度看過去，都很宏偉。國外觀光客來到臺灣，不論行程如何排，都一定會到這裡來參觀一下。紀念堂的下方有陳列和展覽，也有紀念品販售。,室內
75,臺北市,中正區,國立臺灣博物館_南門館,🎨 藝文展館類,臺北市中正區南昌路一段1號,,,886-2-23973666,,https://www.ntm.gov.tw/submenu_171.html,展覽場館類,自然風景類,,,,"{'PositionLon': 121.51596069335938, 'PositionLat': 25.033199310302734, 'GeoHash': 'wsqqmjjhz'}",非古蹟,"{'PictureUrl1': 'https://www.travel.taipei/image/89006', 'PictureDescription1': '國立臺灣博物館_南門館'}",,日本時代臺灣總督府於1897年規定鴉片專賣，並陸續將樟腦（1899年）、食鹽（1899年）、菸草（1906年）、酒（1922年）等納入專賣事業。「臺灣總督府專賣局臺北南門工場」創建於1899年，為製造及試驗樟腦、鴉片等兩大專賣品的重要生產基地，1901年改稱南門工場，1931年再改名為臺北南門工場，是日本時代臺灣唯一的公營樟腦加工廠。戰後本工場由政府接收，1947年二二八事件後，臺灣專賣（公賣）業務縮減為菸、酒、樟腦三項，本工場於1952年改稱臺灣省樟腦煉製廠、1956年再改名為臺灣省樟腦廠。1967年12月樟腦開放民營，本工場遂停工廢廠。今日建築物僅有物品倉庫（小白宮）、樟腦倉庫（紅樓）和四百石貯水槽，現存基地面積不及日治時期的八分之一。1998年，南門工場由內政部指定為國定古蹟，2004年起臺灣博物館配合文化部（原行政院文化建設委員會）首都文化園區計畫，建構「臺灣博物館系統」，將都市中的歷史空間整頓再利用為博物館空間。2006年本工場土地建物由國有財產局撥交臺灣博物館，將古蹟建築物再利用為展示館並新建一棟典藏庫房，由詹益忠建築師事務所負責修復再利用之規劃設計。本工場修復過程宛如建築歷史的解剖，涉及建築設計、結構、機電設備、保存、考古、傳統工藝、歷史和工程等專業領域合作。,室內
76,臺北市,中正區,國立臺灣博物館_古生物館,🎨 藝文展館類,臺北市中正區懷寧街65號,,週二至週日每日上午9:30起至下午5:00止＊每週一、除夕及春節初一休館。＊逢國定假日及連續假期均照常開館,886-2-23142699,,https://www.ntm.gov.tw/submenu_164.html,展覽場館類,自然風景類,,,,"{'PositionLon': 121.51435852050781, 'PositionLat': 25.043560028076172, 'GeoHash': 'wsqqmph13'}",非古蹟,"{'PictureUrl1': 'https://www.travel.taipei/image/65317', 'PictureDescription1': '國立臺灣博物館_古生物館'}",,座落二二八公園對面，為自然史為主的古生物展覽館，是日據時期遺留下來的勸業銀行古蹟再利用。外部為巨大羅馬柱廊的石造建築，牆面材料則為分割灰縫作法，鑄鐵窗採用滑輪與重錘省力的上下開閉，且鑄鐵窗都嵌入六角網目鐵絲網壓花處理玻璃，可藉此見證當時的營建技術與工藝水準。挑高三層樓的大廳以石膏浮雕泥塑板作為裝飾構件，裡面展示各樣古生物標本與大型恐龍模型...等，另常設有土地銀行行史金庫與建築修復的展覽。,室內
77,臺北市,中正區,國立臺灣大學博物館群_醫學人文博物館,🎨 藝文展館類,臺北市中正區仁愛路一段1號醫學人文館,,本館開放時間為週二~週日 9:30~16:30（週一與國定假日休館）其餘休館日請參考本館首頁之行事曆。,886-2-23123456,,https://www.mc.ntu.edu.tw/mmh/Index.action,展覽場館類,文化類,,,,"{'PositionLon': 121.51885986328125, 'PositionLat': 25.03952980041504, 'GeoHash': 'wsqqmnr3f'}",非古蹟,"{'PictureUrl1': 'https://www.travel.taipei/image/64655', 'PictureDescription1': '國立臺灣大學博物館群_醫學人文博物館'}",,醫學人文博物館，是日據時期台北帝國大學醫學部的校舍，最早的建築始於1907年，由日籍建築師近藤十郎所設計，主體建築則完工於1913年。雖歷經百年，經過多次修復，然原建築的風貌仍大部份保留；建築體的功能隨學校發展逐漸演變，由教室、行政中心、全台醫學學術活動據點、醫學教育改革基地、醫學人文教育場所，直到2008年成立博物館。館內展覽內容分常設展及特展。常設展有『生命的誕生』、『台灣人哪裡來』及『台灣人與疾病的抗爭』，特展則每半年推出新展，以醫學的發展所帶來的影響及省思作為展示理念，並到其他醫學教育機構巡迴展出。博物館建築風格屬於法國文藝復興後期樣式，館內大廳、主牆及柱子皆飾以優美線條及雕刻，頗為氣派。大廳及廊道有許多拱廊，造型高雅。屋頂原始設計採曼徹爾（Mansard）式，鋪以石板瓦及銅葺，斜頂上開有小圓窗。然1930年館內發生火災，屋頂燒毀，修復後失去初建時原貌。,室內
78,臺北市,中正區,國立臺灣大學醫學院附設醫院_西址,🏯 歷史人文類,臺北市中正區常德街1號號,,,886-2-23123456,,https://www.ntuh.gov.tw/ntuh/Index.action,文化類,自然風景類,,,,"{'PositionLon': 121.51721954345703, 'PositionLat': 25.041990280151367, 'GeoHash': 'wsqqmny0h'}",非古蹟,"{'PictureUrl1': 'https://www.travel.taipei/image/175434', 'PictureDescription1': '國立臺灣大學醫學院附設醫院_西址'}",,臺大醫院創建於日據時期，昔稱臺北病院、臺灣總督府臺北醫院、臺北帝國大學醫學部附設醫院，戰後改稱為國立臺灣大學醫學院附設醫院，是臺灣近代醫學發展的核心，西址院區之建物目前做為門診及部分病房之用。本建築由近藤十郎先生設計，為文藝復興風格之紅磚鋼筋混凝土2層建物，在平面配置採取左右對稱的格局，以中央走廊貫穿，連接各門診及病房。大廳莊嚴華麗，空間寬敞，運用了許多西洋式建築技巧，是近代洋式建築的傑作，在當時是東南亞最大型及最現代化的醫院。,室內
79,臺北市,中正區,國立臺灣藝術教育館,🎨 藝文展館類,臺北市中正區南海路47號,,週二至週日9：00至17：00，國定假日照常開放（圖書室不對外開放）休館日：週一、農曆除夕、大年初一(若遇特殊情況另行公告),886-2-23110574,,https://www.arte.gov.tw/,展覽場館類,藝術類,遊憩類,,,"{'PositionLon': 121.51204681396484, 'PositionLat': 25.032320022583008, 'GeoHash': 'wsqqmhfrg'}",非古蹟,"{'PictureUrl1': 'https://www.travel.taipei/image/107136', 'PictureDescription1': '國立臺灣藝術教育館'}",,國立臺灣藝術教育館，設立於1957年3月29日，為臺灣首座公立藝術館，也是唯一以推動「藝術教育」為核心業務的政府機構。館務以「人與藝術」的關係為中心理念，推動學校藝術教育扎根工作，並結合各界共同推展美感教育，以達到全民「藝術生活化、生活藝術化」的目標。國立臺灣藝術教育館位於具有自然與人文特色的南海學園園區，館舍屬1950年代建築，為戰後中國古典樣式新建築風格，包含南海劇場、南海書院2大建築體，另週邊設有南海戶外藝廊、南海藝文廣場，辦理與推動學校藝術教育研究、推廣與輔導等相關活動，是藝術發表、學習及培育創意人才重要的園地。民國95年，臺北市古蹟審查委員會評定國立臺灣藝術教育館建築(含南海劇場、南海書院)為「歷史建物」，與鄰近之教育廣播電臺、歷史博物館共同為「南海學園」內獨特建築群落，具都市景觀及歷史價值。,室內
80,臺北市,中正區,地下水宮殿_觀音山蓄水池,🏯 歷史人文類,臺北市中正區思源街1號,,,886-2-8369-5104,,https://waterpark.water.gov.taipei/cp.aspx?n=F1C6CBEAD24212E8,廟宇類,自然風景類,,,,"{'PositionLon': 121.53346252441406, 'PositionLat': 25.011119842529297, 'GeoHash': 'wsqqm91uq'}",非古蹟,"{'PictureUrl1': 'https://www.travel.taipei/image/442892', 'PictureDescription1': '地下水宮殿_觀音山蓄水池'}",,觀音山蓄水池為「臺北水道水源地」市定古蹟建築群之一，是超過百年歷史的蓄水池，功能為貯存經淨化處理後可飲⽤之清⽔，本設施⾃⺠國66年配合新式淨水場完工後功成身退，後因疫情期間為振興國內旅遊於108年重新開放後成為臺北市的探索新秘境，因建築特⾊使蓄⽔池⼜名「地下⽔宮殿」，邀請您⼀起到百年古蹟秘境尋幽訪勝。(資料來源:臺北自來水園區),室內
81,臺北市,中正區,城中市場,🛍️ 商圈市集類,臺北市中正區武昌街一段22巷51-2號,,上午6時至凌晨0時,886-2-23112380,,https://www.tcma.gov.taipei/News_Content.aspx?n=FAC14AD2DE4E01A4&sms=32F7BA052C5CA548&s=B682F8B64610E680,小吃/特產類,,,,,"{'PositionLon': 121.51222229003906, 'PositionLat': 25.043560028076172, 'GeoHash': 'wsqqmp43r'}",非古蹟,"{'PictureUrl1': 'https://www.travel.taipei/image/373683', 'PictureDescription1': '城中市場'}",,自清領時期開始，城中市場即為台北城內的攤商聚集區，時至今日也變成美食雲集的傳統市場。從早開到晚，有一整條的吃飯街，也有以販賣衣物為主的街道，是在地人採買生活用品及品嘗傳統美食的好地方。,室外
82,臺北市,中正區,大陸書店,🎨 藝文展館類,臺北市  中正區衡陽路79號3F,,週一～週日 09:00 ～ 20:00  (除夕至初五休),886-2-23113914,捷運西門站4號出口,https://www.talubook.com/,藝術類,,,,,"{'PositionLon': 121.51099395751953, 'PositionLat': 25.04233741760254, 'GeoHash': 'wsqqmncd5'}",,{'PictureUrl1': 'https://cloud.culture.tw/h_upload_ccacloud/festival/image/A0/B0/C0/D0/E0/F121/56bb41c3-e7e3-4d27-8aff-7a87ddd0e1b7.jpg'},,大陸書店展售中外音樂書籍、鋼琴、小提琴、吉他…等各種樂器的學程教材及樂譜；手作藝術類書籍、期刊－－裁縫、毛線編織、壓花、十字繡、不織布、黏土、刺繡、拼布、串珠…等，更收藏了逸品級的『書道全集』等書法字帖、繪本，每每讓人有『挖寶般』流連忘返的新鮮感。,室內
83,臺北市,中正區,孫運璿科技．人文紀念館,🏯 歷史人文類,臺北市中正區重慶南路二段6巷10號,,,886-2-23112940,,http://sysmm.org/,展覽場館類,,,,,"{'PositionLon': 121.51155090332031, 'PositionLat': 25.033559799194336, 'GeoHash': 'wsqqmj4p0'}",非古蹟,"{'PictureUrl1': 'https://www.travel.taipei/image/91889', 'PictureDescription1': '孫運璿科技．人文紀念館'}",,坐落於臺北城南的「孫運璿科技．人文紀念館」，是孫運璿先生任行政院長時的宅邸，運璿先生於1980年遷入，至2006年辭世，在此共居住26年之久。運璿先生任行政院長期間，諸多重要決策及施政方針皆在此構思。運璿先生去世後，因感念其對臺灣之貢獻，臺北市政府文化局於2006年指定為市定古蹟，並委託孫運璿學術基金會負責經營管理，期讓古蹟充分再利用。 佔地866坪的宅邸，包含古蹟建物、附屬新建物、庭園。和、洋並存的古蹟內，除了常設展示臺灣經濟發展之風華與歲月，以及運璿先生個人生活之點滴，亦設立特展區，不定期更換展覽內容。以古蹟紋理設計而成的新建物，則是提供各式演講、表演、課程的藝文交流空間。環抱著建物的庭園中，有運璿先生最愛的魚池，有夫人親手栽種的玉蘭花，還有高聳參天的高齡老樹。 紀念館的設立，希望能彰顯運璿先生戮力奉公的精神與典範，更希望能在此，以各種方式，提供一個既傳統又現代、有深度卻易親近的文化場域。 觀看更多名人故居故事	王大閎建國南路自宅	錢穆故居	草山行館	林語堂故居	原臺灣軍司令官官邸(孫立人將軍官邸)	摩耶精舍（張大千園邸）,室內
84,臺北市,中正區,寶藏巖國際藝術村,🎨 藝文展館類,臺北市中正區汀州路三段230巷14弄2號,,台北國際藝術村週二至週日 11:00 A.M. – 9:00 P.M.1F村落咖啡：週二至週日 11:00 a.m.-11:00 p.m.週一休館，週二至週日展覽僅開放至21:00開放時間僅限藝術村公共空間及展覽空間。,886-2-23645313,,http://www.artistvillage.org/,廟宇類,藝術類,,,,"{'PositionLon': 121.5322494506836, 'PositionLat': 25.010730743408203, 'GeoHash': 'wsqqm9144'}",非古蹟,"{'PictureUrl1': 'https://www.travel.taipei/image/223134', 'PictureDescription1': '寶藏巖國際藝術村'}",,位於公館水岸旁的「寶藏巖國際藝術村」其歷史軸線除了包含市定古蹟的寶藏巖寺，更泛指從此廟附近延伸出的歷史聚落，此聚落主要由60及70年代所興建的違章建築所形成。這些建築依山傍水而建，蜿蜒錯落且複雜，呈現臺灣特殊的聚落樣貌。2004年，寶藏巖正式被登錄為歷史建築，以聚落活化的形態保存下來。2010年「寶藏巖國際藝術村」正式營運，以「聚落共生」概念引入「寶藏家園」、「駐村計畫」與「青年會所」等計劃，用藝、居共構的做法活化保存寶藏巖，創造聚落多元豐富的樣貌。「寶藏巖國際藝術村」搭起了聚落居民，以及駐村藝術家之間的媒合平臺，注入了寶藏巖新的生命力。目前寶藏巖國藝術村設有14間藝術家工作室，做為國、內外駐村藝術家工作及生活的空間。除此之外，也規劃了排練室、展覽室及戶外展演空間。從聚落下方臨河岸邊的綠地眺望，整片的斷垣殘壁綿延成為歷史斷面，更形成了閱讀寶藏巖豐富的歷史紋理與具歧異多義的空間結構的線索。設有7間房的「閣樓青年會所」已於2014年4月正式營運。青年會所將成為聚落的路徑，企圖透過它的空間向度，揭露時間的刻痕，體現一個人類聚落的「生活」場所，同時藉由「住居」開放於世界的體驗，亦即藉由自然的場所精神及人居的場所精神的結合和世界展開對話。福和橋下自來水廠附近的寶藏巖，屬於歷史型態聚落，具地景特殊性，景觀可見蜿蜒巷弄，階梯隨著緩坡起落，並沿著周圍山丘構築出天然地景與聚落錯落之風貌。近年來，透過活化保存的政策，引入藝術家與文創工作室的進駐與開放，使得大眾得以見得這個沿著山坡參差錯落的特殊文化共生聚落。此外，寶藏巖還有座主祈觀音、歷時兩、三百年的山邊佛寺，可提供民眾祭拜祈求平安，若欲欣賞河景風光，還能沿著河岸、單車道路從新店一路連結到淡水河，享受迎風騎乘之趣。,室內
85,臺北市,中正區,小南門_重熙門,🏯 歷史人文類,臺北市中正區延平南路與愛國西路交會路口圓環上,,,886-2-27208889,,,其他,,,,,"{'PositionLon': 121.508056640625, 'PositionLat': 25.036909103393555, 'GeoHash': 'wsqqkvz6w'}",非古蹟,"{'PictureUrl1': 'https://www.travel.taipei/image/64158', 'PictureDescription1': '小南門_重熙門'}",,臺北城是清領時期最後所建城池之一。當年的城牆如今皆已傾圮，只留下幾座城門遺跡，成為歷史的見證。臺北城的城牆寬4公尺、高5公尺，圍繞約4公里，是座非常堅固的城池。一般的中式城牆都有4個門，可是臺北城有5個門，據說是當時的板橋富商林本源家族為了方便出入，特別捐贈所建造的。雖然這樣的傳說尚未受到證實，但小南門在中式的城池建築中，的確是個非常特別的例子。可惜的是，雖然它和東門、南門一起逃過了日本人的摧毀，但卻在國民政府來臺後，被改建成中國北方宮殿式的城樓，只有底部的城座仍然保持當年原始的樣貌，繼續守護著臺北。,室外
86,臺北市,中正區,市長官邸藝文沙龍,🏯 歷史人文類,臺北市中正區徐州路46號,,一般參觀　每日09:00 – 22:00（春節休館日請參最新消息）＊園區參觀免票入場。展覽開放　每日09:00 – 17:00官邸用餐　每日09:00 – 21:00（20:00後恕不供餐）場地洽詢　週一至週六09:00 – 16:00（週日採預約制）,886-2-23968198、886-2-23929510,,http://www.mayorsalon.tw/,古蹟類,文化類,,,,"{'PositionLon': 121.52430725097656, 'PositionLat': 25.040409088134766, 'GeoHash': 'wsqqmq7qc'}",非古蹟,"{'PictureUrl1': 'https://www.travel.taipei/image/179358', 'PictureDescription1': '市長官邸藝文沙龍'}",,市長官邸建於1940年，建築物內有和室鋪榻榻米、西式家具，有如一個當代美術館，為「和洋混合式」。1994年以前的歷任市長，幾乎都居住於此，黃大洲市長卸任搬離後，就無人居住。自臺北市文化局成立後，委外經營和對外開放，成為以文史哲為主的藝文中心，舉辦各種藝文展覽與活動，開設藝文課程供民眾學習。市長官邸有一個藝文餐廳、一個表演廳、一個小型VIP會議室、一個和式講堂，一個生活藝術館，一個陽光書閣，及約一百坪的前庭、後院兩個露天廣場。藝文餐廳是一處受歡迎的地方，天氣好時，露天座位座無虛席，招牌菜為烤羊膝和德國豬腳，另有市長官邸套餐、商業午餐，口味豐富多變化，還有專為素食者準備的蔬菜焗飯，十分貼心。陽光書閣專賣詩集，是全臺北唯一專門賣詩集的場所，希望大家多接觸這藝文空間，來充實心靈。,室內
87,臺北市,中正區,愛國東路_婚紗街,🛍️ 商圈市集類,臺北市中正區愛國東路82號1 樓,,各店家營業時間不同,886-938-101565,,,其他,,,,,"{'PositionLon': 121.51972198486328, 'PositionLat': 25.033479690551758, 'GeoHash': 'wsqqmjpyw'}",非古蹟,"{'PictureUrl1': 'https://www.travel.taipei/image/100455', 'PictureDescription1': '愛國東路_婚紗街'}",,中正紀念堂風景優美，一直是拍婚紗照的熱門地點，愛國東路因地理位置良好，同業聚集，發展成婚紗街。位於中正紀念堂旁，有許多知名婚紗名店，形成一條婚紗大街。店家為了創造商品獨特性，各自規劃專有之主題套裝商品，提供包套拍照服務，提升了臺灣婚紗攝影水準，從專業的攝影、時尚的禮服，到整體的造型、新娘的彩粧等等，全都包辦，所有努力，都在創造新人最幸福的那一天。美麗的櫥窗，也吸引許多拍戲的劇組，或喜歡逛街的遊客們，在這裡穿梭。,室外
88,臺北市,中正區,撫臺街洋樓 (《人民導報》舊址),🏯 歷史人文類,臺北市中正區延平南路16號,,週一至週六 10:00-18:00 (週日休館)※詳細開館時間請至官方網站查詢。,886-2-23148080,,,古蹟類,,,,,"{'PositionLon': 121.51081085205078, 'PositionLat': 25.046709060668945, 'GeoHash': 'wsqqmp97x'}",非古蹟,"{'PictureUrl1': 'https://www.travel.taipei/image/373691', 'PictureDescription1': '撫臺街洋樓 (《人民導報》舊址)'}",,原為大倉組臺灣出張所土木事業公司舊址，在1930年代後期，改由進口「富久娘」的酒商佐土原吉雄接手。1946年1月1日宋斐如、王添灯在此經營《人民導報》，尖銳評論、批判時局。在事件爆發後，宋斐如、王添灯遭到逮捕，從此下落不明，並遭警總以「思想反動言論荒謬詆毀政府煽動暴亂之主要力量」之罪查封。,室內
89,臺北市,中正區,李國鼎故居,🏯 歷史人文類,臺北市中正區泰安街2巷3號,,周二至周六10:00-16:00(週一、週日及國定假日休館，如遇國定假日為連假亦休館)。,886-2-23564398,,https://online.ktli.org.tw/,文化類,,,,,"{'PositionLon': 121.52767181396484, 'PositionLat': 25.040639877319336, 'GeoHash': 'wsqqmqt8r'}",非古蹟,"{'PictureUrl1': 'https://www.travel.taipei/image/376106', 'PictureDescription1': '李國鼎故居'}",,故居興建於1935年，原日據時期總督府交通局遞信部部長宿舍，戰後改為臺灣省政府財政廳長宿舍。1972年李國鼎先生任財政部長時遷入居住直至辭世。李國鼎是當代臺灣經濟發展關鍵人物。他自1953年進入財經領域後至1988年轉任總統府資政期間，對台灣工業、經濟、財政以及高科技產業發展有卓越貢獻，被譽為台灣經濟奇蹟推手及科技教父，成就享譽中外。臺北市政府於2003年公告李國鼎故居為市定古蹟，並在其側新建展示館；故居全館於2010年5月31日對外開放參觀迄今。,室內
90,臺北市,中正區,東和禪寺,🏯 歷史人文類,臺北市中正區林森南路61巷22號,,,886-2-23934598,,http://www.dongher.org.tw/,廟宇類,,,,,"{'PositionLon': 121.52265930175781, 'PositionLat': 25.03955078125, 'GeoHash': 'wsqqmq61g'}",非古蹟,"{'PictureUrl1': 'https://www.travel.taipei/image/192120', 'PictureDescription1': '東和禪寺'}",,東和禪寺位於臺北東門外，原稱為曹洞宗大本山別院，由日僧初建於一九０八年，設計者亦為日人入江善太郎。至一九一六年附設佛教學校，供僧侶與齋友的子弟就讀，學習佛教教義及普通常識，一九三五年改名為私立臺北中學，戰後再改稱為泰北中學。一九三０年在大殿之前建造高聳的鐘樓，目前仍存在，但大殿及其他古老的建築因曾被軍隊及民眾佔住長期遭到破壞，近年被拆掉了，至為可惜。鐘樓的建築深具特色，雖屬鋼筋混凝土的結構，但細部皆採循章法製作，屋頂為單簷式歇山，舖日式黑瓦，脊頭置鬼瓦。二樓內部懸吊一口大銅鐘，外部出挑平座欄杆，頗富空靈之韻味。一樓使用粗面石塊，闢拱門出入，有如城門。這原是日本桃山及江戶時期流行的建築風格，至二十世紀，形成近代和風建築。(資料來源:文化部文化資產局),室內
91,臺北市,中正區,東門_景福門,🏯 歷史人文類,臺北市中正區建國里,,,886-2-27208889,,,其他,,,,,"{'PositionLon': 121.51764678955078, 'PositionLat': 25.03907012939453, 'GeoHash': 'wsqqmnnrn'}",非古蹟,"{'PictureUrl1': 'https://www.travel.taipei/image/64168', 'PictureDescription1': '東門_景福門'}",,東門又稱景福門，是臺北城通錫口（今松山）的孔道，因同時朝向臺灣北部的重要口岸基隆，負有防禦重任，極具國防的重要意義。當時城內通往東門的「東門街」，就是今天的凱達格蘭大道。如今由於它正位在總統府前，成為許多集會遊行的隊伍必經之處，也為東門帶來了無數上鏡頭的機會，可以說是全臺灣人最熟悉的一座城門，也儼然是此區政治與交通的重要樞紐。在當年臺北城的5座城門中，東門是作工最為細緻的一座。額題景福門，建築結構和北門很類似，都是在石砌的城座以上，以厚實的磚牆一直接到屋簷下，宛如牢不可破的方形堡壘。而雙層磚牆之內，則是木造結構。屋頂是四面屋坡的「歇山式」，簡單大方。屋簷下有綠釉空心花磚裝飾，十分典雅。可惜後來同樣被改建為中國北方宮殿式城樓，但石構臺座及圓拱門為原有建材，門洞為石條所砌半圓拱，邊框保存有雷紋裝飾，仍頗具歷史價值。,室外
92,臺北市,中正區,楊英風美術館,🎨 藝文展館類,臺北市中正區重慶南路二段31號,,週三到週六 12:00-17:00(週一、週二、週日公休),886-2-23961966,,http://www.yuyuyang.org.tw/,展覽場館類,,,,,"{'PositionLon': 121.5145034790039, 'PositionLat': 25.032129287719727, 'GeoHash': 'wsqqmhunt'}",非古蹟,"{'PictureUrl1': 'https://www.travel.taipei/image/191325', 'PictureDescription1': '楊英風美術館'}",,楊英風美術館座落於台北市人文薈萃的南海學園，鄰近史博館、藝教館、植物園等文化重鎮，濃厚的藝術、學術氣息於一聚集。楊英風美術館一年數檔的楊英風回顧展與一場藝術家交流專題展，不定期國內外國家級館際合作邀請展出；舉辦人文藝術講座、藝文活動與小小藝術家研習營等推廣活動。 藝術應用加值，一切就從分享開始為落實藝術生活化，生活藝術化，讓藝術更貼近生活，生活更有意思，「使用」再再是最直接的體驗方式；透過藝術家之原創與人性化貼心的設計轉換，開發出實用美觀的生活用品、禮品，讓人充分感受生活中美學的應用巧思。藝文空間 一個結合人文、生活、美學、創意與租借的多功能藝文空間。在這裡，您可以閱讀、小憩，可以品味咖啡、聆聽生命經驗，抑或共享知識的藝文講座。人文藝術的精神與內容一直是我們的目的，熱情邀約三五好友、讀書會等齊聚，俾益文化藝術之交流與發展。 三樓本館一年三場的楊英風專題展覽，地下樓楊英風故事館常態展，常態展區以歷史步道的意象，展示楊英風創作史料及歷史記錄，讓民眾體會時空還原的氛圍，瞭解楊英風一生梗概。以及不定期國內外國家級館際合作邀請展出；舉辦相關人文藝術講座、藝文活動與小小藝術家研習營等。(資料來源:楊英風美術館官網),室內
93,臺北市,中正區,水源劇場,🎨 藝文展館類,臺北市中正區羅斯福路四段92號２樓,,配合使用單位之展演節目規劃需求辦理，如：14:30場次、13:30開放觀眾入場，19:30場次、18:30開放觀眾入場。,886-2-23625221,,,文化類,,,,,"{'PositionLon': 121.5350570678711, 'PositionLat': 25.013580322265625, 'GeoHash': 'wsqqm9e4s'}",非古蹟,"{'PictureUrl1': 'https://www.travel.taipei/image/376103', 'PictureDescription1': '水源劇場'}",,水源劇場位於水源大廈(水源市場)十樓，原為北市兵役局大禮堂。臺北市政府透過推行公館水岸整合計畫，將該禮堂整修成500席次之專業表演場地，自100年11月底啟用，為臺北市政府文化局自行營運管理之展演場館，受理展演團隊申請檔期辦理展演活動。此外，水源劇場持續以場地贊助之角色，扶植展演團隊辦理長銷式節目演出計畫，盼能培育藝文產業營運人才、建構有利藝文環境、厚植臺灣表演藝術產業能量。,室內
94,臺北市,中正區,沅陵商店街_鞋子街,🛍️ 商圈市集類,臺北市中正區沅陵街1號,,開放空間,886-2-27208889,,,古蹟類,,遊憩類,,,"{'PositionLon': 121.51271057128906, 'PositionLat': 25.042879104614258, 'GeoHash': 'wsqqmnfv7'}",非古蹟,"{'PictureUrl1': 'https://www.travel.taipei/image/89229', 'PictureDescription1': '沅陵商店街_鞋子街'}",,走在臺北車站附近的沅陵街口，就可以看到一隻巨大黑色皮鞋的裝置藝術，這條街是皮鞋街。中華路、忠孝西路、中山南路和愛國西路包圍的這塊區域，是清朝的臺北城，也一直是臺灣政治、經濟、文化的中心，儘管後來城牆已經沒有了，大家還是叫這裡為「城中區」。沅陵商店街位處「城內」，自古至今，文風鼎沛，歷史文化資源豐沛。這裡的商店很多是老字號，秉持誠信做生意，隨著臺灣經濟的發展，城中市場和沅陵商店街成為服飾店、皮鞋店的聚集地，沅陵商店街更是以鞋店聞名。沅陵商店街的皮鞋多是老師傅親自縫製的傑作，許多老一輩的人，只要皮鞋一壞，就會拿來這裡修補。隨著社會的進步與百貨公司的興起，沅陵商店街流失了許多顧客，但因為講究特色與品質優良，使得商圈依然熱鬧活絡。,室外
95,臺北市,中正區,牯嶺街小劇場,🏯 歷史人文類,臺北市中正區牯嶺街5巷2號,,週三至週五 12:00-20:00週六、週日 10:00-20:00,886-2-23919393,,http://www.glt.org.tw/,文化類,,,,,"{'PositionLon': 121.51531982421875, 'PositionLat': 25.03173065185547, 'GeoHash': 'wsqqmhuu2'}",非古蹟,"{'PictureUrl1': 'https://www.travel.taipei/image/373699', 'PictureDescription1': '牯嶺街小劇場'}",,在清朝時期往來臺北城與古亭庄，會經過牯嶺街。日本時期為了紀念第5任總督佐久間左馬太而稱此地為佐久間町，後來日本戰敗，被迫遣返的日本人，到此賣書籍、字畫換錢回日，成為牯嶺街舊書攤的前身。後大陸人來臺，仿效日本人，成立舊書及古董字畫販售地攤，牯嶺街舊書的名氣也就這樣傳開了，命名為牯嶺，是用來替換掉佐久間町，將殖民的色彩除去。牯嶺街小劇場的大門開向西北，是日本人為了在此做為監控之用，掃視著平原區可能出現的威脅，所以建築物不同於鄰近屋舍格式。國民政府依舊讓這棟房子繼續負起監控的任務，作為警察局，象徵國家權力。中正2分局搬遷到了南海路，此建築物成為小劇場的展演空間，發展藝文活動。空間規劃為辦公室及服務台、文宣品區、實驗劇場、拘留室、會議室、藝文空間、視聽室、排練室。這兒不時有各種活動演出，在臺灣小劇場發展史上佔有重要的位置。,室內
96,臺北市,中正區,白色恐怖政治受難者紀念碑,🏯 歷史人文類,臺北市中正區凱達格蘭大道介壽公園,,,886-2-22182438,,,其他,,,,,"{'PositionLon': 121.51412963867188, 'PositionLat': 25.03951072692871, 'GeoHash': 'wsqqmn7cs'}",非古蹟,"{'PictureUrl1': 'https://www.travel.taipei/image/373692', 'PictureDescription1': '白色恐怖政治受難者紀念碑'}",,「白色恐怖政治受難者紀念碑」坐落於台北市介壽公園西北隅，在凱達格蘭大道與懷寧街口，面對總統府前廣場，位置顯目，深具歷史及時代意義。此工程由王立甫建築師設計，於 2007年10月16日開工，2008年3月27日如期竣工，總統陳水扁、副總統呂秀蓮、行政院長張俊雄等人，受邀參加「白色恐怖政治受難者紀念碑工程」竣工典禮。,室外
97,臺北市,中正區,紀州庵文學森林,⛰️ 自然生態類,臺北市中正區同安街107號,,週一休館新館開放時間週二～四、日：10:00-18:00、週五、六：10:00-21:00茶館營業時間週二～四、日：10:30-18:00（供餐到 17:00）週五、六：10:30-21:00（供餐到 20:00）古蹟開放時間 / 免費參觀（如遇活動舉辦依各活動規範）週二～日：10:00-18:00、週五：10:00-21:00,886-2-23687577,,http://www.kishuan.org.tw/,廟宇類,自然風景類,遊憩類,,,"{'PositionLon': 121.52066802978516, 'PositionLat': 25.021549224853516, 'GeoHash': 'wsqqm709h'}",非古蹟,"{'PictureUrl1': 'https://www.travel.taipei/image/64679', 'PictureDescription1': '紀州庵文學森林'}",,臺北市政府文化局打造位於同安街底的「紀州庵新館」作為臺北市第一座文學專門藝文空間，於2011年6月起委託財團法人台灣文學發展基金會經營。「紀州庵新館」以「紀州庵文學森林」為名，結合城南文學公園，提供讀者舒適宜人的空間，讓文友們可以在室內、戶外閱讀、寫作、喝茶、啜咖啡、與同好談天。讀者與書迷更可在這裡與心儀的文學家、評論者、出版人不期而遇。「紀州庵」古蹟建築在日據時期曾為日式料亭，戰後轉為公教人員眷舍，位居城南，輻射出去，涵括鄰近的同安街、廈門街、金門街、牯嶺街，遠至師大與臺大學區，是臺灣戰後文學發展史上舉足輕重的場域。包括「藍星詩社」、《文學雜誌》、《現代文學》、《草原》、《大學》雜誌等的發源地，「中國文藝協會」、《國語日報》等文藝機構，純文學、洪範、爾雅、遠流等出版社，林海音、林良、余光中、王文興、隱地等，都在此拓展他們的文學理想。因此未來期待以「紀州庵」和「紀州庵新館」為核心與出發點，再現文學的歷史脈絡與寶藏。,室內
98,臺北市,中正區,臺北北門郵局_臺北901支,🌳 都會休閒類,臺北市中正區忠孝西路一段120號,,週一至週五 郵務:08:30-21:00 週一至週五 儲匯:08:30-21:00  週六:08:30-16:30  提供郵務及儲匯業務延時服務郵局(週一至週五),886-2-23615752,,https://www.post.gov.tw/post/internet/I_location/post.jsp?ID=1302&prsb_no=000100-6,其他,,,,,"{'PositionLon': 121.51139831542969, 'PositionLat': 25.046920776367188, 'GeoHash': 'wsqqmp9uu'}",非古蹟,"{'PictureUrl1': 'https://www.travel.taipei/image/64183', 'PictureDescription1': '臺北北門郵局_臺北901支'}",,臺灣郵政股份有限公司臺北郵局的前身為劉銘傳所創設的「郵政總局」，日據時期，由於鐵路網設立，火車站的地位日益重要，而郵局業務因為和火車站關係密切，於是遷到今日位置。起初是日式木造建築，後因火災焚毀，乃於1929年重新改建為水泥鋼筋大樓。光復後，因郵政業務擴大及組織變革，遂於民國92年1月1日改制為國營「中華郵政股份有限公司臺北郵局」；96年2月9日更名為「臺灣郵政股份有限公司臺北郵局」。臺北郵局是一棟巨大的四層建築，裝飾簡單、線條簡潔。入口門廊突出且呈圓拱狀，建物正面配置四組雙圓形古典式門柱及山頭裝飾，外觀上使用窗洞間內立雙柱分隔窗扇且分化成兩大一小的三開間正面，內部大廳挑高兩層，構造採簡化設計，柱子與大廳天花板的古典雕刻，十分細緻優雅，今日的臺北郵局，由於位在北門旁邊，又稱北門郵局，其郵政業務時間也比較長，直到夜晚還有許多人進出郵寄包裹。文字來源：郵政博物館網站,室外
99,臺北市,中正區,臺北市中山堂,🏯 歷史人文類,臺北市中正區延平南路98號,,各館所詳細開放時間請至官方網站查詢。,886-2-23813137,,https://www.zsh.gov.taipei/,廟宇類,文化類,遊憩類,,,"{'PositionLon': 121.5096664428711, 'PositionLat': 25.043190002441406, 'GeoHash': 'wsqqmnbxh'}",非古蹟,"{'PictureUrl1': 'https://www.travel.taipei/image/64450', 'PictureDescription1': '臺北市中山堂'}",,臺北市中山堂前稱「臺北公會堂」，建於1936年，日治時期總督府營繕課長井手薰設計。整體設計恢弘典雅，為當時臺灣少見之大型公共建築。民國34年抗戰勝利臺灣光復，更名為「中山堂」。民國38年政府遷臺，中山堂曾做為國民大會議場及立法院議事廳。民國58年歸臺北市政府，隸屬民政局。民國81年經內政部列為國家二級古蹟；民國84年，文資法修正，歸列臺北市政府所轄之市定古蹟。民國88年，中山堂改隸文化局迄今，其中正廳及光復廳成為本市表演藝術的重鎮之一，每年臺北市傳統藝術季、兒童藝術節及臺北電影節均在此舉行。民國100年，中山堂內部空間整修，增設展覽室、臺北書院、藝文沙龍等空間，並全面開放參觀，成為臺北市兼具有教育、藝文及休閒之多功能場館。民國108年經文化部升格為國定古蹟。,室內
100,臺北市,中正區,臺北市客家文化主題公園,🌳 都會休閒類,臺北市中正區汀州路三段2號臺北市客家文化主題公園,,週二至週日9:00 - 18:00，週一休館(其他休館日請參照館方公告),886-2-23691198,,https://ssl.thcp.org.tw/,文化類,都會公園類,,,,"{'PositionLon': 121.52535247802734, 'PositionLat': 25.020259857177734, 'GeoHash': 'wsqqm6u19'}",非古蹟,"{'PictureUrl1': 'https://ssl.thcp.org.tw/uploads/pages/ueVEzpqyXzqOkgncmYfY6ngrKBd9hS.JPG', 'PictureDescription1': '臺北市客家文化主題公園'}",,「臺北市客家文化主題公園」為臺北市民認識客家文化的據點與休憩場所，並提供臺北都會客家人一處群聚交流、展現生活記憶之處。園區內的「跨堤平台」設有人行步道及自行車引道，串連108公頃河濱綠地、臺大公館商圈、臺大水源校區、自來水園區、寶藏巖共生藝棧等區域，營造出公館水岸親水觀光軸帶，提供市民多元的休閒活動空間，體驗親水生活。,室外
101,臺北市,中正區,臺北植物園,🌳 都會休閒類,臺北市中正區植物園,,週一至週日 5:30-22:00,886-2-23039978,,https://tpbg.tfri.gov.tw/,都會公園類,,,,,"{'PositionLon': 121.50865936279297, 'PositionLat': 25.0310001373291, 'GeoHash': 'wsqqkuzbh'}",非古蹟,"{'PictureUrl1': 'https://www.travel.taipei/image/221909', 'PictureDescription1': '臺北植物園'}",,植物園是日據時代研究植物的重要場所，占地約8公頃，保留了當時從臺灣、日本、中國大陸、東南亞引進來的試驗研究植物種，至今園區內的建築與植物種類已遠超過以往盛況，蒐羅之植物多達約2000種。臺北植物園依植物分類系統與習性分區，每個區域以不同的主題呈現，並且設有解說牌介紹奇花異卉，例如荷花池、十二生肖區、多肉植物區、蕨類植物區、詩經植物區、民俗植物區、棕櫚科區等。隨著季節不同，植物林相會跟著變化，每個季節都有獨特味道，若在午後進入，光線與溫度則讓人有更舒服的感受。園區內除了各類植物展區外，另有兩處市定古蹟位於臺北植物園內。欽差行臺於1894年完工，曾作為臺灣總督府長達25年，是臺灣唯一僅存的清領時期閩南式官署建築，在歷經清領、日治及中華民國的時代變遷後，至今仍矗立，述說著當年的故事。臺北植物園腊葉館於1924年興建，原為「中央研究所林業部腊葉館」。為開發臺灣森林資源，將野外採集的植物乾燥製成「腊葉標本」保存，以供鑑定植物種類，因此成為臺灣第一座專為貯藏植物腊葉標本而興建之標本館。植物園自1921年設立至今，依舊是許多臺北人記憶中的一部分，四季皆適合與家人朋友一同遊園，尤其夏季更是絕佳的避暑場所，來植物園的遊客可以先透過臺北植物園網站瞭解遊園之規則、動線及展示區的相關知識，一起共同保護園區。 (部分資料來源：臺北植物園),室外
102,臺北市,中正區,臺北自來水園區,🌳 都會休閒類,臺北市中正區思源街1號,,夏季期間每年7月及8月：9時至18時(售票、入園至17時)非夏季期間每年1月至6月及9月至12月：9時至17時(售票、入園至16時)備註：1.每週一休園；週一適逢連續假日則照常營業。2.水鄉庭園開放以夏季期間（７、８月）為主，非夏季期間依園區公告時間而定。,886-2-87335678、886-2-83695104,,https://waterpark.water.gov.taipei/,遊憩類,,都會公園類,,,"{'PositionLon': 121.52999877929688, 'PositionLat': 25.012529373168945, 'GeoHash': 'wsqqm3rkw'}",非古蹟,"{'PictureUrl1': 'https://www.travel.taipei/image/63614', 'PictureDescription1': '臺北自來水園區'}",,自來水園區位於臺北盆地之南，公館商圈樞紐地帶，占地面積約20公頃，自然環境依山傍水，為臺北自來水的發源地。園區除了水鄉庭園、噴泉庭園等提供大小朋友親水戲水的歡樂園地外，更是一個以「水資源保育」作為主題特色的環境教育設施場所。除了運轉中的公館淨水場外，更包括日本時期興建全臺供水量最高之自來水設施臺北水道水源地唧筒室（自來水博物館）、觀音山蓄水池、量水室，及戰後興建的渾水抽水站等古蹟建築，園區環境教育中心精心研發適合不同年齡層的水資源教案。同時園區內佔地約5公頃的小觀音山，完整保存屬於淺山低海拔的原生闊葉林相生態，可進行生態探索課程。加上鄰近的寶藏巖國際藝術村、客家文化主題公園及河濱自行車道，提供多面向的不同選擇。,室外
103,臺北市,中正區,臺北記憶倉庫(三井倉庫),🌳 都會休閒類,臺北市中正區忠孝西路一段245號,,周二至週日11:00-19:00（週一休館）,886-2-23714597,,,其他,,,,,"{'PositionLon': 121.5124282836914, 'PositionLat': 25.047700881958008, 'GeoHash': 'wsqqmpf9k'}",非古蹟,"{'PictureUrl1': 'https://www.travel.taipei/image/376113', 'PictureDescription1': '臺北記憶倉庫(三井倉庫)'}",,「臺北記憶倉庫」為一座興建於日治時期的紅磚造建築。其空間作落在北門、臺北車站旁，且鄰近淡水河、大稻埕碼頭，反映當時臺北興盛的貿易發展，見證商貿運輸從水路轉向陸運的歷程。本館以山林資源與物產貿易為主題，以流域與城市發展脈絡為故事，透過上中下游的空間演變述說土地上的人們如何使用、創造資源的歷程，同時創造多元觀點對話平臺。,室外
104,臺北市,中正區,臺北賓館,🏯 歷史人文類,臺北市中正區凱達格蘭大道1號,,參觀時間請以官方網站公告為準。,886-2-23482999,,https://subsite.mofa.gov.tw/tgh/,古蹟類,,,,,"{'PositionLon': 121.5167465209961, 'PositionLat': 25.040149688720703, 'GeoHash': 'wsqqmnmv3'}",非古蹟,"{'PictureUrl1': 'https://www.travel.taipei/image/107180', 'PictureDescription1': '臺北賓館'}",,建築風華走過百年歲月的臺北賓館，一直是臺灣政治的核心。它的前身是日據時期的「臺灣總督官邸」；臺灣光復之後，曾作為省主席官邸；1950年，改稱臺北賓館，是舉行國宴、招待外賓、黨政會議及文化活動的國家重要場所。1998年由內政部指定為國定古蹟。臺北賓館起造於1899年，由日本建築師宮尾麟、野村一郎設計；1911年改建工程經森山松之助設計，成為現今的樣貌；2002年封館進行臺灣光復後最大幅度的整修，至2006年5月竣工；隨著臺灣民主化的進程， 2006年7月4日臺北賓館已首次對一般民眾開放，空間解嚴的思維讓國人可以一窺臺北賓館百年的神秘面貌。臺北賓館的基地東西向長，成矩形狀，建築主體坐北朝南，為磚及石材、鋼筋混泥土構造之兩層樓建築物。受到日本於明治維新後引進的西方歷史樣式建築影響，臺北賓館有馬薩式斜頂、希臘山牆、羅馬柱式和華麗的巴洛克風格雕飾。四面留設寬廣的陽台，與東南亞的歐美殖民城市的官方建築相似。三樓東南隅有涼台，節慶時可觀賞遊行隊伍、眺望街景。歷史沿革臺北賓館在日治時期，除了作為總督宅邸以外，同時也作為行政辦公與迎賓社交之場所。而落成後的第一件大事，就是接待1901年10月來臺的北白川宮能久親王妃富子，此後這裡陸續接待了閑院宮載仁親王、久彌宮邦彥王、秩父宮雍仁親王、高松宮宣仁親王、昌德宮李王垠等皇室貴族，而其中最重要的便是1923年裕仁皇太子（即日後的昭和天皇）訪臺的接待活動。裕仁皇太子泊宿於總督官邸的期間，主要的活動空間在官邸的2樓，百官仕紳的拜謁儀式也都在2樓的大客室舉行，而皇太子來訪的第一天，總督曾安排其登上3樓的旋梯，在涼臺接受遊行民眾的歡呼。臺灣光復後，臺北賓館雖然不再是總督官邸，但仍然是政府會晤、款宴外賓的主要場所，歷任總統曾在臺北賓館1樓接見了無數的貴賓，其中又以1957年日本首相岸信介、1981年新加坡總理李光耀、2005年美國前總統柯林頓、2008年大陸海協會會長陳雲林等人最具代表性。此外，我國政府也在臺北賓館的宴會廳簽訂了許多重要的國際條約或協定，而最重要當屬1952年由外交部長葉公超與日本全權代表河田烈所簽署，關係臺灣主權地位甚鉅的「中日和約」；之後較為著名的，則是2009年5月14日由馬英九總統簽署的「公民及政治權利國際公約」及「經濟社會文化權利國際公約」兩項國際公約，象徵著我國在融入國際人權體系及拓展國際人權合作方面邁進了重要的一步。回顧這段臺北賓館走過的歲月，我們不難發現，臺北賓館的價值不單單只是因為其百年的歷史，它是一座巧妙結合東西方文化的建築，更見證了臺灣這一世紀來的風華變遷，無論就何種角度觀察，這裡的一磚一瓦、一草一木，都值得我們大家共同愛護及保存。,室內
105,臺北市,中正區,臺灣文學基地,⛰️ 自然生態類,臺北市中正區濟南路二段27號,,每週二至週日 10:00 ~ 18:00 （週一休館）,886-2-23279657,,https://tlb.nmtl.gov.tw/index.php,自然風景類,,,,,"{'PositionLon': 121.52848815917969, 'PositionLat': 25.041149139404297, 'GeoHash': 'wsqqmqw77'}",非古蹟,"{'PictureUrl1': 'https://www.travel.taipei/image/193197', 'PictureDescription1': '臺灣文學基地'}",,臺灣文學基地坐落於齊東街日式宿舍群中，是全臺少數歷史建築保存最完整的區域，也是文化資產保存法第一批採面狀保存的日式宿舍群，區內包含一幢市定古蹟及九幢歷史建築，不僅蘊含著豐富的在地故事及與市民經驗的聯結，更突顯臺北市內碩果僅存的日式宿舍歷史群落活化與再利用的當代意義。在棋盤般齊整的臺北市中心，齊東街就像是一條漫不經心的微笑，劃過濟南路與忠孝東路之間。這抹微笑背後，潛藏的是一段悠久歷史──兩百多年前的清朝時期，此地曾是一條通往松山、接向基隆，被稱為「三板橋街」的古道。當時，此地盡是一望無盡的水田與埤塘。在圳道、水田與埤塘間，還沒有名字的齊東街蜿蜒而生，擔起運送米糧、煤炭等民生物資的重責大任。時值日治時期的1920年至1940年間，總督府在此陸續興建了日式文官宿舍，即現在的齊東街日式宿舍群。同時，所在區域也逐漸聚集了各種產業的會社、工廠等機構，商業活動越來越發達，也促成了此區「城東會」組織的成立，經常舉辦社區演講、戲劇欣賞、演藝欣賞及電影欣賞等活動，創造當時代的藝文體驗熱潮。戰後，政府將此區沿用為中央政府官員宿舍，時任空軍副總司令之王叔銘少將也入住濟南路二段27號，往後官拜「空軍總司令」、「國防部參謀總長」等，至1992年遷出官邸為止，這幢日式老屋被以「將軍宅第」標誌。2000年後，齊東街因位處市中心，在都市急遽開發的大環境中，日式宿舍一度面臨拆遷的命運。幸而有在地幸福里居民，基於對建築聚落、老樹與環境的認同，於2002年組成「齊東文史工作室」，在居民及專家學者的努力下，促成鄰近九間連棟日式宿舍的歷史建築的保留，而這也被視為「是臺北市市民重要且無價的歷史文化資產」。隨著都市開發，新式屋舍、學校與工廠的起建與進駐，「三板橋街」慢慢地消失在地圖上，只留下濟南路與忠孝東路之間的微笑弧線，提醒我們它曾經的存在。2011年文化部委請臺北市政府文化局修繕齊東街日式宿舍（濟南路二段25、27號），並將此歷史建築命名為「齊東詩舍」。2014年7月，國立臺灣文學館開始營運管理並策畫展覽及文學推廣活動。隨著齊東街53巷上5棟歷史建築的修復完成，2021年，這條蜿蜒的微笑巷道上，致力於創新與文化傳承的「臺灣文學基地」正式開幕！(資料來源：臺灣文學基地官網),室外
106,臺北市,中正區,臺灣省城隍廟,🏯 歷史人文類,臺北市中正區武昌街一段14號,,6:00~21:00,886-2-23615080,,http://www.citygod.tw/,廟宇類,自然風景類,自然風景類,,,"{'PositionLon': 121.51271057128906, 'PositionLat': 25.043949127197266, 'GeoHash': 'wsqqmp4ge'}",非古蹟,"{'PictureUrl1': 'https://upload.wikimedia.org/wikipedia/commons/2/28/%E8%87%BA%E7%81%A3%E7%9C%81%E5%9F%8E%E9%9A%8D%E5%BB%9F%E6%AD%A3%E9%9D%A2%E7%85%A7.jpg', 'PictureDescription1': '臺灣省城隍廟'}",,臺灣省城隍廟原為官廟，如今已成立為財團法人，是臺灣制度最健全的公廟之一。1875年，清廷將淡水廳升格臺北府，旋由陳星聚開府臺北。1881年，臺北府衙在撫台街後方，即府直街和北門街口(臺北市延平南路和漢口街間)建臺北府城隍廟。日據時期城隍廟被拆，臺灣光復後改設現址，周邊交通便捷，商業繁榮，是附近居民的信仰中心，更因為城隍爺神威遠播，信眾遍及海內外。本廟是臺北城內規模最大的廟宇，供奉主神城隍爺，另有釋迦牟尼佛、藥師佛、阿彌陀佛、觀音菩薩和地藏菩薩，關聖帝君、孚佑帝君、文昌帝君、濟公禪師、城隍夫人、福德正神......等，內部對聯、匾額、剪黏、彩繪或雕刻，都以「趨吉避凶，教化人心。」、「潛移默化」為宗旨，讓前往參拜的信眾獲得心靈的啟迪。,室內
107,臺北市,中正區,臺灣菸酒股份有限公司_菸酒專賣局,⛰️ 自然生態類,臺北市中正區南昌路一段10-2號,,,886-2-23214567,,https://www.ttl.com.tw/,觀光工廠類,自然風景類,遊憩類,,,"{'PositionLon': 121.51484680175781, 'PositionLat': 25.03384017944336, 'GeoHash': 'wsqqmjk2t'}",非古蹟,"{'PictureUrl1': 'https://www.travel.taipei/image/112816', 'PictureDescription1': '臺灣菸酒股份有限公司_菸酒專賣局'}",,臺灣專賣事業起源於日治時代，民國前14（1898）年，臺灣總督府除維持原有之鴉片專賣，並擴大專賣項目，先後實施食鹽與樟腦專賣，並於民國前11（1901）年1月合併原有之臺灣製藥所、臺灣鹽務局及臺灣樟腦局，成立「臺灣總督府專賣局」。臺灣總督府復分別於民國前7（1905）年及民國11（1922）年將香菸及酒類納入專賣範圍，31（1942）年將火柴、度量衡收歸專賣，32（1943）年石油亦規定為專賣品。是以，臺灣光復前之專賣品計有香菸、酒類、鴉片、食鹽、樟腦、火柴、石油及度量衡等8項。菸酒公賣局為菸酒產、運、銷一貫作業之機構，負責產銷菸酒，滿足社會大眾需求，並執行菸酒專賣法令，轄屬機構、菸酒配銷單位及經許可之零售商遍布臺灣各地，行銷網路極為健全，經營菸酒公賣所獲利益均繳交國庫，兼具經濟與財政雙重任務；歷年來經營著有績效，公賣利益繳庫數恆占全國賦稅收入之樞紐地位。依據「臺灣省政府功能業務與組織調整暫行條例」，臺灣省菸酒公賣局自88年7月1日起改隸中央目的事業主管機關財政部，繼續執行菸酒行政管理業務及菸酒產銷業務。近年來，為因應國際化、自由化，政府研議廢除菸酒專賣，開放菸酒產製，先後公布「菸酒管理法」及「菸酒稅法」，並自91年1月1日起實施，廢止專賣制度，菸酒回歸稅制。「臺灣菸酒股份有限公司條例」於91年4月25日經立法院通過，並於91年5月15日奉總統公布，菸酒公賣局遂於91年7月1日改制為「臺灣菸酒股份有限公司」。資料來源：臺灣菸酒股份有限公司官方網站,室內
108,臺北市,中正區,臺灣電力株式會社社長宿舍,🏯 歷史人文類,臺北市中正區延平南路119號,,,886-2-23651234,,,古蹟類,文化類,,,,"{'PositionLon': 121.50923156738281, 'PositionLat': 25.040069580078125, 'GeoHash': 'wsqqmn2kf'}",非古蹟,"{'PictureUrl1': 'https://www.travel.taipei/image/183814', 'PictureDescription1': '臺灣電力株式會社社長宿舍'}",,日據時期的臺灣電力株式會社為當時工業剛起步發展的重要能源機構。它的首長官邸建於附近城廓，為目前仍然保存完整的官舍，光復後曾改充為中央招待所及臺灣省主席官邸之用。這座以高牆圍繞的官邸，建築風格採用西洋樣式，以瓦頂白牆及拱窗表現了南歐義大利或西班牙別莊之趣味。日據時期諸多高級官邸多喜採用不同風格的歐洲住宅式樣。這座外觀優雅且有庭院環境的洋房，入口設拱形門廳，內邊立有希臘柱式作為裝飾，樓梯為木構造，裝修簡潔大方，原先屋後有日式房間，後來遭拆除。這種前面洋式，後半段附建日式房舍的作法也反映了當時日本官員在臺灣的生活方式。(資料來源:臺灣電力株式會社社長宿舍),室外
109,臺北市,中正區,臺鐵臺北車站,🌳 都會休閒類,臺北市中正區北平西路3號2樓,,,886-2-21910096,,https://www.railway.gov.tw/tra-tip-web/tip/tip00H/tipH41/viewStaInfo/1000,遊憩類,,,,,"{'PositionLon': 121.51703643798828, 'PositionLat': 25.04775047302246, 'GeoHash': 'wsqqmpy18'}",非古蹟,"{'PictureUrl1': 'https://www.travel.taipei/content/images/attractions/573464/1024x768_attractions-image-vkz1s1sok0-jrzb9rj5kva.jpg', 'PictureDescription1': '臺鐵臺北車站'}",,臺北車站（臺灣高鐵、臺北捷運稱為臺北車站）位於臺灣臺北市中正區，為臺灣鐵路管理局、臺灣高速鐵路、及臺北捷運三鐵共構的地下化鐵路車站，也是臺北捷運板南線、淡水信義線之交會車站，不僅是北臺灣首要的交通樞紐，也是臺灣建築規模與運量最大的鐵路車站，每日轉乘的旅客約50萬人次以上，總使用人次居於全球第25名。臺北車站於1891年7月5日設站，歷經多次遷移與改建後，現今站體為1989年9月2日啟用，臺鐵局本部也設於此地，隨著捷運、高鐵進駐之後，形成幅員廣闊的地下街區。車站周邊有商辦、補習班聚集的站前商圈，若再連結臺北轉運站、捷運北門站、機場捷運臺北站、華山特區等「臺北車站特定區」關聯設施，面積可達46.31公頃。另外臺北車站常被稱為「臺北火車站」，臺語則稱為「臺北火車頭」或「臺北車頭」，年輕族群則常簡稱為「北車」。,室外
110,臺北市,中正區,華山1914文化創意產業園區,⛰️ 自然生態類,臺北市中正區八德路一段1號華山1914文化創意產業園區,,週日-週四09:30-21:00、週五-週六09:30-22:00 借問站服務時間：每日09:30-21:00,886-2-23581914,,https://www.huashan1914.com/w/huashan1914/index,文化類,遊憩類,遊憩類,,,"{'PositionLon': 121.52940368652344, 'PositionLat': 25.044130325317383, 'GeoHash': 'wsqqmrph8'}",非古蹟,"{'PictureUrl1': 'https://www.travel.taipei/image/325922', 'PictureDescription1': '華山1914文化創意產業園區'}",,華山1914文化創意產業園區前身是台北酒廠，由日本人於1914年創建，早期是日本生產清酒的廠房，後為台北酒廠，現為臺北市市定古蹟之一。華山文創園區所在地的名稱由來，在清朝時期原稱三板橋庄大竹圍，至西元1922年，日治時期臺灣總督府廢臺北舊有街庄名，改稱「樺山町」。而「樺山」的名稱乃取自日本治臺的首任台灣總督「樺山資紀」的名字而來，當時位於樺山町包含臺北市役所(今行政院院址)、樺山貨運站、台北酒廠等政府單位，是日治時期臺北市都市計畫所規畫開發的地區。至國民政府時期再將「樺山」改為「華山」，並沿用至今。在1999年後，華山文創園區成為提供給藝文界、非營利團體及個人使用的藝術展覽、音樂表演等文化活動場地。此外，園區內也有多間餐廳、店舖、藝廊等商業設施，至今已舉辦多次藝文展演活動，也將舊建築物翻新、設置裝置藝術，吸引民眾前來參觀、拍照；園區後方也有一整片的大草皮區，提供大家野餐玩樂。,室外
111,臺北市,中正區,蒲添生故居,🏯 歷史人文類,臺北市中正區林森北路9巷16號,,【採預約方式】週一至週日上午：10點-12點下午：14點-17點※請於一星期前預約，導覽時間約2小時，建議參觀人數5-25人※詳細預約資訊請參考官方粉絲團,886-2-23213539,,,文化類,,,,,"{'PositionLon': 121.524658203125, 'PositionLat': 25.045490264892578, 'GeoHash': 'wsqqmr7s9'}",非古蹟,"{'PictureUrl1': 'https://www.travel.taipei/image/65004', 'PictureDescription1': '蒲添生故居'}",,「蒲添生故居」位於林森北路的巷弄中，是一座超過八十年歷史的日式木造建築，為蒲添生後代為紀念蒲先生一生對藝術奉獻之成就，特別將其住所及工作室整建規劃而成，其中工作室部分為蒲添生親自設計監工，採用上等檜木建造而成。故居現分為戶外雕塑展示區、作品陳列廳、藝術走廊、紀念工作室和文物展示室等空間，現對外開放，以引導性教育的參觀路線，提供市民一個欣賞藝術的空間。,室內
112,臺北市,中正區,逸仙公園,🌳 都會休閒類,臺北市中正區中山北路一段46號,,,886-2-23813359,,https://parks.taipei/parks/m2/pkl_parks_m2C.php?sid=645,都會公園類,,,,,"{'PositionLon': 121.52007293701172, 'PositionLat': 25.047740936279297, 'GeoHash': 'wsqqmrb1w'}",非古蹟,"{'PictureUrl1': 'https://www.travel.taipei/image/181448', 'PictureDescription1': '逸仙公園'}",,逸仙公園位於臺北車站附近，又名國父史蹟紀念館。該公園為紀念孫中山的小巧公園。中華民國選擇此處作為紀念國父的公園之一，主要原因是該地為孫逸仙於1913年來臺時下榻的料亭。該料亭亦為當年臺灣總督佐久間左馬太與孫逸仙會談政情的場所。現址為臺北市中正區中山北路一段46號，北靠市民大道一段、東靠中山北路一段、西靠臺北車站。逸仙公園面積約3025平方公尺，園內主要建物為約50坪的「梅屋敷」。因庭園栽種「梅樹」而得名的梅屋敷興建於1900年，本為日人大和宗吉所經營的料亭。梅屋敷是日治時代臺北著名的高級料亭，位在北門町，舉凡台灣總督、商界大亨或社會名士都是座上賓，席間亦可召藝妓來助興。該料亭為長方形的和式建築，屋頂覆蓋著老式暗黑色的理想瓦。相傳，該料亭曾以高砂族藝妓表演舞蹈做宣傳來招攬旅客。梅屋敷料亭不只曾於20世紀初招待過孫逸仙、胡漢民等知名政要。1907年知名導演高松豐次郎接受臺灣總督府委託，所拍攝的電影《台灣實況紹介》中，還把梅屋敷的高砂族所扮演之日本藝妓表演列為臺灣廿景之一。,室外
113,臺北市,中正區,郵政博物館,🎨 藝文展館類,臺北市中正區重慶南路二段45號9F,,星期二至星期日，上午 9 時至下午 5 時(下午 4 時 30 分停止入場)休館時間：1.星期一2.除夕暨春節初一至初二、民族掃墓節、端午節、中秋節,886-2-23945185,,http://museum.post.gov.tw/post/Postal_Museum/museum/default.jsp,展覽場館類,,,,,"{'PositionLon': 121.5147705078125, 'PositionLat': 25.03166961669922, 'GeoHash': 'wsqqmhuk5'}",非古蹟,"{'PictureUrl1': 'https://www.travel.taipei/image/89380', 'PictureDescription1': '郵政博物館'}",,郵政博物館創設於民國54年12月1日，翌年3月20日即中華郵政70週年紀念日正式對外開放。當時係利用郵政總局前在新店舊辦公房舍略事整修成立建館，由於地處偏僻，房屋狹小，且有計畫道路貫穿其中不能擴建，館務發展備受限制。為配合國家文化建設及郵政事業發展需要，乃在台北市興建10層大廈1座，位於南海學園，並於73年國慶日落成啟用。,室內
114,臺北市,中正區,重慶南路_書店街,🛍️ 商圈市集類,臺北市中正區重慶南路一段44號,,開放空間,886-2-27208889,,,藝術類,,,,,"{'PositionLon': 121.51322174072266, 'PositionLat': 25.04458999633789, 'GeoHash': 'wsqqmp5pr'}",非古蹟,"{'PictureUrl1': 'https://www.travel.taipei/image/181450', 'PictureDescription1': '重慶南路_書店街'}",,●簡介：重慶南路原名府前街、文武街，是台灣歷史悠久的一條書店街，全盛時期書店和出版社就超過百家，許多文人、知識份子和學生，喜歡在這裡徘徊一個下午，對他們而言，書店街彷彿是他們的信義區、他們的購物天堂一般，因此也可以說書店街培養了許多台灣的菁英。現在因為多重因素的打擊和影響下，書店街有逐漸式微的趨勢，依舊屹立不搖的大多是一些知名的大出版社，但即便如此，重慶南路仍是台北地區書店密集度最高的一條道路。●特色與推薦：在日據時期，重慶南路上便開設了「台灣書籍株式會社」，專門印製當時的教科書，光復後則改為「台灣書店」，重慶南路上的書香氣息，是有歷史脈絡的。直到現在，大量的書店在此林立，想要的書，不論是哪種領域、哪種用途都可以在這裡找到。可惜的是，由於市場的改變、閱讀人數減少、網路書店的衝擊等多重因素，這裡書店的數量已經大不如前。不過，即使是如此，書店街還是佔有重要的地位，許多出版社和書店還是在此繼續努力，服務讀者，一走進來便可以感受到濃濃的書香味。拿起一本書，慢慢的閱讀，看到自己喜歡精采的部份，就一字一字的讀下去，沉浸在書香中，一個下午很快就過去了。這種感覺，是許多人在重慶南路逛書店的同感，有著書店街之稱的重慶南路，歷史悠久，老一輩的人說，全盛時期書店加上出版社超過百家！這裡有許多老字號的書店，三民書局，收藏圖書近15萬種，為全國首創「圖書館式」的書店，更能讓人在瀏覽之餘，置身知識世界的遼闊天地。其他如儒林書局、世界書局、天瓏書局等，林立了20-30家，也都各有特色。,室內
115,臺北市,中正區,量水室,🌳 都會休閒類,臺北市中正區思源街100號,,,886-2-8369-5104,,https://waterpark.water.gov.taipei/cp.aspx?n=B050B835A17E0996,其他,,,,,"{'PositionLon': 121.53060913085938, 'PositionLat': 25.013330459594727, 'GeoHash': 'wsqqm3xch'}",非古蹟,"{'PictureUrl1': 'https://www.travel.taipei/image/442917', 'PictureDescription1': '量水室'}",,量水室為方型磚造及鋼筋混凝土之建築，作為小觀音山蓄水池出水計量之用，其原始興建年代與設計，因檔案佚失無法得知，惟研究財產登記記錄，量水室建築應為1913年（民國2年）3月竣工，於民國66年公館淨水場完工後功成身退。建築採向下挖鑿以應功能之需，表面凹槽刻痕裝飾線條，牆角部分為紅磚外露表現，而量水室的窗戶及窗框為上方半圓拱形，下方方形的造型，此建築推估為臺北水道主工程竣工後新增建設，但仍可發現與相關建築設施有著整體規劃設計。(資料來源:臺北自來水園區),室外
116,臺北市,中正區,長榮海事博物館,🎨 藝文展館類,臺北市中正區中山南路11號,,週二至週日： 9:00~17:00 休　館　日：每週一(若逢國定假日照常開放)農曆年除夕館方另行公告之必要休館日,886-2-23516699#6113,,https://www.evergreenmuseum.org.tw/,展覽場館類,自然風景類,,,,"{'PositionLon': 121.51870727539062, 'PositionLat': 25.038719177246094, 'GeoHash': 'wsqqmnpjp'}",非古蹟,"{'PictureUrl1': 'https://www.travel.taipei/image/107069', 'PictureDescription1': '長榮海事博物館'}",,長榮海事博物館的設立是長榮集團總裁張榮發先生多年來的心願，希望藉由海事博物館闡述張總裁與海洋的深厚情感及推廣台灣的海事教育。這是一間以海事為主題的博物館，適合不同世代、不同族群來館參訪。館內大量收藏了種類豐富的模型船，從遠古人類以挖鑿方式建造的獨木舟，到西方所發展的各式帆船、機械動力船、工作船；還有展現台灣海島民情的竹筏，以及具有宗教信仰意義的王船等。其次，館中亦展出為數不少以海洋為背景的畫作，年代橫跨18到20世紀，從烽火連天的戰爭場景到波光瀲灩的海上帆影，可逐一欣賞各時代畫家筆下別具風情的海洋景象 。此外，長榮海事博物館亦有航海探索區。配合航海儀器及多媒體互動展示，讓觀眾親身體驗海上航行的相關知識 。,室內
117,臺北市,中正區,順益台灣原住民博物館_美術分館,🎨 藝文展館類,臺北市中正區延平南路7號,,,886-2-23818322,,https://shungye-art.org/?fbclid=IwAR0JfFuAuEHpSrZqa2DM3HGUPj1ztfvBbk6a7CUnBLqpudMvLLvqnssZHNs,展覽場館類,自然風景類,,,,"{'PositionLon': 121.51094818115234, 'PositionLat': 25.04637908935547, 'GeoHash': 'wsqqmp99d'}",非古蹟,"{'PictureUrl1': 'https://www.travel.taipei/image/215415', 'PictureDescription1': '順益台灣原住民博物館_美術分館'}",,順益台灣原住民博物館－美術分館(以下簡稱順益台灣美術館)於2020年6月10日正式開館。這座位處於城市中央的美術館，可說是林迺翁文教基金會推廣台灣藝術文化之路上又一重要里程碑。 位於台北市北門廣場周邊，現址為延平南路5號的順益台灣美術館，其前身曾為順益關係企業的「起家厝」－《順益行》。這棟擁有74年歷史的老建築，在林純姬董事長的擘畫下搖身一變成為一座嶄新的美術館，順益關係企業追求卓越的精神，也將藉由美術館的運作向社會輻射出更大的文化能量。 順益台灣美術館創辦人林清富名譽董事長熱愛鄉土、珍愛台灣，自70年代開始，陸續收藏許多台灣原住民文物及本土美術畫作。而順益台灣美術館除了展示林清富名譽董事長典藏捐贈之精彩畫作以外，也依據不同主題舉辦特展，並邀請海內外策展人及青年藝術家參與，達到宣揚台灣文化之目標。在教育推廣活動方面，美術館透過聚焦於「風土人文」、「創新文化」、「多元藝術」等多元面向，積極與各級中小學串聯，期望能以美感教育作為兒童學習台灣美術之根基。同時，順益台灣美術館亦鼓勵學術交流與實務實習，鼓勵不同背景的民眾參與志工服務，共同打造一個全民分享交流的文化平台。 這座美術館所在的位置，屬於台北市老街景觀營造之重點區塊，同時也是台北市北門黃金藝文圈與台北火車站周邊輻輳區域的一環，是國內外旅客抵達台北時的首要門戶與印象所在。作為引領外地旅客認識台北的起點，順益台灣美術館將城市中的新潮文化及老街風華之歷史、人文、科技、互動等多元面向皆納入藍圖，期盼這座美術館能成為民眾在梳理城市紋理及印記時的重要線索。而美術館周遭環繞著許多文化古蹟，如撫台街洋樓、中山堂、臺灣博物館鐵道部園區、郵政博物館等，未來，順益台灣美術館也將以台灣歷史記憶為核心，透過與周邊景點的活動串連，一同推動城市內的文化共振。 2020年，順益台灣美術館的誕生不僅為北門黃金藝文圈增加了新地標，更以精緻豐沛的藝術內涵活絡社區文化交流。這個充滿魅力的嶄新藝文空間，未來將引領民眾透過經典的美術作品見證台灣風華，並為城市注入富含文化能量的新活力。(資料來源：順益台灣原住民博物館_美術分館),室內
118,臺北市,中正區,鴻儒堂書局,🏯 歷史人文類,臺北市中正區台北市博愛路九號五樓502室,,週一～週六：上午 10 : 00 - 下午 18 : 00 止 / 國定假日：上午 11 : 00 - 下午 18 : 00 止 (中午 12 : 00 - 下午 13 : 00 午休 / 星期日公休),02-2311-3810；02-2311-3823,捷運台北車站懷寧街（Z8）出口，星巴克旁溫州大餛飩巷內,http://www.hjtbook.com.tw,廟宇類,,,,,"{'PositionLon': 121.51375579833984, 'PositionLat': 25.04623794555664, 'GeoHash': 'wsqqmpe8g'}",,{'PictureUrl1': 'https://cloud.culture.tw/h_upload_ccacloud/festival/image/A0/B0/C0/D0/E0/F123/a9cd880d-4875-40a0-99da-2a58bf3a41f9.JPG'},,創立於1936年，專門經營日文書籍及日文雜誌，及各種日語學習教材、台日關係研究書籍等。同時有日本最新的出版資料供讀者查詢，並可代理訂購。,室內
119,臺北市,信義區,i-Ride TAIPEI飛行劇院,🎨 藝文展館類,臺北市信義區松智路17號7樓,,週日至週三 11：30 ~ 21：30週四至週六(含例假日前夕) 11：30 ~ 22：00※每日最終售票時間為營業結束前1小時。(特殊時段請依現場及官網公告為主),886-2-27238098,,http://www.iridetaipei.com/,其他,,,,,"{'PositionLon': 121.56620788574219, 'PositionLat': 25.03434944152832, 'GeoHash': 'wsqqqm3g9'}",非古蹟,"{'PictureUrl1': 'https://www.travel.taipei/image/180983', 'PictureDescription1': 'i-Ride TAIPEI飛行劇院'}",,微風南山內的i-Ride TAIPEI具有懸空式動感座椅、巨型球幕影片，以及搭配風、水及氣味等特效，達到視覺、聽覺、嗅覺、觸覺與位移五感體驗的模擬飛行劇院，其中的飛越台灣5D飛行劇場讓您坐著也能飛越台灣各地，鳥瞰台灣的獨特的地理景觀及欣賞風俗人文，不管是台灣人或是外國觀光客，都適合到i-Ride TAIPEI體驗飛越台灣5D飛行劇場的絕妙之旅。,室外
120,臺北市,信義區,中油藝廊,🎨 藝文展館類,臺北市信義區松仁路3號,,週一至週五 9:00~17:00，週六週日不開放,886-2-87898989,,,藝術類,,,,,"{'PositionLon': 121.56918334960938, 'PositionLat': 25.03948974609375, 'GeoHash': 'wsqqqq7cx'}",非古蹟,"{'PictureUrl1': 'https://www.travel.taipei/image/102578', 'PictureDescription1': '中油藝廊'}",,自102年起即邀請不同藝術團體或個人於中油藝廊展出，提供同仁及民眾欣賞多元風格藝術作品、增進環境藝術氛圍並推廣藝文交流，甚獲好評。中油藝廊展出內容包括國畫、油畫、水彩、粉彩、攝影、書法等不拘，2個月為一個檔期。歡迎蒞臨參觀。(資料來源:臺北市文化局),室內
121,臺北市,信義區,五分埔-成衣街,🛍️ 商圈市集類,臺北市信義區永吉路443巷11弄19號四樓號,,週一到週六：11:00~隔日凌晨00:00 週日：11:00~23:00 (依商圈各店情況不同),886-2-27641381,,,其他,,,,,"{'PositionLon': 121.57897186279297, 'PositionLat': 25.046659469604492, 'GeoHash': 'wsqqqxe57'}",非古蹟,"{'PictureUrl1': 'https://www.travel.taipei/image/179251', 'PictureDescription1': '五分埔-成衣街'}",,何處是臺北成衣批發的中心，相信每人心中的第一個反應都是「五分埔」。有數百家批發店，聚集於松山火車站附近。其命名之由來在清朝時，五分埔是臺灣原住民平埔族活動的範圍，而後由何、周、沈、杜、李5戶人家，向平埔族人買下這塊地開墾，並以五分埔為庄名。臺灣半個世紀來的經濟發展，從貧困到不分日夜工作至富裕，就如同五分埔的發展史。中南部北上謀生的民眾，群聚於五分埔，將外銷成衣餘下的零碎或滯銷布料，簡單加工接綴成內衣褲、童裝或粗製的工作服，供路邊攤及零售店販賣，逐漸發展打響五分埔的名號。現在，數百家的成衣業者在此聚集，貨源來自全臺，甚至遠從港、泰、韓、新加坡等地區進口來臺。價廉的服飾吸引小盤商來批發、零售，因款式眾多、剪裁流行，不少年輕族群也前來血拼，隨個人任意搭配，創造引人目光的時尚風格。當購物慾望出現，卻預算不足或不想荷包大失血時，最適合的地方就是五分埔，值得一提的是，殺價也是這裡常見的購物現象，與老闆的價碼拉鋸戰，更添採買的快感！,室外
122,臺北市,信義區,佛光山台北道場,⛰️ 自然生態類,臺北市信義區松隆路327號,,,886-2-27620112轉2407,,https://www.fgs.org.tw/tpevihara/,廟宇類,自然風景類,,,,"{'PositionLon': 121.57911682128906, 'PositionLat': 25.048450469970703, 'GeoHash': 'wsqqqxgjy'}",非古蹟,"{'PictureUrl1': 'https://www.travel.taipei/image/373623', 'PictureDescription1': '佛光山台北道場'}",,佛光山台北道場座落在台北松山火車站旁，是現代佛教弘法道場的新指標。每層功能多元化，有佛堂、禪堂、齋堂、會議廳、佛光緣美術館等。,室內
123,臺北市,信義區,信義公民會館暨眷村文化公園_四四南村,🌳 都會休閒類,臺北市信義區信義路五段24巷7弄26-1號,,開館時間：周二至周日9：00-17：00免費參觀。 休館時間：週一暨國定假日。,886-2-27237937,,http://xydo.gov.taipei/ct.asp?xItem=1126886&CtNode=37744&mp=124091,公共設施類,文化類,,,,"{'PositionLon': 121.56197357177734, 'PositionLat': 25.031309127807617, 'GeoHash': 'wsqqqhy9z'}",非古蹟,"{'PictureUrl1': 'https://www.travel.taipei/image/223035', 'PictureDescription1': '信義公民會館暨眷村文化公園_四四南村'}",,四四南村是國共內戰時期的產物，也是臺北地區的第一個眷村，因為位於四四兵工廠之南方，故被稱為「四四南村」。該園區中有一座當時的碉堡，為設計者特意保留，雖然現在已經失去以往的功能，卻是四四南村走過歷史的痕跡。園內具有許多展覽館，還有許多民房保留著當時的樣貌，園區內更另外加添了許多文創元素在其中，也有眾多商品作販賣。Ａ館－親子館：提供親子們有溫度的遊戲空間，讓原本眷村味道的復古空間充滿創意；運用天然素材、手作的各式主題教玩具，一起共玩、共養、共學、共同成長，就像回到家一般，永遠充滿感動，永遠有新發現。Ｂ館－眷村文物展示館：主要為四四南村文化保存靜態展示，展示主題包括：四四南村歷史軌跡、眷村藝文、眷村媽媽、眷村美食、眷村生活、遊戲人間、手工藝及多媒體放映室…等等。Ｃ館－好丘文創餐飲生活空間：目前由中子文化股份有限公司租借使用，店名定為「好，丘」，餐飲以輕食為主，包括麵包、貝果、漢堡及咖啡飲料等，融合眷村文化提供藝展活動，是一處休閒用餐的好去處。Ｄ館－藝文、書店、劇場館：PLAYground 南村劇場·青鳥·有·設計由「大清華傳媒、青鳥及uDesign有設計」，聯合打造新型態空間融合劇場、閱讀、設計、餐飲創意能量，白天是擁有上千本主題藏書和上百件設計商品的有機書店，到了夜晚則搖身一變，變成推廣台灣新劇團、新文本、新製作的新秀劇場。信義公民會館之建物為四四南村之四棟對稱建築物，外觀保有眷村獨特的建築風貌，四周緊臨著眷村文化公園、景新公園、寬敞的人行步道廣場以及信義國小，充足的公共開放空間提供區民、臺北市民，甚至到信義區附近飯店下榻之旅客，遠離塵囂、休閒散步的好去處。四四南村成了平民眷村文化的匯集地，低矮又別有舊時風味的建築體與周圍商業大廈林立的臺北金融中心建築群，形成強烈的對比，與之並存的是展現信義區過去與現在的建築風格。,室內
124,臺北市,信義區,信義商圈,🛍️ 商圈市集類,臺北市信義路五段、松仁路、松高路和市府路所圍的區域,,約11:00~22:00 依各商家而定,886-2-27239777,,,小吃/特產類,,,,,"{'PositionLon': 121.56693267822266, 'PositionLat': 25.036739349365234, 'GeoHash': 'wsqqqmf3d'}",非古蹟,"{'PictureUrl1': 'https://www.travel.taipei/image/222524', 'PictureDescription1': '信義商圈'}",,臺北101、新光三越、Bellavita、統一時代百貨、誠品信義旗艦店等，是臺北精緻時尚與都會名牌的潮爆區域，購物、娛樂、休閒、美食等活動應有盡有！範圍除了指標性的臺北世界貿易中心、臺北101之外，週邊還有許多企業集團的辦公設施，如國泰金融中心、南山人壽、遠雄集團總部大樓、中油企業總部等，此外還有不少的百貨公司和娛樂設施，如新光三越信義新天地、信義威秀影城、ATT 4 FUN、Bellavita、Neo19、統一時代百貨、誠品信義旗艦店及君悅飯店、W飯店、艾美酒店等，現在已經躍升為臺北主要的商業區之一。信義商圈由於發達的金融商業及企業總部林立，而有「臺北曼哈頓」的別稱。週末假日的信義商圈，搖身一變成為一個超大型的舞台，市府廣場、新光三越東側廣場的新舞台，經常舉辦各種假日活動或園遊會，而威秀影城中庭也常有歌手新片發表、演唱活動、簽名，而電影造勢活動，威秀影城中庭也常是第一選擇的場地。另外一到每年的耶誕季，商圈內的行道樹由各式燈飾裝飾著，百貨公司也會特別擺設聖誕樹、打卡裝置，將信義商圈打造成一座耶誕城，歡樂整個12月；而在跨年則是臺北101大樓的煙火秀，其精彩程度是每年絕不能錯過的。不論吃喝玩樂皆可在信義商圈享受到，有空不妨來體驗這臺北不夜城吧！,室外
125,臺北市,信義區,南港山系_虎山親山步道,⛰️ 自然生態類,臺北市信義區福德街221巷270 之2號,,開放空間,886-2-27593001,,,自然風景類,,體育健身類,,,"{'PositionLon': 121.58748626708984, 'PositionLat': 25.032020568847656, 'GeoHash': 'wsqqqucq1'}",非古蹟,"{'PictureUrl1': 'https://www.travel.taipei/image/64349', 'PictureDescription1': '南港山系_虎山親山步道'}",,虎山為四獸山市民森林區內之淺山之一，連接區後南港山系構成臺北市東南側的屏障，海拔140公尺，地質屬海相地層之單面山地形，西高東低、視野遼闊，山頂設有一座日晷，可以觀日計時，步道由塊狀砂岩與頁岩交疊而成，因虎山溪流經，山澗型的生態環境同時也是孕育螢火蟲、小綠蛙及蕨類等多元生態的最佳地點，溪岸經整修鞏固及完善水土保持後，虎山溪沿線成為觀賞溼地生態的最佳去處，步道沿線並設置解說牌及路線指標，是郊山健行又可觀賞生態的好去處。四獸山市民森林四獸山步道經過整建後命名為四獸山市民森林，包括虎、豹、獅、象四座郊山，山區自然環境生物、鳥類種類繁多，成為民眾享受戶外綠林悠閒時光的好去處。虎山溪生態之旅虎山溪經市府產業發展局特別整治溪水上源與下游，讓這裡成為水中生態景觀豐富的小花園，民眾可以從樹上或溪澗中欣賞到螢火蟲、樹蛙等各類水生動、植物，得到更多的登山樂趣。虎山120高地以視野遼闊和舊兵工廠為地標的120高地，是一座以海拔高度命名的高地公園，園區花木扶疏整齊、涼亭遮陽避雨，是山友經常駐足賞景、聊天的地標點。四獸廣場與四獸碑造景虎山親山步道有一段小徑係以環保材質所興建，途中一處平台建有休憩廣場及涼亭。廣場以虎、豹、獅、象四獸為石刻立柱造景，十分醒目，這裡環境靜謐優雅，是一處適合從事散步休閒、團康等活動。市民森林快意行從捷運轉搭公車到「福德國小」，走入福德街251巷不久，親山廊道的指標就在前方。沿著標示左轉進入上坡道，觀光勝地的景象立即展開～小吃、攤販、咖啡亭無一不缺，如果想帶點點心在路上吃，慈惠堂側邊也可買到香噴噴的魯味和素食點心。還好，鮮明的「四獸山市民森林」字樣就矗立在登山口，即使登山路線圖讓一旁的攤販搶去了風采，也不至於還未入林就迷失路旁。沿著溪邊緩坡上行，穿梭綠樹林間，步伐不自覺輕盈了起來。有潺潺溪水聲一路相伴，塵囂煩惱也一掃而空。來到這裡，請放慢你的腳步傾聽都市中難能可貴的鳥叫蟲鳴。虎山步道位在四獸山東側，抵達復興園後，視野更加開闊，俯視台北盆地可遠眺台北市東區景觀，以及緊鄰的豹山。從此處向西看，奉天宮建於虎頭位置，後方山脊線如波浪起伏，伏虎欲躍之勢呼之欲出。居高臨下乘風賞景因為緊鄰信義計畫區，所以即使虎山的高度不高（海拔不過140公尺），行走步道間，101大樓簡直到了「如影隨形」的地步，一路上視野良好，沿途不乏觀景區和休憩涼亭。虎山峰往奉天宮步道路途，涼亭最為密集。接近虎山頂先見一座綠柱白頂涼亭，接著來到山頂展望平台。站在平台依解說牌所示對照前景，可清楚看到西高東低的單面山地形。山風恣意吹來，伴隨開闊景色真是暢快。往前行進就要～「攻頂」啦。只見一陡坡沿山壁急轉直下，往下看有些「險峻」，需要小心翼翼、慢慢攀繩而下。這急降坡可說是登虎山路程中一個小小的驚喜和挑戰。如果下達地面後驚甫未定，前方有座涼亭可以歇歇腳，順便調整一下變得急促的呼吸。繼續前行抵達虎山120高地，迎面而來的清風把視野帶向信義計畫區，101大樓筆直高聳的形影清晰在前，右側是松山和南港市區，遠方還有五指山、七星山等群山，都市罕見的老鷹也翱翔在天際。從山間俯瞰台北市最繁華的地區，形成這條步道的一大特色。親山親水舒活身心這條路線景觀多元饒富趣味，植物種類繁多，步道沿途設有解說牌，拾級而上之際就可輕鬆展開自導式生態之旅。登山步道前段是虎山溪流經之處，山澗型的環境孕育出豐富多樣的自然資產。山谷的地形和溼度都適合如姑婆芋等好濕耐陰的植物生長，也是蕨類植物最愛的成長環境，光是虎山的蕨類就多達 70種左右。虎山溪本是原始的自然野溪，早年堆放的煤礦渣造成坍塌之虞，再加上水土保持不良，使得溪底沖蝕淤積現象日益嚴重，經由市政府建設局整治後已恢復原有生態，水土保持也更加完善。親水景觀區因應地形之便，修築了石橋、戲水平台、打水泵、親水公園等設施;同時保留煤礦渣跡地作為生態教育的最佳範本，在入口附近也設有解說牌，說明利用梯形跌水工如何能兼收生態保育和水土保持之利。尋幽賞螢親子樂虎山溪步道沿途鋪設石階，溪畔設置鏤花小欄杆，與小溪景緻相映成趣。如今虎山溪的水域、林間充滿了旺盛的生命力，4、5月以後，甚至可以觀賞螢火蟲。除了「原住民」陸生螢黑翅螢、紅胸黑翅螢，野放的水棲黃緣螢幼蟲已成功繁殖到第9代。親子同樂或是結伴出遊，夜間賞螢充滿樂趣，而且不必遠赴外地，提著小燈籠找尋配偶的螢火蟲就隱身在台北市區～魅力無窮的虎山親山步道。,室外
126,臺北市,信義區,南港山系_象山親山步道,⛰️ 自然生態類,臺北市信義區信義路五段150巷342弄157號,,開放空間,886-2-27593001,,,自然風景類,,體育健身類,,,"{'PositionLon': 121.5708236694336, 'PositionLat': 25.02739906311035, 'GeoHash': 'wsqqqkj5j'}",非古蹟,"{'PictureUrl1': 'https://www.travel.taipei/image/222134', 'PictureDescription1': '南港山系_象山親山步道'}",,象山海拔183公尺，步道全長1450公尺，全程約需1小時40分。因外形似象頭而得名，位於臺北盆地東南方的信義區，與虎山地質相同主要由砂岩組成，因造山作用步道中可見黃褐色陡峭的岩壁與巨石，加上自然環境生物、鳥類種類繁多，使得整座山如同一座天然生態樂園般，成為民眾接近淺山、享受戶外綠林悠閒時光的好去處。象山擁有稜線、岩壁、山坡、山窪、山谷等各種不同微環境，因而孕育出數十種蕨類。蕨類在象山處處可見，有的附著在樹幹上，有的長在岩石、坡地上，有的密佈在潮濕的林下。其中金狗毛蕨族群龐大，數量居臺北市之冠，在過去醫藥不發達的年代，它可是民間用來止血的最佳良藥。另外在開闊、向陽且潮濕山窪區，還有自侏儸紀時期就存在的古老蕨類「筆筒樹」。筆筒樹群聚可是臺北市區最珍貴的生態特色，因為筆筒樹成群林立的現象，全世界只有臺灣北部才能看得到。象山位在四獸山步道系統中最高點，由於前方無屏障，登高遠望視野遼闊，不僅信義商圈一覽無遺－101金融大樓、世貿中心、華納威秀、新光三越等醒目建築歷歷可數，臺北盆地風光也盡收眼底。其尾稜延伸嵌入信義區中強公園，成為當地居民晨昏散步的最佳去處，也是近山民眾假日休閒、舒緩身心的綠色地帶。六巨石象山上巨石林立的奇特景象，又稱老萊峽。從這裡攀上巨石可以一覽繁華的信義商圈，是一處熱門的拍照景點，清晨上山可以欣賞臺北101大樓在晨曦中初醒的景象，黃昏更可欣賞信義區都會華廈，夕陽餘暉西下、華燈初上的夜晚景象，十分亮麗耀眼。逸賢亭（象山頂）位於逸賢亭象山頂、六角亭旁步道盡頭的平台，視野展望極佳，可以欣賞象山的全貌，尤其是象頭與象鼻頗具傳神。鼻樑處即為永春高中，長長的象鼻子則是稜線深入松山路與松德院區之間的平台。一線天象山親山步道近松德院區方向有處名為一線天駐腳點，因兩壁山脊線十分接近，巨崖岩壁突出遮天，山友自步道仰頭望天，只見崖壁縫隙間的天空又窄又細，因而稱為一線天。至於鳥瞰台北盆地的最佳位置，自然是位於稜線上、視野開闊的「超然亭」；有此「超然」名號，便是因為由此觀景居象山眾涼亭之冠。站立於超然亭的平台上，近可見山下的信義計畫區，放遠望去則是圓山、北投焚化爐、觀音山及大屯火山群各景點，不論是跨年或國慶日施放煙火，不少人還會特地來此觀賞花火綻放，足見其魅力所在。繞行到巨石公園階梯附近，有一塊碩大的巨石，上面有人為雕刻出來的石階，可拾級而上眺望臺北盆地。一路前行間，由左側山腰、山脊再下到右側山腰線，從不同角度俯瞰臺北盆地之美，象山迷人之處盡在其中。步道沿途都設有解說牌，引導親山訪客認識整個山頭的特色，所以這裡也是最受歡迎的自然教室。一路上不愁沒有生態導覽，只要「按圖索驥」，自己就是山林解說員。潮濕的環境中，蝸牛的族群也十分可觀，像是斯文豪氏大蝸牛、煙管蝸牛，幾乎在整個山區都看得到。這本是低海拔的原始闊葉林，生態豐富多元，綠意萬千的山林，還有更多的驚喜等待你自己慢慢去發掘呢！登上象山之後，如果你的體力充沛，或是想伸展筋骨，步道兩旁還有許多強體力及肺活量的體能設施，只見大夥在山頂的逸賢亭打個尖、做個操，還有精力無窮的小朋友穿梭其間，運動休閒一兼二顧，很適合全家來活動。,室外
127,臺北市,信義區,台北101,⛰️ 自然生態類,臺北市信義區信義路五段7號,,,886-2-81018800,,https://www.taipei-101.com.tw/tw/,地標景觀類,,,,,"{'PositionLon': 121.56475830078125, 'PositionLat': 25.03360939025879, 'GeoHash': 'wsqqqm0z2'}",非古蹟,"{'PictureUrl1': 'https://www.travel.taipei/image/64607', 'PictureDescription1': '台北101'}",,台北101購物中心為地上5樓，地下1樓的購物空間，23000坪，是臺灣首座國際頂級購物中心。擁有許多精品旗艦店，如BALLY、LV、Prada、Gucci、Cartier、DIOR及FENDI等，消費者可以享受到最多樣的選擇，與全球流行零時差，輕鬆擁有愉悅的購物時刻。台北101購物中心有中式、西式、日式、美式等各國風味美食餐廳，而美食街擁有上千個座位，非常舒適的用餐環境。4樓都會廣場擁有完美的空間設計規劃，佔地500餘坪，挑高40米。採光自然，與四周的露天座椅融合為一體，散發著明亮開闊的現代氛圍。與世貿中心和ATT 4 FUN購物中心有空橋連接，近君悅飯店，交通十分方便。,室外
128,臺北市,信義區,台北探索館,🎨 藝文展館類,臺北市信義區市府路1號,,,886-2-27208889#8630,,,展覽場館類,,,,,"{'PositionLon': 121.56376647949219, 'PositionLat': 25.03753089904785, 'GeoHash': 'wsqqqmbn1'}",非古蹟,"{'PictureUrl1': 'https://www.travel.taipei/image/63782', 'PictureDescription1': '台北探索館'}",,身為臺北人，你知道臺北事嗎？歡迎來到台北探索館，瞭解臺北的大小事。台北探索館有4個樓層，1樓為臺北印象廳，以圖文、影像呈現臺北印象；2樓為特展廳，常舉辦相關展覽；3樓為城市探索廳，可看到臺北街道如凱達格蘭大道、中山北路、敦化南北路、忠孝東路等，和西門町、信義區的變遷史；4樓為時空對話廳，有互動裝置，仿古城牆的基石、圖片、文物及模型設施，想瞭解艋舺、大稻埕、臺北城、淡水河的身世，來這裡準沒錯。一樓的臺北印象廳，簡約的風格，讓人馬上聯想到人文薈萃的大臺北調調。主牆面播映的多層次媒體影像及地面投影，展現臺北的一顰一笑。二樓的特展廳，佔地雖然不大， 卻是'麻雀雖小，五臟俱全'，主要配合市府相關局處或市民關心的議題，定期舉辦特展。三樓的城市探索廳，是一個讓人放縱想像力的地方，從臺北街道的變遷，帶觀眾追尋臺北的發展軌跡。四樓的時空對話廳，代表著城市發展與歷史演進，就像搭乘時光機回到過往的臺北，體驗古今對照、時空變換的意境。發現劇場的360度的大螢幕，放映「城市身世」、「城市生活」、「城市風采」、「台北好時光」等4部影片，提出各種關於臺北市的故事與思索，適合各種不同年齡層的民眾，來此探索。民眾來參訪台北探索館前也可以先在網路上觀看展館的雲端虛擬實境喔！,室內
129,臺北市,信義區,台灣設計館,⛰️ 自然生態類,臺北市信義區光復南路133號,,開館時間：週二至週日，10:00 ~ 18:00（售票至17:30）休館時間：週一及特殊日休館；（112年）特殊休館日為農曆年節（1/21除夕 – 1/24初三）、端午節（6/22）、中秋節（9/29）。,886-2-27458199,,,自然風景類,,,,,"{'PositionLon': 121.55973815917969, 'PositionLat': 25.043699264526367, 'GeoHash': 'wsqqqpj45'}",非古蹟,"{'PictureUrl1': 'https://www.travel.taipei/image/182250', 'PictureDescription1': '台灣設計館'}",,「台灣設計館」為全球華人第一座以「設計」為展覽主軸之專業博物館，於2011年正式營運。館內典藏台灣及設計發展史上重要的經典設計品，不定期推出多元化、跨領域之主題特展，展出國內外設計趨勢及重要設計獎項得獎作品。透過主題策展及不同領域的設計展演，傳遞生活美學及美感教育。(資料來源:台灣設計館官網),室外
130,臺北市,信義區,吳興街商圈,🛍️ 商圈市集類,臺北市信義區吳興街225巷2-4號,,,886-2-27370194,,,小吃/特產類,,,,,"{'PositionLon': 121.5631103515625, 'PositionLat': 25.027759552001953, 'GeoHash': 'wsqqqhpt3'}",非古蹟,"{'PictureUrl1': 'https://www.travel.taipei/image/373675', 'PictureDescription1': '吳興街商圈'}",,距離信義區「台北101」不遠的吳興街，早上是人聲鼎沸的傳統市場，晚上則是零星的夜市小吃，周邊擁有許多特色餐飲，是台北醫學大學學生覓食的好去處，值得大家前往細細品嚐。,室外
131,臺北市,信義區,和興炭坑,🏯 歷史人文類,臺北市信義區信義路五段１５０巷108 之5號,,,886-2-27593001,,https://www.geo.gov.taipei/News_Content.aspx?n=729B4A08F7A65781&s=59A2B2C8F67FCD10,其他,,,,,"{'PositionLon': 121.5808334350586, 'PositionLat': 25.022600173950195, 'GeoHash': 'wsqqqehrn'}",非古蹟,"{'PictureUrl1': 'https://www.travel.taipei/image/179837', 'PictureDescription1': '和興炭坑'}",,「和興炭坑」位於台北慈惠堂旁隱藏著一處廢棄舊礦坑，緊鄰舊埤溪。早期因煤礦開採石堆置大量煤渣，地質條件相對較脆弱，後進行整治，搭配舊埤溪旁的舊礦區進行整體環境營造，結合當地自然景觀及礦坑文化特色，打造成區域性亮點，提供新的休閒遊憩景點。自步入園區開始，可沿磚紅色地坪及礦車軌道意象步入「時光隧道」中，沿途可欣賞擬真的礦車出坑意象及敘述著煤炭自生成至產出製品的「煤的一生」燒陶壁畫，盡頭處設置「迴旋天梯」，幸運的話還能看到許多蝙蝠在舊礦坑出渣口倒掛休息。走在軌道意象的步道上，感受當地人文歷史，彷彿穿越時空到日據時期，沿途上對於煤礦開採的解說設施及意象，更讓人感覺往日光景歷歷在目。建議不妨利用假日探訪「和興炭坑」，感受一下信義區舊礦區的特色風情。,室外
132,臺北市,信義區,幾米月亮公車,🌳 都會休閒類,臺北市信義區信義路五段100號,,每天9：00-21：00，每週一為清潔日不開放,886-2-27292000,,,其他,,,,,"{'PositionLon': 121.56574249267578, 'PositionLat': 25.032760620117188, 'GeoHash': 'wsqqqm16r'}",非古蹟,"{'PictureUrl1': 'https://www.travel.taipei/image/492058', 'PictureDescription1': '幾米月亮公車'}",,幾米月亮公車是臺北市一個結合藝術與交通的特色景點，為響應臺北市政府推動的「2016 世界設計之都」計畫，房仲企業與插畫家幾米合作，並以幾米的繪本《月亮忘記了》為主題設計而成，讓人一眼就能感受到濃厚的幾米風格。公車的外觀呈現出溫馨的夢幻色彩，車頂上站著一位可愛的藍色小童，舉著微笑的黃月亮，彷彿在安撫每一位乘客的心靈。車廂內則由熊熊司機引領，載著小男孩和圓月，並且裝飾著五顏六色的魔法書與可愛的小角色，營造出濃濃的童話氛圍。幾米月亮公車位於臺北101附近，交通便捷，周邊景點繁多，吸引了大量遊客來此參觀。無論白天或夜晚，這輛奇幻的公車都為臺北市增添了一份夢幻與藝術感，成為當地的熱門新景點。幾米月亮公車的存在，為臺北市增添了一份藝術與創意，無論是愛好藝術的遊客還是當地居民，都能在這裡找到一份溫暖與心靈的慰藉。,室外
133,臺北市,信義區,彩虹起跑線,🌳 都會休閒類,", 臺北市信義區市府路",,開放空間,886-2-27208889,,,其他,,,,,"{'PositionLon': 121.56339263916016, 'PositionLat': 25.037700653076172, 'GeoHash': 'wsqqqjzz0'}",非古蹟,"{'PictureUrl1': 'https://www.travel.taipei/image/191906', 'PictureDescription1': '彩虹起跑線'}",,2020年9月，臺北市第二道炫目的彩虹地景「彩虹起跑線」在臺北市東區誕生了！位於臺北市政府前市民廣場。此處彩虹地景由市府延伸至議會方向，類似跑道的形式上巧妙劃了一條線，就像是奔往幸福的起點般，不僅再次傳達臺北市提倡性平的初心，更呼應每年在市府前起走的臺灣同志大遊行。彩虹地景彷彿凝聚著所有人的期待與熱情，讓大家在市府前踩著堅定的步伐，穩穩地朝著幸福之路前進。(資料來源：臺北市政府觀光傳播局),室外
134,臺北市,信義區,微風南山,⛰️ 自然生態類,臺北市信義區松智路17號4樓,,• 百貨週日 ~ 週三 11:00 ~ 21:30週四 ~ 週六 (含例假日前夕) 11:00 ~ 22:00• 超市週一 ~ 週五 10:00 ~ 同百貨閉店時間 週六 ~ 週日 09:00 ~ 同百貨閉店時間,886-2-66389999,,http://www.breezecenter.com/,自然風景類,,,,,"{'PositionLon': 121.56596374511719, 'PositionLat': 25.03430938720703, 'GeoHash': 'wsqqqm3ek'}",非古蹟,"{'PictureUrl1': 'https://www.travel.taipei/image/180975', 'PictureDescription1': '微風南山'}",,微風集團2019年初開幕於信義區的百貨公司，是棟商場與辦公大樓結合的建築，內部商場集結了不少知名精品、各國美食料理及高樓景觀餐廳，同時也引進i-Ride Taipei飛行劇院，使微風南山成為了信義區流行時尚、血拚玩樂的必遊之地。,室外
135,臺北市,信義區,松山奉天宮,🏯 歷史人文類,臺北市信義區大道路116號,,,886-2-27279765,,http://www.ftg.org.tw/,廟宇類,自然風景類,,,,"{'PositionLon': 121.58467102050781, 'PositionLat': 25.037389755249023, 'GeoHash': 'wsqqqtzm2'}",非古蹟,"{'PictureUrl1': 'https://www.travel.taipei/image/492072', 'PictureDescription1': '松山奉天宮'}",,民國42年，松山地方仕紳及耆老溫金波、劉永浩等籌資搭建竹屋，供奉玉皇上帝為主神，並命名「松山奉天宮」。民國48年，永吉路開安宮自雲林褒忠鄉馬鳴山鎮安宮分靈「五年千歲」，因香火鼎盛，地方人士乃共議合併兩宮供奉之神祇，並籌畫於現址擴建。松山奉天宮坐落於四獸山中的虎山，緊鄰市政府、信義商圈，遠眺大屯、七星、紗帽、觀音等山峰。四獸山虎山步道位於奉天宮，是市民登山必經之地，人潮匯聚，形成熱鬧的市集，滿足登山客、附近居民衣食等民生需求，居高臨下，壯觀市容、美景盡收眼底。鬧中取靜，是市民爬山休閒、沉澱心靈的好去處。(資料來源：松山奉天宮 官方網站),室內
136,臺北市,信義區,松山慈惠堂,🏯 歷史人文類,臺北市信義區福德街251巷33號,,週一-週日: 6:00-22:00,886-2-27261735,,https://www.sstht.org.tw/,廟宇類,自然風景類,,,,"{'PositionLon': 121.58747100830078, 'PositionLat': 25.03653907775879, 'GeoHash': 'wsqqqvc23'}",非古蹟,"{'PictureUrl1': 'https://www.travel.taipei/image/67453', 'PictureDescription1': '松山慈惠堂'}",,「山不在高，有仙則名，水不在深，有龍則靈」。位於台北市福壽山麓的松山慈惠堂，是由一位奉道至誠、德行雙修的女居士現任堂主郭葉子，秉持神道設教，濟渡眾生，啟迪信眾靈修，淨化人心，在悲天憫人，度己度人的慈悲心懷之理念而創建。松山慈惠堂供奉無極瑤池大聖西王金母，此地環境優雅，神韻朗然，氣勢靈秀雄偉，青山環抱，誠為聖真仙佛聚居之境，善信大德修心養性靈修之所，更是遊覽觀光必到之洞天勝地。該堂占地面積約一萬餘坪，係由架構精密之五層樓建築群組合而成，廟宇巍峨，高聳雲天，左右再配以塔式鐘鼓樓，更顯得氣勢磅礡，雄偉壯觀。佇立二樓大殿陽台之上，俯看台北大都會，市容景色盡收眼底，令你遊心興奮，留連忘返。其殿堂設計以中國廟宇傳統建築樣式為主體，吸收明清宮殿藝術特點，新舊教併，古色古香，點綴掩映於蒼松翠柏之中，紅磚黃瓦，真所謂萬綠叢中一點紅也，令人神往之。,室內
137,臺北市,信義區,松山文創園區,🛍️ 商圈市集類,臺北市信義區菸廠路88號巴洛克花園,,【全園區】園區內-室內區域：9:00~18:00園區內-戶外區域：8:00~22:00園區生態景觀池周邊範圍：24小時開放【松菸小賣所】營業時間｜每日10:00-18:00營業地點｜東向製菸工廠1樓【服務中心】9:00~18:00。若租借相關器材或使用置物櫃，請於17:30前至服務中心歸還或提領。,886-2-27651388,,http://www.songshanculturalpark.org/,藝術類,遊憩類,遊憩類,,,"{'PositionLon': 121.56063079833984, 'PositionLat': 25.043689727783203, 'GeoHash': 'wsqqqpjdp'}",非古蹟,"{'PictureUrl1': 'https://www.travel.taipei/image/491977', 'PictureDescription1': '松山文創園區'}",,松山文創園區位於臺北市信義區，是一座著名的文化地標。其前身為1937年建成的臺灣總督府專賣局松山菸草工場，是臺灣首座專業捲菸廠，見證了臺灣現代化工業的起步與發展。園區內的建築風格以「日本初現代主義」為主，設計簡約卻不失精緻。面磚、琉璃與銅釘等高品質建材的運用，展現出當時高水準的建築工藝。儘管工廠於1998年停產，但在2001年被指定為市定古蹟後，這片歷史場域得以被妥善保存並轉型為當代文創集合園地。如今的松山文創園區已成為藝文展演與設計交流的核心地帶。園區內經常舉辦國內外展覽、手作工作坊、市集等多元活動，涵蓋藝術、設計、文創等領域。無論是欣賞國際知名的藝術展覽，還是發掘本地創作者的作品，都能在這裡找到靈感與樂趣。除了歷史與藝術，園區內的自然景觀也令人流連。巴洛克花園的幾何美感與生態景觀池的綠意盎然，為繁雜的信義區提供了一處鬧中取靜的休憩空間，是都市中難得的放鬆好去處。松山文創園區以文化再造的方式，讓歷史場域煥發新生命，成為臺北最具代表性的文創景點之一。不論是歷史迷、設計愛好者，還是單純想找個地方放鬆心靈的人，這裡都值得一再造訪！,室外
138,臺北市,信義區,松山文創園區_松菸風格店家,🛍️ 商圈市集類,臺北市信義區光復南路133號,,營業時間｜每日10:00-18:00營業地點｜東向製菸工廠1樓※每月最後一個週二為公休日,886-2-2765-1388,,https://www.songshanculturalpark.org/visit/class/76643952-e8ab-4534-8aea-61aef95d8fa4,藝術類,遊憩類,,,,"{'PositionLon': 121.56063842773438, 'PositionLat': 25.04384994506836, 'GeoHash': 'wsqqqpjfb'}",非古蹟,"{'PictureUrl1': 'https://www.travel.taipei/image/177803', 'PictureDescription1': '松山文創園區_松菸風格店家'}",,「松菸風格店家」創意聚落，一個讓創作者與創作者、消費者、使用者交流對話的空間。延續創新整合與空間原有之製造精神，強調實作精神的前店後廠模式、傳達夢想實踐與品牌精神的快閃店模式、展現松菸製造的創意整合實體產品概念，集結獨特、態度、個性、創意及實作。親身體驗「松菸風格店家」，瞭解成熟品牌的風格、微型業者的夢想實踐、創作者相互激發的跨界創意；松菸製造，一路走來，堅持！(資料來源:松菸風格店家),室外
139,臺北市,信義區,松山火車站,⛰️ 自然生態類,臺北市信義區市民大道六段228號,,,886-2-27673819,,https://www.railway.gov.tw/tra-tip-web/tip/tip00H/tipH41/viewStaInfo/0990,遊憩類,自然風景類,,,,"{'PositionLon': 121.57827758789062, 'PositionLat': 25.04928970336914, 'GeoHash': 'wsqqw84de'}",非古蹟,"{'PictureUrl1': 'https://www.travel.taipei/image/63208', 'PictureDescription1': '松山火車站'}",,松山火車站是台灣少數幾的歷史最悠久車站之一，從清朝光緒年間興建基隆到新竹的第一條鐵道，松山就已經是一個簡易的售票房，松山地區的開發很早，原來是凱達格蘭平埔族貓裏即吼社的聚落，舊地名為「大加納錫口街」，光緒十三年（1887），當初所使用的車票是以龍馬郵票來替代。日治時代大正九年，大加納溪口街改名為台北州七星郡松山莊，「錫口車站」也改名為「松山車站」。,室外
140,臺北市,信義區,永春陂生態濕地公園,⛰️ 自然生態類,臺北市信義區松山路657號永春陂生態濕地公園,,,886-2-27853819,,,生態類,都會公園類,自然風景類,,,"{'PositionLon': 121.58007049560547, 'PositionLat': 25.032529830932617, 'GeoHash': 'wsqqqt5ch'}",非古蹟,"{'PictureUrl1': 'https://www.travel.taipei/image/182257', 'PictureDescription1': '永春陂生態濕地公園'}",,永春陂公園原為軍方使用之永春陂營區，民國89年部隊移防至新店後閒置多年，並於民國105年變更為公園用地，後由臺北市政府工務局大地工程處規劃設計成為現在的永春陂生態濕地公園。 永春陂生態濕地公園位在信義區四獸山下，占地約4公頃，兼具環境教育、生態復育及歷史價值的第一座都會型濕地生態公園，於民國109年正式開幕供民眾前往遊憩，同時票選出不時會於園區內出沒的領角鴞作為公園的代言動物，走訪園區時不訪多留意，也許就能夠看見領角鴞的美麗身影呢！,室外
141,臺北市,信義區,糶米古道,⛰️ 自然生態類,臺北市信義區吳興街600巷100弄糶米古道,,全天,886-2-27593001,,,自然風景類,,,,,"{'PositionLon': 121.5731201171875, 'PositionLat': 25.015199661254883, 'GeoHash': 'wsqqq3yu5'}",非古蹟,"{'PictureUrl1': 'https://www.travel.taipei/image/112834', 'PictureDescription1': '糶米古道'}",,糶（ㄊㄧㄠˋ）米古道的「糶」字，發音「ㄊ一ㄠˋ」，是「出售穀物」的意思。「糶米」，就是「賣米」的意思。清道光年間，三張犁地區的農民，為了節省運送時間與體力的保留，決定不走遠的平地道路，便開闢了這條山中小徑，總共五百個石階這條小徑的開拓，讓南港、木柵、深坑、景美等地米糧得以快速運送，也增加貿易之用。因為古道上有座糶米公廟，所以被稱「糶米古道」，也有人稱「挑米古道」，由於階梯較陡，相傳當時的人在挑米的路上中，多會在此落腳休息，為了感謝土地公保佑他們的路途順利，歇腳時總會留下一碗米。久而久之，居民們便蓋了一座簡單的石砌小廟，對土地公表示敬意，經過幾次修建之後，成為現在的「糶米公廟」。附近還有個「德興煤礦坑口」，德興煤礦約從1897開始開採，民國35-37年代為高峰，後來礦脈枯竭，松山煤成了絕跡，現留下礦坑口供遊客參觀。民國一百年整建將糶米古道石階重鋪、設置拱橋、木棧道與糶米古道路線的解說牌，便是現在大家看到的樣子。,室外
142,臺北市,信義區,臺北市政府,🏯 歷史人文類,臺北市信義區市府路1號,,星期一-星期五 08:30–17:30,886-2-27208889,,https://www.gov.taipei/Default.aspx,公共設施類,古蹟類,,,,"{'PositionLon': 121.5638198852539, 'PositionLat': 25.037450790405273, 'GeoHash': 'wsqqqmbjd'}",非古蹟,"{'PictureUrl1': 'https://www.travel.taipei/image/182320', 'PictureDescription1': '臺北市政府'}",,臺北市政府所在的市政大樓是信義計畫區的地標之一，座落於仁愛路尾端，若登上台北101俯瞰市政府，可以看見整棟建築呈「雙十」型態，而位於市政大樓裡面的台北探索館，有著豐富展示內容及導覽服務，是許多國內外遊客認識臺北的第一站。臺北市政府是臺北市的行政機關，成立於民國34年10月。於56年7月1日正式改制為直轄市，改制後臺北市長原為官派，至民國83年12月25日改為民選市長。自改制以後，隨市政建設急切需求，組織結構變遷，除裁撤、歸併不合時宜的機關(構)外，同時陸續成立許多機關、學校。目前市政府所轄組織，設有民政局、財政局、教育局、產業發展局、工務局、交通局、社會局、勞動局、警察局、衛生局、環境保護局、都市發展局、文化局、消防局、捷運工程局、臺北翡翠水庫管理局、觀光傳播局、地政局、兵役局、體育局、資訊局、法務局及青年局等23局；秘書處、主計處、人事處、政風處及公務人員訓練處等5處；以及研究發展考核委員會、都市計畫委員會、原住民族事務委員會及客家事務委員會等4委員會；另有臺北自來水事業處及臺北大眾捷運股份有限公司、工程總隊及動產質借處等4事業機構及12個區公所。(資料來源:臺北市政府網站),室外
143,臺北市,信義區,臺北市議會,🌳 都會休閒類,臺北市信義區仁愛路四段507號,,,886-2-27297708,,https://www.tcc.gov.tw/,公共設施類,,,,,"{'PositionLon': 121.56198120117188, 'PositionLat': 25.038150787353516, 'GeoHash': 'wsqqqnn9z'}",非古蹟,"{'PictureUrl1': 'https://www.travel.taipei/image/180465', 'PictureDescription1': '臺北市議會'}",,臺灣光復初期，為奠定地方自治基礎，民國34年12月26日臺灣省行政長官公署公布「臺灣省各級民意機關成立方案」 ，並根據國民政府公布的「市參議會組織條例」及「參議員選舉條例」，於民國35年4月15日成立臺北市參議會；參議會雖為民意機關，但在當時僅具諮詢性質而已。民國38年12月7日國民政府遷臺後，地方自治制度並未遵循憲政體制運作，於民國39年4月24日另頒「臺灣省各縣市實施地方自治綱要」做為在臺灣推動地方自治的依據，該會隨之進入省轄市市議會時期。民國56年7月1日臺北市由省轄市升格為直轄市，迄至第１屆直轄市議會成立為止(民國58年12月25日)為過渡時期，由臺北市臨時市議會踐行職權。但有關直轄市自治的法制並未完備，仍以行政命令－民國56年6月22日行政院訂頒「臺北市各級組織及實施地方自綱要」做為直轄市自治的法源。民國83年7月29日「直轄市自治法」公布施行後，臺北市議會在地方自治的立法權、財政監督權及行政監督職權，始獲得法律保障，並真正落實憲法條文第118條「直轄市之自治，應以法律定之」的規範。為因應中央與地方分權的時代潮流，民國88年1月25日公布施行的「地方制度法」，將直轄市與省縣(市)自治分流的規範整合為一，開啟臺灣地方自治發展史的新頁。臺北市議會為地方立法機關，代表市民監督市政，由代表多元社會的各區議員行使立法職權。在經由提案、討論、辯論、協商的過程中，依「服從多數、尊重少數」的多數決民主原理，使多元的民意，能夠成為市民共同遵循的政策與法律，保障地區住民的權益。近年來，議會在致力反映民意、監督市政、府會關係和諧、政黨協商、城市交流之餘，也戮力提昇議事資訊公開及e化等工作。希透過立法監督，督促市政府興利除弊、增進市民福祉、提高市民生活品質，克盡地方立法機關職責。(資料來源：臺北市議會),室外
144,臺北市,信義區,誠品畫廊,🎨 藝文展館類,臺北市信義區菸廠路88號B1F,,,886-2-66365888 #1588,,https://www.eslitegallery.com/,藝術類,,,,,"{'PositionLon': 121.56146240234375, 'PositionLat': 25.0445499420166, 'GeoHash': 'wsqqqpnr5'}",非古蹟,"{'PictureUrl1': 'https://www.travel.taipei/image/181582', 'PictureDescription1': '誠品畫廊'}",,成立於1989年，在創辦人吳清友先生的堅持之下，誠品畫廊始終以華人當代藝術的扶植與推動為職志，希望與深具潛力的華人藝術家與收藏者們，一同書寫屬於我們的歷史。誠品畫廊將眼光投向未來，以高度專業與品質的自我要求，打造出兼具藝術創作與藝術收藏領域的標誌性專業經營者。(資料來源:誠品畫廊),室內
145,臺北市,信義區,象山公園,⛰️ 自然生態類,臺北市信義區信義路五段150巷象山公園,,全天,886-2-27853819,,https://parks.taipei/parks/m2/pkl_parks_m2C.php?sid=563,都會公園類,自然風景類,,,,"{'PositionLon': 121.57010650634766, 'PositionLat': 25.030420303344727, 'GeoHash': 'wsqqqkssu'}",非古蹟,"{'PictureUrl1': 'https://www.travel.taipei/image/88832', 'PictureDescription1': '象山公園'}",,象山公園前身為中強公園，因依傍象山而興闢，將其更名為「象山公園」，更符合地理環境特色及民眾期待。而公園中棲息著唯一以臺北命名的保育類動物「台北樹蛙」，如此珍貴的生態資源值得人們細心呵護，進而由其中學習與自然和諧共處。因此，公園中許多設施的設計均融入台北樹蛙的語彙或顏色，如鑲嵌於地面的樹蛙腳印，象徵自然生命的跳躍；公園內的園燈上也有樹蛙剪影和樹蔭相映成趣，座椅扶手的顏色、公共廁所的牆面、天花板等，均呼應象山公園特有之生態資源。公廁外牆特別邀請心靈畫家曾日昇老師透過花卉、綠草、樹蛙彩繪帶給大家無形的生命能量，彩繪緊鄰兒童遊戲場，讓遊玩中的兒童及休憩中的家長看到這些鮮豔的花朵，身心就會愉快放鬆。象山公園兒童遊戲場的設計，呼應當地特有的台北樹蛙資源，整體空間以「樹蛙歷險記」為設計概念，透過平面與中央地景丘的營造，象徵樹蛙於水中、陸地、樹上的三態生活。地景丘同時結合了攀岩、爬繩、滑梯、孔洞、階梯等多樣設施，讓孩童們自由的發揮，創造屬於自己的玩法。另外亦有攀爬網組，包含吊橋踏板、蜘蛛網狀及X形網組合，供大孩子們運用肌肉伸展體驗。遊戲場中有3種款式的鞦韆，可供6歲以上孩童使用的一般鞦韆、6歲以下幼童為主的包覆式鞦韆，以及國內首座雙人鞦韆，可供2名孩童或家長與孩子共乘使用，使家長與孩童享受親密互動。同時，屬於無障礙式的搖滾盤，設置於遊戲丘下方，孩子們或躺或坐，甚至站立其上，體驗搖晃或擺動的驚喜感。(文字資料部分來自臺北市工務局),室外
146,臺北市,信義區,香堤大道廣場,🌳 都會休閒類,臺北市信義區松智路松仁、松壽、松高路段之間,,,886-2-27208889,,,遊憩類,,,,,"{'PositionLon': 121.56697845458984, 'PositionLat': 25.037250518798828, 'GeoHash': 'wsqqqmfke'}",非古蹟,"{'PictureUrl1': 'https://www.travel.taipei/image/457974', 'PictureDescription1': '香堤大道廣場'}",,位於信義區新光三越A9-A11之間的香堤大道廣場，是繁華商圈的核心地帶，也是遊客和當地居民最常聚集的地方。這裡不僅是購物的熱門地點，更是多樣化活動的中心，常年吸引大量人潮，形成了獨特的城市景觀。定期舉辦活動香堤大道廣場因其多功能的開放空間而聞名，提供了一個適合各種活動的地方。這裡定期舉辦廠商行銷宣傳、藝人簽唱見面會、活動展覽等大型活動，是商家和藝人與群眾互動的絕佳場所。此外，特殊節慶時，廣場上更是熱鬧非凡，豐富的活動讓人目不暇給。不定時的藝文表演廣場上不定時會有街頭藝人和音樂表演，這些演出為廣場增添了更多活力和藝文氣息。無論是悠閒散步，還是特意來此觀賞表演，都能讓人感受到濃厚的都會感。舒適的開放空間香堤大道廣場也是提供休息的好地方。逛街逛累了，可以在這裡找個座位，享受一下悠閒的時光。寬敞的廣場設計和綠意盎然的環境，使其成為都市中難得的休憩空間，讓人身心放鬆，盡情享受都市生活的便利與愜意。,室外
147,臺北市,內湖區,五分吊橋遺址,🏯 歷史人文類,臺北市內湖區安康路402號,,開放空間,886-2-27208889,,https://nchdb.boch.gov.tw/assets/advanceSearch/historicalBuilding/20040715000002,古蹟類,遊憩類,,,,"{'PositionLon': 121.6138916015625, 'PositionLat': 25.0651798248291, 'GeoHash': 'wsqqx6ux3'}",非古蹟,"{'PictureUrl1': 'https://www.travel.taipei/image/215394', 'PictureDescription1': '五分吊橋遺址'}",,為臺北市區基隆河少數現存之吊橋遺址。吊橋之設立係作為早期內湖地區運送煤礦之交通要道，其遺址乃地方產業發展之歷史見證。該吊橋為內湖區跨越基隆河最早的一座煤炭運輸專用吊橋，吊橋橋面已於民國60、70年間拆除，目前只殘留北河岸的橋柱。(文字來源：國家文化資產網),室外
148,臺北市,內湖區,五指山系_大崙頭尾山親山步道,⛰️ 自然生態類,臺北市內湖區碧山路26-6號,,開放空間,886-2-27593001,,,自然風景類,,體育健身類,,,"{'PositionLon': 121.5776596069336, 'PositionLat': 25.105640411376953, 'GeoHash': 'wsqqyd64u'}",非古蹟,"{'PictureUrl1': 'https://www.travel.taipei/image/64325', 'PictureDescription1': '五指山系_大崙頭尾山親山步道'}",,大崙頭山與大崙尾山位於五指山系西伸的主稜上，自東北向西南延伸，大崙尾山海拔451公尺，巨岩羅列、聳立成峰，大崙頭山海拔475公尺，是內湖地區最高的山脈，山頂平台視野廣闊，登高遠望風光極佳，兩山並列，氣勢懾人，成為士林中央社區重要的地標。大崙頭尾山親山步道大崙尾山因斷層通過、地勢較陡，加上水源區的保護下開發較少，自然生態植物保存完整，自中央社區登山口進入，迎面的是寬闊平坦的碎石路，與路旁的高聳林蔭相襯，一路走來涼爽舒適；山頂設有觀景台，可眺望外雙溪、陽明山一帶景致。步道往大崙頭山前進，位於山腰處的大崙湖，湖水碧綠、倒映山色；往大崙頭山的碧山路兩旁，秋芒迎風搖曳，涼爽宜人，山區北面有自然步道與萬溪產業道路銜接，步道隱密林中，內雙溪森林自然公園蓊鬱林相始終一路相陪。只緣身在此山中通往森林的路徑是寬敞舒適的枕木棧道。全段架高在樹木層中，不但可避免對地表岩石和植物造成傷害，也方便遊客觀察自然；每走一小段路就出現的解說牌，引領我們更了解四周的地質和生態環境。一路上有時會看到由步道中「竄出」的樹木，其實它們原本就長在那裡，我們借用了人家的地盤，當然就讓棧道環繞著它而搭起。這樣一來，林間原有的自然風貌得以保留下來，而我們也有方便舒適的步道可使用，豈不兩全其美。共享自然，大家都歡喜。森林中的「原住民」能保有生活空間，所以依然悠遊自在，蟲鳴鳥叫不絕於耳，時常也見松鼠跳躍林間。儘管一路上都在爬坡，豐富的生態不免讓人放慢腳步，或駐足欣賞，或對照解說牌，所以走完全程只覺輕鬆愉快，不會氣喘吁吁。若是中途還是想歇歇腳，時常拐個彎，路旁就有枕木平台，可觀景也可歇息。難得在都市的近郊，有長約一公里的天然枕木可踩踏，「識貨」的登山客多半赤腳體驗這舒暢身心的森林之旅。林相豐富其來有自由親山步道入口前往大崙尾山，迎面而來是一段寬闊平坦的碎石路。路旁高大樹木經風吹拂、樹葉沙沙作響聲，和行走碎石之上的踩踏聲正好「一唱一和」，看來漫步森林間的美好體驗顯然還會延續下去。即便其他路段多半是石階路，蓊鬱山林始終一路相隨。進入這個大自然的生態綠廊，林相成熟豐富，因為森林步道穿越過隱密且幾乎未開發的大崙頭山西面山麓，而大崙尾山雖然沒有原始森林，但是因為地勢較陡，開發不易，加上地處水源區，因此人為干擾較少、自然生態也就保存得比較好囉。在大崙頭山和大崙尾山之間的迎風面，終年受強風衝擊，樹高明顯下降，就形成由紅楠、森氏楊桐、大頭茶、小葉赤楠等植物所組成的「風衝矮林」。而東北季風造成的冷溫效應，使得原本在有如兩千公尺高的中海拔生態環境才能生長的植物，在這四百多公尺高的環境也能存活，形成了極為特殊的植物北降現象。例如原本長有溫帶地區的野鴨椿、雷公藤等落葉植物，在這裡一樣活得精采。山頂地區出現暖溫帶闊葉林，較溫暖的溪谷地則有熱帶地區常見的板根、幹生花等植物，加上原屬的亞熱帶闊葉林生態系，等於濃縮熱帶、亞熱帶、暖溫帶於一地，孕育出獨特且豐富的壓縮型生態系。登高遠眺好風景大崙頭山是內湖區最高的山脈，登高望遠絕對有好風景。山頂平台視野遼闊，廣場兩側都有觀景處。左側近景有大崙尾山和獅頭山，右側下方的小山丘則是圓仔山。從這裡遠眺大崙尾山，氣勢特別雄偉，不像是只有四百多公尺的小山。向北眺望，台北北邊的屏障大屯山系群山，以及紗帽山的火山造型清晰可見；山谷對岸的平等里即是火山噴發時熔岩流造成的平台。走至另一頭，五指山和內湖大湖公園一帶湖光水色相映，越過基隆河，由汐止綿延至平溪、石碇、基隆的山巒一望無際。大崙尾山頂附近不僅休憩涼亭多，觀景處也不少。山頂平台非常遼闊，設有簡單的觀景台，可眺望外雙溪、陽明山國家公園一帶的景緻。沿小階梯下到附近搭棚小屋旁的平台，又是不同的體會。接近山頂、步道旁的大型瞭望台，則有360度的全景視野，環顧四周綿延起伏的五指山系和汐止方向群峰山巒，頗有登上艦艇、雄霸一方的乘風快意。,室外
149,臺北市,內湖區,五指山系_白鷺鷥山_康樂山_明舉山親山步道,⛰️ 自然生態類,臺北市內湖區金湖路289號,,開放空間,886-2-27593001,,,自然風景類,,,,,"{'PositionLon': 121.60137176513672, 'PositionLat': 25.075260162353516, 'GeoHash': 'wsqqxhg3v'}",非古蹟,"{'PictureUrl1': 'https://www.travel.taipei/image/98384', 'PictureDescription1': '五指山系_白鷺鷥山_康樂山_明舉山親山步道'}",,白鷺鷥山、康樂山、明舉山這三座山在大湖公園與老樹的簇擁下，形成三段串連的親山步道，也是內湖區居民經常運動、健身、聚會的地方。白鷺鷥山親山步道白鷺鷥山親山步道為內湖大湖公園旁，這條步道因左彎右拐、蜿蜒繞行而上，因此又叫五十彎步道，通常走至半途就已分不清東西南北方向了，所以指北針在這時是相當好用的。白鷺鷥親山步道谷地古老的蕨類植種類豐富，像是筆筒樹、觀音座蓮，其他如相思樹、江某樹也都長得頭好壯壯，能散發出令人心曠神怡的芬多精。康樂山親山步道康樂山步道起點位於內湖成功路五段黃石公廟旁，步道上林蔭遮天、涼風習習，是晨運族最常去的山中小徑，步道的最高點也是欣賞大湖公園的最佳據點。途中的橄欖樹、大榕樹無疑都是步道主要的地標，尤其是後者，有樹圍寬4公尺的老榕，枝葉繁盛、綠意盎然，當地人稱其為「榕伯神木」。明舉山親山步道明舉山親山步道保有較多的森林原貌，途中的三棵大葉雀榕大樹，樹圍與康樂山的榕伯神木差不多，有三巨頭之稱，是一條鄉野氣息濃郁的狹窄山徑。山友從事明舉山親山步道健行，通常會與前述的白露鷥山、康樂山親山步道一起同遊；明舉山一路走到出口處，正是內溝生態展示館所在，順道進入館內參觀便成為假日休閒的最佳活動。原始森林樂趣多怎麼樣，週末假日來一趟步道探險之旅吧。先從白鷺鷥山走起，登山口是條小徑，也許是離市區太近，繞過廢土區和菜畦，空氣中還殘存著混雜的氣味，戀戀芬多精的期待油然而生。 白鷺鷥山步道又名「五十彎步道」，繞著平緩步階蜿蜒而上頗為悠閒，但左彎右拐間，走到半途通常就已分不清東南西北。不過，你一定還是會發現，姿態不一的枯木栽在步道這般奇景。其中大部分是在這林中經常出現的山黃麻。在台北近郊的自然殘留林裡，山黃麻數量這般多並不常見。山谷地的古老蕨類像是筆筒樹和觀音座蓮，也飆到一、二層樓高，這種林相在內湖地區倒是不常見到。往南坡方向也可找到頭好壯壯、樹圍約一個人抱的相思樹和江某樹。高大樹木散發出令人心曠神怡的芬多精，此刻只覺神清氣爽，彷彿從山林之間汲取了不少能量。探訪老樹伯不讓白鷺鷥山專美於前，康樂山和明舉山也都有古老的樹木，體格壯碩的也不在少數。康樂山步道上，還有台北市最大的橄欖樹呢。這樹圍近300公分的百歲樹伯屹立在上坡水泥路面途中、山海寺遺跡旁，據說這寺廟因屬違建所以難逃被拆除的命運，而百年來橄欖老伯不知歷經多少風雨還是依舊萬年長青，身子骨一樣硬朗如昨。告別老橄欖樹往上走，水泥路面已消失，取而代之的是樸質樹根和泥土路徑。幽雅靜謐的森林中途，經過一棵枝葉繁盛的大榕樹。如此「德高望重」，自然是康樂山步道的地標，當地人還稱它為「神木」。顧名思義，這樹圍約四公尺的榕伯當然也是長壽一族啦。明舉山在步道後段，也有一棵和「康樂山神木」樹圍不相上下的大葉雀榕。這條鄉野氣息濃厚的狹窄山徑，在入口不遠處和中途另有兩顆大榕樹，雖然年代不可考，在這視野較不寬闊的路段上，這「三巨頭」可是沿途重要的景觀。湖光山色它自美五指山系位於台北盆地的東北向，不論地形或氣候都是處在轉接的位置，是季風隨著基隆河谷進入平原的出口，也是周遭廣大群山進入平地的前哨。因為壓縮兩種生態特色，所以物種特別豐富。這說明了三個山丘雖不高卻有清幽環境和茂密林相的原因。康樂山的高度只有白鷺鷥山的一半，但也許是距離產生美感，大湖公園就在白鷺鷥山山腳下，康樂山步道的最高點卻是欣賞大湖公園的最佳地點。而白鷺鷥山山頂的平台除了近處的大湖公園、五指山系，還可遠眺汐止、基隆一帶。附近有一間簡陋的屋棚，旁邊還有卵石步徑，地面是未整修的黃土，和前後步道整齊的石階大異其趣。但白鷺鷥山倒是在「五十彎」的首個彎道就出現第一個休憩涼亭。不像康樂山是在步道盡頭才見名為「山水亭」的涼亭可供休息。因為兩個路段路程差距不大，山頂也都有地方可歇歇腳，所以其實休憩點也都夠用。至於路徑原本就較狹窄的明舉山步道，一路走到出口處，直接來到內溝溪畔聽溪流潺潺，洗去一身疲憊，更是舒暢愜意。,室外
150,臺北市,內湖區,五指山系_金面山親山步道,⛰️ 自然生態類,臺北市內湖區環山路一段136巷底號金面山步道,,開放空間,886-2-27593001,,,自然風景類,,,,,"{'PositionLon': 121.56794738769531, 'PositionLat': 25.08867073059082, 'GeoHash': 'wsqqwr704'}",非古蹟,"{'PictureUrl1': 'https://www.travel.taipei/image/222474', 'PictureDescription1': '五指山系_金面山親山步道'}",,金面山為五指山系之西南稜，分金面山與小金面山，這座山地質忠的安山砂岩含有石英，因此當太陽照射時遠望山頂閃閃發光，當地人便稱之為金面山。登山步道約2.3公里，全線約3公里，步行時間約1小時40分鐘。金面山親山步道金面山親山步道位於內湖環山路德明財經技術大學旁，步道自起點開始就可見幾近垂直的大岩壁，沿途盡是古樸的砂岩石階，隨著坡度漸漸上升，石階路改由直徑超過100公尺以上的大岩壁取代，登上半山腰，有一處清代採石場的石堡瞭望台，是明顯的地標，山頂巨岩間當然是一處眺望臺北市景、基隆河沿岸的最佳駐腳點。步道沿線向東再經過小金面山不久便來到內湖路三段金龍禪寺附近，也是親山步道的尾段部份了。剪刀石山金面山位於內湖金龍產業道路西邊，因從碧山巖方向看過來，山頂巨石形貌有如鳥嘴般尖銳，因此又名剪刀石山，海拔雖僅258公尺卻獨具高山氣勢，山谷曾是清代時期臺北建城時，所用石材的大石之地，巨岩錯落起伏、崢嶸並立，如今仍留有開採痕跡，置身山頂可以遠眺內湖大埤及臺北街景，視野開闊、景致優美。清代打石場遺跡在步道山腰的、看起來毫不起眼，甚至破舊的遮棚休息處，這裡不但是市定古蹟，也是見證臺北建城的地方，清朝光緒年間，臺北府城牆石材大都採自於此的石英砂岩，當年採石的範圍從金面山往東至小金面山。如今遮棚旁還可看見鑿孔痕跡和切割整齊散落的石塊，這便是打石場遺跡所在。氣勢不凡傲群峰如果你對臺北近郊的登山步道興趣缺缺，覺得困難度不高、一點也沒有挑戰性，那是因為你不曾造訪過具高山氣勢的金面山：初入登山口，步道旁陡峭大岩壁幾近垂直、巍巍矗立於溪澗上方，這般的氣勢就已不同於其他郊山。沿途古樸的砂岩石階只容一人通行，不一會兒的功夫，路的兩旁竟出現此起彼落的大岩塊。隨著坡度漸漸向上攀升，石階路已消失無蹤，由重重直徑超過一百公尺的大岩壁取而代之。原本好端端、直立兩旁的巨岩，倒成了第一主角，就這麼硬生生的橫立在前，擋住了前行路。不論是大展身手，還是要試煉自己的膽識、體力和意志力，攻頂前都得越過這一片天然的健身場。通過大自然的考驗，登頂前到貼滿風景照的「論劍亭」涼亭稍作休息，遇分岔路往右側前行，不久就來到山頂，進入剪刀石的地盤。金面山另有「剪刀石山」的稱號，因為從內湖碧山巖的方向望來，山頂巨岩形貌狀似鳥嘴尖。此地巨岩錯落起伏，氣勢萬千，有些崢嶸並立，有的呈一柱擎天狀，纍纍巨石林立山頭是難得一見的奇景。盡享360度絕妙美景造訪剪刀石是遊金面山的重頭戲，除了欣賞特殊景觀，這裡還有一流的展望視野。登上半山腰，清代採石場和石堡瞭望台都是遠眺臺北盆地不錯的景點，但是以基隆河沿岸最為清楚。在山頂巨岩間，令人目不暇給的360度全景環伺在旁：東望內湖大埤(碧湖公園)，北眺碧山巖附近山陵及五指山；向南則可俯瞰基隆河、松山機場、美麗華摩天輪、101高樓等台北市景。西邊則俯瞰臺北盆地與基隆河，登頂遠望，北市都市風光盡收眼底，是處值得登高俯瞰的好地方。此時，找一塊孤懸崖壁的巨岩，享受張臂迎風的快意，或者就躺在上面，恣意舒放方才攀岩的緊繃，若是三五好友坐在這開闊的天地之間暢所欲言，那滋味絕非窩在城市角落喝下午茶所能比擬。生態觀察輕鬆行才離開剪刀石區，又遇見一份奇景：陽光照射之下地面閃閃發亮，明明是走在雪白的砂岩背稜，卻宛如行走在海岸。這是因為這一帶的安山石砂岩內含石英，早期當地人向山上仰望時，就是驚艷於山頂的閃閃亮光，便稱這座山為「金面山」。巨石林立的環境，想必土壤並不肥沃，加上氣候乾燥及受到迎面風衝的影響，能在這立足的植物可得「吃苦耐勞」。生長在稜線是耐風耐乾旱的桃金孃、車桑子、細葉饅頭果、南嶺堯花等植物；打石場附近，白毛臭牡丹和白桕叢生，還可見在金面山數量可觀的相思樹。而步道中首次可俯瞰內湖地區和基隆河的平台「白桕坪」，除了主角白桕，還有一棵其他地方罕見、只分佈在基隆河以北的刺葉桂櫻。從登山入口往山頂途中，在其他山林中只能仰天遠望的樹種，因為長得不夠高大，變得親和力十足，就近觀察方便多了。沿途有幾處涼亭，做生態觀察的同時，不愁沒地方可歇歇腳。,室外
151,臺北市,內湖區,內湖737商圈,🛍️ 商圈市集類,臺北市內湖區內湖路一段737巷33弄6號1樓,,,886-2-26279895,,,小吃/特產類,自然風景類,,,,"{'PositionLon': 121.57865905761719, 'PositionLat': 25.079740524291992, 'GeoHash': 'wsqqwtduh'}",非古蹟,"{'PictureUrl1': 'https://www.travel.taipei/image/181702', 'PictureDescription1': '內湖737商圈'}",,早上是當地居民買菜採買的麗山市場，晚上為內湖737美食商圈。搭乘捷運至港墘站1號出口步行約10分鐘即可抵達。內湖737商圈說長不長，但卻有不少特色台灣小吃、美食餐廳，交通位置便利，因此吸引不少遊客及下班後來內湖737商圈逛逛覓食的上班族。內湖737商圈亦鄰近著名的歐式風格的湖光教會、臺北花卉市場、風光明魅的碧湖，讓內湖737商圈充滿魅力與驚喜，成為拜訪內湖時必遊逛之處。,室外
152,臺北市,內湖區,內湖復育園區,⛰️ 自然生態類,臺北市內湖區潭美街587號內湖復育園區,,開放空間,886-2-27208889,,,遊憩類,自然風景類,,,,"{'PositionLon': 121.603271484375, 'PositionLat': 25.06100082397461, 'GeoHash': 'wsqqx4hyc'}",非古蹟,"{'PictureUrl1': 'https://www.travel.taipei/image/89301', 'PictureDescription1': '內湖復育園區'}",,園區北面七星山，南臨基隆河，東起南湖大橋，西至安美街佔地約10公頃，包含平坦區及一座約40公尺的小山丘，小山丘當初在清除工程時規劃保留下來，讓民眾親身體驗全國第一座垃圾山如今已化身為美麗的復育園區，一顆重生的都市之肺，更讓基隆河恢復一抹清淨。園區分為復育林區、遊憩區及高灘地，其中遊憩區內規劃有陽光草坪、活動廣場、景觀廣場、願景相框及觀景台等，光是陽光草坪面積就達一萬多平方公尺，相當於一點五個足球場大小，民眾可在這放空仰望藍天、奔馳遊樂。園區內植物已有多達162種、動物41種以上，自然生態豐富，喬木、灌木如山黃麻、水麻，吸引成群鳥類擇內湖復育園區棲息。循著生態步道沿途欣賞風景，登上觀景平台後更可眺望世界指標臺北101大樓，臺北美景盡收眼底。,室外
153,臺北市,內湖區,內溝溪生態展示館,🎨 藝文展館類,臺北市內湖區康樂街256-3號,,9:00-17:00（每週三及農曆春節期間公休）,886-2-26347851,,http://geneigousi.blogspot.com/,生態類,自然風景類,遊憩類,,,"{'PositionLon': 121.6225814819336, 'PositionLat': 25.087379455566406, 'GeoHash': 'wsqqxx4be'}",非古蹟,"{'PictureUrl1': 'https://www.travel.taipei/image/98387', 'PictureDescription1': '內溝溪生態展示館'}",,內溝溪生態展示館於93年7月10日開幕啟用，一樓設有內溝溪流域環境地形模型（1/500比例尺）及陳列昔日內溝地區產業樣品，並有內溝當地生態圖片及標本，配合志工解說，讓參訪民眾瞭解內溝溪周邊環境及當地人文歷史和生態。二樓係以自然生態為主題的圖書館及放映室，播放內溝溪整治紀錄片、生態影片等，是鄉土教育的最佳題材。由於森林植物物種豐富，因此賴此植被生存的生物也多樣化，蟲魚鳥獸悠游其中，成為一座自然生態戶外教室。,室內
154,臺北市,內湖區,內溝溪生態步道,⛰️ 自然生態類,臺北市內湖區康樂街61巷73弄32號,,開放空間,886-2-27258149,,https://heo.gov.taipei/cp.aspx?n=B9EE404DC21B1E2C,生態類,自然風景類,體育健身類,,,"{'PositionLon': 121.62097930908203, 'PositionLat': 25.070280075073242, 'GeoHash': 'wsqqxecsy'}",非古蹟,"{'PictureUrl1': 'https://www.travel.taipei/image/98306', 'PictureDescription1': '內溝溪生態步道'}",,內溝溪為基隆河支流，全長約5.5公里，流域面積約7平方公里。以內溝溪為界以西為臺北市，以東為新北市，為東湖地區民眾散步、休憩、話家常的好去處，同時亦為東湖地區接近自然的最佳場所。自民國102年開始在東湖內溝溪中游段進行整體景觀改造，並從上游延續將近長約1公里的親水步道，藉由景觀橋與水岸步道之設置，串聯原先被內溝溪所分隔於左右兩岸之臺北與新北兩市之漫遊路徑，清除淤積土壤的同時，恢復五分埤水域環境，營造不同深度之生態棲息環境，打造不分日夜皆可親山、親水、親自然並創造可停留體驗之生態教育空間；以提升居民親近使用之意願，進而認知、了解與共同保育，亦可讓原本存在當地耆老腦海中的美好回憶，得以再次重現。四大面向1.具獨特創意及恢復昔日地方自然/人文生活環境於整體工程結構與造型上儘量採以輕量化為主，融入地方期望之江南園林山水風貌為主，擇以既有環境色彩色系為佳，以尊重與融入內溝溪自然環境，於考量水利、排洪之工程結構上兼具造型美感。2.保留在地已逐步營造之水岸綠廊及增加堤頂綠化契機在堤頂防洪機能考量之下，於堤頂有腹地之處進行綠化，豐富水岸生態的營造及綠意蔓延與滋長。3.水岸棲地保留與改善以堤岸安全優先，但仍重視於自然生態面向的保留與改善，在整體設計上順應既有護岸坡度、地形，除清淤工程外，不過度挖掘及擾動生態。4.節能減碳、永續發展考量節能減碳需求，沿線水岸照明採低度照明為主，保留夜間民眾散步之安全照明，並於串接兩市之重點景觀橋以點燈形式規劃，形塑水岸繁星點點之意象。(部分資料來源：臺北市政府工務局水利工程處),室外
155,臺北市,內湖區,台北花市,🛍️ 商圈市集類,臺北市內湖區新湖三路28號,,"周一至周六04:00至12:00, 公休日：依臺北花市年度公告而定",886-2-27909729,,http://www.tflower.com.tw/TFAWebUI/,小吃/特產類,,,,,"{'PositionLon': 121.5739517211914, 'PositionLat': 25.063800811767578, 'GeoHash': 'wsqqw6xrn'}",非古蹟,"{'PictureUrl1': 'https://www.travel.taipei/image/222739', 'PictureDescription1': '台北花市'}",,喜愛花草的朋友們， 想要找各式便宜花卉，尤其是切花，有個地方一定不能錯過，就是內湖的臺北花市。臺北的花卉市場，可以從臺北橋頭草創期開始，歷經酒泉街萬和宮、濱江花市等。因為兼有批發和零售，是臺北所有花店的貨源，所以無奇不有，在這個花市不但能欣賞到各式花卉，還時常能在這裡挖掘到便宜的花卉。臺北花市共分AB兩館，A館1樓為切花攤位，販售滿天星、綠石竹、菊花、百合等多樣花卉，2樓為資材攤位，有花籃、盆栽、裝飾花、園藝工具等；B館1樓則為盆花攤位，販賣多肉植物、觀葉植物、蘭花等各樣盆栽，並備有停車場，方便民眾進館採買。內湖的臺北花市與假日花市有個相反的地方，那就是其營業時間是在一般的上班時間，而且是從清晨營業到中午，所以假日想去花市的民眾應注意營業時間。,室外
156,臺北市,內湖區,圓覺瀑布,⛰️ 自然生態類,臺北市內湖區大湖街131巷59號,,,886-2-27593001,,,自然風景類,,,,,"{'PositionLon': 121.59458923339844, 'PositionLat': 25.097549438476562, 'GeoHash': 'wsqqyby7z'}",非古蹟,"{'PictureUrl1': 'https://www.travel.taipei/image/192701', 'PictureDescription1': '圓覺瀑布'}",,圓覺瀑布位於大溝溪上游，搭乘捷運文湖線到大湖公園站，沿著大湖山莊走到大溝溪生態治水園區，再沿溪而上，即為大溝溪溪畔步道登山口，可沿溪畔的大溝溪溪畔步道到達頂端的圓覺瀑布，步道平緩好走，適合年長者及小朋友踏青漫步，瀑布周圍設有景觀涼亭、座椅及親水區，可駐足於觀景平臺，觀看數條白簾般的細絲流水，涓涓而下，洗滌巨石，感受自然負離子洗滌身心靈的快感。,室外
157,臺北市,內湖區,大湖公園,⛰️ 自然生態類,臺北市內湖區成功路五段31號,,全天開放,886-2-23815132,,https://nhdo.gov.taipei/News_Content.aspx?n=BA2296C77BBDBC33&sms=23AE503856851BDF&s=868B6E44E7CA50E8,都會公園類,自然風景類,都會公園類,,,"{'PositionLon': 121.60444641113281, 'PositionLat': 25.082279205322266, 'GeoHash': 'wsqqxnjdu'}",非古蹟,"{'PictureUrl1': 'https://www.travel.taipei/image/221995', 'PictureDescription1': '大湖公園'}",,大湖公園湖泊因白鷺成群又名白鷺湖，毗鄰白鷺山，遙指五指山、忠勇山等，佔地約13公頃餘。民國68年仿中國園林興建，大湖湖泊面積約10公頃餘，屬區域性公園。公園內有各式植物，落羽松、阿勃勒、台灣欒樹、杜鵑花等會按時序開花，為園區各空間抹上不同色彩。湖邊則時常會看到白鷺鷥、夜鷺、鴨子等，甚至有季節性鳥類，蒼鷺、大白鷺等，豐富的生態吸引許多遊客帶著一家大小來到公園享受大自然。另園區內有多樣古色古香的設施，像是錦帶橋、九曲橋、水榭歌臺。錦帶橋曾被票選為全球最美仙景美之橋之一，其拱橋造型與湖面倒影吸引眾多攝影專家前來拍攝，只為拍出像水墨畫般的景色；九曲橋因橋面九曲十三彎，曲折迂迴，便取名為九曲橋，特殊造型也是許多遊客前往公園的原因之一；水榭歌臺為雙層涼亭，可以從亭上拍到捷運文湖線列車，也能眺望整個公園的景色。來到大湖公園，除遠離塵囂、遊園賞景、漫湖岸垂柳步道欣賞湖光山、徜徉落羽松林吸收大自然精華及享受青草香外，同時可進行垂釣、野餐、游泳等各項活動，若再結合附近山區的健行活動，大湖公園將是進行半日或一日遊的最佳休憩景點。,室外
158,臺北市,內湖區,大溝溪生態治水園區,⛰️ 自然生態類,臺北市內湖區大湖山莊街243號,,,886-2-27208889,,,生態類,遊憩類,,,,"{'PositionLon': 121.59848022460938, 'PositionLat': 25.089099884033203, 'GeoHash': 'wsqqxp369'}",非古蹟,"{'PictureUrl1': 'https://www.travel.taipei/image/192707', 'PictureDescription1': '大溝溪生態治水園區'}",,"位於內湖區大湖山莊街底的大溝溪，是一條屬於自然型態的溪溝，從標高485公尺的白石湖山往下流，上游段兩岸大部分區域為次生林林相，下游段經圓覺瀑布流至住宅區排水系統，經過大湖山莊街的箱涵下水道匯入大湖公園，全區流域長約3,500公尺，集水面積340公頃。為兼顧安全及保育，內湖區大溝溪的整治，採用多孔隙的近自然工法設計施工，提供動植物生長棲息地，目前已孕育豐富的生態資源，根據大地工程處調查有台灣藍鵲、面天樹蛙、中國樹蟾、台灣黑星小灰蝶、端紫斑蝶、玉帶蔭蝶、拉都希氏赤蛙、小白鷺、五色鳥、黃斑鐘蟋蟀等，是一處絕佳戶外生態教室。大溝溪下游地區原為農業區，因都市發展，市地重劃為大湖山莊住宅社區，應道路需求，溪溝改以下水道箱涵取代，早年常因下水道無法負荷豪雨洪水宣洩時，溪溝易遭沖刷至土石流失。甚至曾於86年8月溫妮颱風造成重大災情。大溝溪位於大湖山莊社區上游，其溪溝整治以砌石護岸，多孔隙的空間有利生物棲息，又可減低沖刷，此外，為兼具親水休閒遊憩，提供親水環境的需求，於溪床施作親水步道是附近居民的後花園。為營造自然的生態環境，大溝溪整治係利用魚梯(跌水工)、固床工降低河床落差，減緩流速，降低沖刷能量，此外，營造的淺水域也能蓄積溪水，營造魚蝦、水草等動植物繁衍棲息空間，維護溪流生態。另外，配合溪溝自然地形，在流域較寬廣水路，設置親水平台及步道等設施，讓附近居民及造訪遊客能一親水澤，享受與水互動的樂趣。(資料來源：臺北市政府工務局大地工程處)",室外
159,臺北市,內湖區,學學文化創意基金會,🏯 歷史人文類,臺北市內湖區堤頂大道二段207號2樓,,,886-2-87516898,,https://www.xuexue.tw/,文化類,,,,,"{'PositionLon': 121.56787109375, 'PositionLat': 25.077899932861328, 'GeoHash': 'wsqqwm712'}",非古蹟,"{'PictureUrl1': 'https://www.travel.taipei/image/89472', 'PictureDescription1': '學學文化創意基金會'}",,學學文化創意基金會創立緣起創立緣起有感於臺灣人文思維與經濟產業轉型過程中，社會對「文化創意學習平臺」的渴望，實聯集團董事長林伯實、徐莉玲夫婦因此動念成立「學學」。在2005年9月邀集臺灣文化創意產學界菁英共同成立了以「文化」、「創意」為核心價值，以「教育」、「研究」、「展覽」、「顧問」、「育成」為業務內容的學學，在藝術、設計、哲學、科技、經濟社群間，搭建起學習與溝通的橋樑。它所提供的跨界交流，將影響著年輕人的未來！這正是學學成立的時代場景：從生活與工作兩端，人們迫切需要豐厚、滋潤的文化感受能力－文化與美感的體驗，企業也開始學習如何運用「文化資本」，從文化中尋找創意商機。命名由來「學學」二字的命名，來自最悠久的東方素樸人倫思想，典故語出《禮記》〈學記〉篇：「雖有嘉肴，弗食，不知其旨也；雖有至道，弗學，不知其善也。是故學然後知不足，教然後知困；知不足，然後能自反也知困，然後能自強也。故曰，教學相長也，兌命曰，學學半，其此之謂乎」。「學學」意喻：「教人和學習各占學問的一半」。學學期待的是：每一間教室裡的學生，可能是另一間教室裡的老師；而每一間教室裡的老師，也可能是另一間教室裡的學生，師生互相學習、結識交流、互為客戶的跨業合作，這正順應出臺灣產業轉型中就業市場裡各行各業藉助文化創意產業「跨界加值」的龐大需求。經營理念學學的理念不只是提供文化創意學習也提供藝術設計展覽的多元啟發，為的是要分享藝術家、設計師的心路與哲思，這些體驗與創思整合在學學的空間裡，得以引動人們無限的想像與省思，鼓勵人們向不同領域的老師學習、與藝術設計接觸對話，透過跨領域互動的遇合與感悟，得到靈光乍現的創意靈感！,室內
160,臺北市,內湖區,彩虹河濱公園,🌳 都會休閒類,臺北市內湖區堤頂大道一段彩虹河濱公園,,,886-2-27258149,,https://heo.gov.taipei/News_Content.aspx?n=E65DBD99C91AEAC4&sms=3A0FD6D3764BFBA7&s=760F3D330117800D,都會公園類,,都會公園類,,,"{'PositionLon': 121.57231140136719, 'PositionLat': 25.059959411621094, 'GeoHash': 'wsqqw6n2b'}",非古蹟,"{'PictureUrl1': 'https://www.travel.taipei/image/89016', 'PictureDescription1': '彩虹河濱公園'}",,彩虹河濱公園位於基隆河中山高速公路至麥帥一橋之間，彩虹橋橫跨於成美左、右岸河濱公園，紅色悠美的S型橋體是許多攝影者愛好的拍攝地點。在彩虹橋下的河濱廣場有情人們設計一系列的愛情主題造景，包括標示12種「我愛你」語文的情人步道、情人座椅、LOVE立體文字雕塑、愛情鎖等，歡迎情人們前來感受水岸浪漫氛圍。,室外
161,臺北市,內湖區,成美右岸河濱公園,🌳 都會休閒類,臺北市內湖區潭美街219號內湖週美狗公園,,,886-2-27258149,,,都會公園類,,,,,"{'PositionLon': 121.58601379394531, 'PositionLat': 25.05558967590332, 'GeoHash': 'wsqqwc0pr'}",非古蹟,"{'PictureUrl1': 'https://www.travel.taipei/image/181498', 'PictureDescription1': '成美右岸河濱公園'}",,成美右岸河濱公園位於基隆河成功橋至麥帥一橋間(內湖側)，每到假日隔幾公尺就有一群各自聚精會神調弄手裡器具的人，仔細看看有電動遙控車、數位單眼相機…等，而且是大人玩得比小孩還起勁！公園裡有許多的運動設施，包含網球場、籃球場、壘球練習場、溜冰場、單槓、體健設施…等，提供給臺北市民有更多的運動空間。串聯成美左、右岸公園的「彩虹橋」，橋身鮮紅，造型獨特，宛如一道彩虹橫跨在河道上。橋下自行車道寬敞，河堤護牆爬滿綠藤，牆基也呈現波浪狀，與彩虹橋呼應。彩虹橋兩端設有電梯直上堤頂，方便肢障者、老人家及嬰兒車等不必勞累攀爬，無障礙的設計相當貼心，樓梯中間設有自行車牽引道，讓騎士們也可輕鬆通行兩端。在成美右岸河濱公園還可以拍到101大樓全景，藍天白雲；入夜之後，基隆河水色波光粼粼，畫面和諧，是許多攝影愛好者聚集的地方。(資料來源：臺北市政府工務局水利工程處),室外
162,臺北市,內湖區,東湖哈拉影城,⛰️ 自然生態類,臺北市內湖區康寧路三段72號,,,886-2-2632-2693,,http://www.halarcity.com/,購物娛樂類,自然風景類,,,,"{'PositionLon': 121.61131286621094, 'PositionLat': 25.069969177246094, 'GeoHash': 'wsqqx7feh'}",非古蹟,"{'PictureUrl1': 'https://www.travel.taipei/image/373664', 'PictureDescription1': '東湖哈拉影城'}",,東湖哈拉影城周邊是典型的都會住商混合生活空間，娛樂、教育、交通條件皆相當優秀，最具特色的地標是巴洛克風格建築的哈拉影城。有別於其他熱鬧非凡、人潮擁擠的地區，東湖多了份悠閒感，走累了，還能轉進巷弄間，尋找看似平凡卻不平凡的小吃打打牙祭，度過悠閒的假日。,室內
163,臺北市,內湖區,樂活公園,🌳 都會休閒類,臺北市內湖區康樂街61巷樂活公園,,,886-2-26586601,,https://play4u.gov.taipei/News_Content.aspx?n=4773608F226124D4&sms=7B56BA5392EB632C&s=C12602D96E42F3A7,都會公園類,,,,,"{'PositionLon': 121.61888122558594, 'PositionLat': 25.06829071044922, 'GeoHash': 'wsqqxe81m'}",非古蹟,"{'PictureUrl1': 'https://www.travel.taipei/image/180445', 'PictureDescription1': '樂活公園'}",,東湖樂活公園位於康樂街及康樂街61巷旁，內溝溪北岸，民國92年養工處開闢為停車場，於民國99年開闢為現今之公園用地，並於民國100年3月完工啟用，公園面積約1公頃，屬於充滿綠意景觀，適合闔家大小於週末或午後前往放鬆心情之都會型公園。東湖樂活公園相鄰住宅區，附近有東湖國中、東湖國小，離東湖捷運站約10分鐘徒步路程，交通十分便利，無論搭捷運或公車都可以輕鬆到達。東湖路底轉康樂街映入眼簾內溝溪三個大字之左側綠地即為樂活公園，緊鄰樂活公園內溝溪沿岸一側，經里長與里民努力種植與經營之內溝溪賞櫻步道，現有寒櫻、霧社櫻等百餘株，依時序於二、三月間先後綻放，自民國103年每到櫻花開放的季節都吸引大量人潮，成為網路上熱搜景點，可謂都會叢林之世外桃源。樂活公園園內兼具市民活動空間與綠化景觀，公園內的設施有供孩童攀爬嬉戲的兒童遊戲場、讓社區居民聚會話家常的休憩涼亭、供休閒舒緩筋骨的體健設施、還有保留於公園內的活動空間，迂迴於園內的步道，讓駐足於本公園的民眾享受四周的綠意盎然。(資料來源:臺北市政府工務局公園路燈工程管理處),室外
164,臺北市,內湖區,湖山六號公園,⛰️ 自然生態類,臺北市內湖區大湖街166巷30號湖山六號公園,,,886-2-26586601,,https://parks.gov.taipei/parks/m2/pkl_parks_m2C.php?sid=466#otherpic,都會公園類,自然風景類,自然風景類,,,"{'PositionLon': 121.60198974609375, 'PositionLat': 25.083099365234375, 'GeoHash': 'wsqqxn5ze'}",非古蹟,"{'PictureUrl1': 'https://www.travel.taipei/image/192206', 'PictureDescription1': '湖山六號公園'}",,鄰近大湖公園的湖山6號公園，是座以自行車為主題的共融式遊戲場，距離捷運站非常近，也有收費停車場可開車前往，湖山6號公園裡除了有自行車造型的兒童遊樂設施外，亦有戲沙區及平衡木區讓孩童能夠玩耍放電，此時父母可至湖山6號公園內的三行亭內休憩，乘涼休息的同時亦可遠觀在遊樂區遊玩的小朋友，正好呼應亭柱上的「三三兩兩可避急驟風雨　行行坐坐笑睇孩童嬉戲」，是個值得玩一個整個下午的親子遊樂公園。,室外
165,臺北市,內湖區,白石湖休閒農業區,⛰️ 自然生態類,臺北市內湖區碧山路53 之1號,,,886-937-104806,,https://www.white-stoness.org/Page/Home/Index.aspx,休閒農業類,自然風景類,,,,"{'PositionLon': 121.59403991699219, 'PositionLat': 25.105140686035156, 'GeoHash': 'wsqqyfq04'}",非古蹟,"{'PictureUrl1': 'https://www.travel.taipei/image/182387', 'PictureDescription1': '白石湖休閒農業區'}",,白石湖－地名的由來說到「白石湖」，我們一定要先知道其地名的由來！據說早年先民將山區中相對低點開闊處，自然形成之山坳地勢，稱之為「湖」，同時當地盛產潔白的白色砂岩，「白石湖」這地名由此而生，所以「白石湖」，其實不是一座湖唷！清末光緒年間，在內湖山區設立了採石場，當時興建臺北府城牆即取材自此地，又因地勢險要，在清乾隆52(西元1787) 年3月期間，白石湖曾是林爽文抗清同黨人林小文與清軍作戰的古戰場，也曾為凱達格蘭里族社所居住。據說凱達格蘭里族社原分佈於松山的基隆河西岸，受到清朝漢人開墾的影響，逐漸遷移至白石湖一帶，故改名為「新里族」，主要為了與原松山的「舊里族」做為區別，時至今日，凱達格蘭里族社已融入漢人社會並消失；臺灣光復後，由於該地區有碧山巖開漳聖王廟，所以改名為「碧山村」，後於民國57 年正式改名「碧山里」迄今。群山環抱－白石湖群山環抱下的白石湖社區，開發史可追溯至200 多年前的清乾隆年間，四周環繞碧山、白石湖山、大崙頭山、開眼山、大尖山(今名忠勇山)以及小尖山(今名圓覺尖山)，是內湖區內最高海拔(約250至450公尺之間)的社區。白石湖地區屬山谷地形為亞熱帶闊葉林生態，除了適合發展休閒農業外，結合周邊白石湖山、大崙頭山、開眼山、龍船岩等登山步道，除了是當地居民感受清新山林的後花園外，更成為臺北市民週休二日出遊之選。白石湖地區其餘遊憩重點：白石湖吊橋、後湖濕地(同心圓生態濕地)、古錐埤、夫妻樹、石崁黃式古宅(紫雲居)。內湖草莓季每年12月至翌年5月為臺北市內湖區草莓產季，3月至4月更是盛產期，內湖區有多處草莓園適合親子、家庭、情侶或朋友聚會一日遊，部分農莊還有各式的農業體驗，例如草莓果醬DIY、窯烤披薩DIY等豐富課程，品嚐草莓好滋味的同時，還能欣賞內湖山景好風光。(資料來源：白石湖休閒農業區),室外
166,臺北市,內湖區,白石湖吊橋,⛰️ 自然生態類,臺北市內湖區碧山路26-1號,,全天開放,886-2-27593001,,http://www.doed.gov.taipei/ct.asp?xItem=1228382&ctNode=36902&mp=10500C,遊憩類,自然風景類,,,,"{'PositionLon': 121.58711242675781, 'PositionLat': 25.099170684814453, 'GeoHash': 'wsqqyc1j3'}",非古蹟,"{'PictureUrl1': 'https://www.travel.taipei/image/222319', 'PictureDescription1': '白石湖吊橋'}",,※預計113年7月1日起至明年間進行整體更新維護工程，施工期間吊橋將全面封閉禁止通行，不開放使用。白石湖吊橋位於內湖白石湖休閒農業區內，吊橋入口位於碧山巖開漳聖王廟的停車場旁，全長116公尺，為臺北市第一座大跨距吊橋。特別採龍骨意象塑造，從東邊「龍船岩」連接白石湖山、大崙頭山、忠勇山、鯉魚山，至圓覺瀑布而止，從空中俯瞰，就像是一條巨龍盤據，守護著白石湖地區。有別於一般吊橋的高聳橋台設計，特別採直路式設計，打造成一座無懸吊纜繩的隱形吊橋，融入當地的田園美景。通過吊橋後為白石湖社區，百公尺長的春秋步道，可見精心開闢的花卉專業種植區，及當地豐富的農村特色、景觀生態等資源。白石湖社區也稱為最浪漫的社區，社區內的「同心湖」、「永結亭」、「夫妻樹」象徵著永結同心，充滿著戀愛的氣氛；碧山路上有非常多家農莊及草莓園，每年12~5月是草莓盛開的季節，適合親子、家庭、情侶或朋友聚會一日遊。白石湖吊橋串連起周邊山寺、果園、森林步道、溼地湖泊，置身其中可欣賞到美麗花卉及悅耳的叢林鳥叫聲，為民眾休閒遊憩的好去處。,室外
167,臺北市,內湖區,白石湖同心池,⛰️ 自然生態類,臺北市內湖區碧山路38號後湖濕地,,,886-2-27593001,,,自然風景類,,,,,"{'PositionLon': 121.58904266357422, 'PositionLat': 25.100540161132812, 'GeoHash': 'wsqqyc6mn'}",非古蹟,"{'PictureUrl1': 'https://www.travel.taipei/image/182399', 'PictureDescription1': '白石湖同心池'}",,據說這裡是自然地形產生的湧泉，它內圈的土域及外圈的水域，水土齊心，象徵著情人永結同心，環繞生態濕地及親水平台，也強調水土保持的重要性。白石湖社區當初是以「找到幸福」為主題，將原本只是一處荒廢的湧泉，透過畫龍點睛的設計改造成雙心造型生態濕地湧泉的「同心池」，以及池畔休憩涼亭「永結亭」，讓生態濕地與親水平臺相互環繞，將水域及土域巧妙搭配，象徵水土齊心、情人「永結同心」，情人攜手來此浪漫出遊，必能為幸福加分。鄰近於同心池的古錐埤則是當地農民「古錐伯」為解決山區灌溉農田的水源問題，古錐伯召集村民所共同開鑿的蓄水生態池，後人為紀念他而將此蓄水埤塘取名為「古錐埤」。(資料來源：大地工程處),室外
168,臺北市,內湖區,碧山巖開漳聖王廟,🏯 歷史人文類,臺北市內湖區碧山路24號,,,886-2-27963755,,http://www.pkcswt.com.tw/,廟宇類,自然風景類,,,,"{'PositionLon': 121.5876235961914, 'PositionLat': 25.097150802612305, 'GeoHash': 'wsqqybc3k'}",非古蹟,"{'PictureUrl1': 'https://www.travel.taipei/image/292416', 'PictureDescription1': '碧山巖開漳聖王廟'}",,碧山巖位於內湖碧山上。廟內奉祀開閩民族英雄陳元光及其部屬李伯瑤、馬仁兩位將軍。陳元光在唐末開拓福建漳州地方，被視為漳州人守護神，並尊稱「開漳聖王」。碧山巖是臺灣最大開漳聖王廟之一，香火鼎盛。傳說漳州府人士黃某攜眷渡海來臺拓墾時，見此地為難得一見之吉地，故將隨身佩帶香火懸掛於石洞膜拜後離去。而後山下一帶盜匪猖獗，打家劫舍使得該處民不聊生，西元1751年，盜匪正打算攻頂時，忽見山頂鋒芒四射，戰鼓齊鳴，原來是當時所懸香火之神石一分為三，中塊乃聖王，而兩邊石塊則為李、馬兩將軍，周圍散石滾落山下，使得匪徒棄械逃亡。附近居民聞訊至此膜拜，果然神靈賜福，於是興建石室小廟。後因香客漸眾，原石室小廟不敷大批香客膜拜，故在原址另建本殿。而後發生數次的天災，經過數次的整修後，在多數地方人士、信徒及寺廟管理委員的努力下，擴建至如今。碧山巖居高臨下，除俯瞰臺北盆地外，站在廟前平台更可見蜿蜒的淡水河、鯉魚山及梯田等等，水光山色相互呼應。夜晚則可眺望臺北盆地，將臺北101大樓、圓山大飯店、松山機場等夜景之美盡收眼簾。,室內
169,臺北市,內湖區,碧山露營場,⛰️ 自然生態類,臺北市內湖區碧山路26-6號,,場地開放參觀時間為上午9點至晚上5點,886-2-27593001,,https://gisweb.taipei.gov.tw/tpcamp/Bishan.aspx,遊憩類,自然風景類,遊憩類,,,"{'PositionLon': 121.57887268066406, 'PositionLat': 25.104700088500977, 'GeoHash': 'wsqqyd5j3'}",非古蹟,"{'PictureUrl1': 'https://www.travel.taipei/image/373775', 'PictureDescription1': '碧山露營場'}",,內湖「碧山露營場」位於內湖區大崙尾山麓之碧溪產業道路上，是一處可容納250人露宿的露營場，是臺北市僅有的2處露營場地之一，也是全國少有的免費露營場。碧山露營場大致分為三個區域：森林步道、露營區和遊憩活動區。碧山露營場森林步道區內，有長約1公里的棧道，來回行程約半小時，徜徉在碧山蒼翠的樹林內漫步，閒雲野鶴的樂趣，是一大幸福。碧山露營場因山區光害少，是臺北觀星最好的地方，山上夜景更是美麗，可遠望觀音山及士林北投夜色。內行人和一些鐵馬族多利用通往此區之金龍產業道路騎遊，一面賞景一面涼風吹來，是一趟美麗的路程。,室外
170,臺北市,內湖區,碧湖公園,⛰️ 自然生態類,臺北市內湖區內湖路二段103巷175號,,全天開放,886-2-23815132,,https://nhdo.gov.taipei/News_Content.aspx?n=BA2296C77BBDBC33&s=B0B727E362516A45,都會公園類,自然風景類,,,,"{'PositionLon': 121.5830078125, 'PositionLat': 25.082630157470703, 'GeoHash': 'wsqqwwnhc'}",非古蹟,"{'PictureUrl1': 'https://www.travel.taipei/image/179257', 'PictureDescription1': '碧湖公園'}",,於捷運大湖線文德站下車後，沿著文德路101巷轉入，前進約200公尺，即可看見被翠山環繞的大湖湖泊，這裡就是碧湖公園。碧湖公園位於臺北市內湖區內湖路2段175號，鄰近國立臺灣戲曲學院，面積13餘公頃，園中的「大陂湖」面積約8公頃，為昔日農業灌溉用水的來源。隱身在內湖區的碧湖公園，除了是內湖居民的後花園，也是臺北市唯二擁有大湖泊的水景公園，本公園依山傍水，有山巒疊翠的環境，前擁湖水，與公園景色渾然一體，其空間靜態之美往往讓來訪遊客留下深刻的印象。自民國76年闢建以來，陸續完成湖邊東側綠地美化、增建中國式涼亭、九曲橋及環湖步道等設施，湖岸周遭並植有流蘇、柳樹、落羽松、白千層、阿勃勒、鳳凰木、朱槿、杜鵑、矮仙丹等景觀植物，春夏季彩蝶飛舞，湖光山色美不勝收。園內設有管理中心(俗稱小白宮)，一樓閱覽室可供民眾使用，並有兒童遊樂場、網球場、游泳池各一座，周邊湖岸地點規劃有釣魚區，遊客除遊園賞景外，亦可從事垂釣等休閒活動；另有6條登山步道，拾級而上，山中濃蔭蔽日，亭閣掩映，環境清幽，立於山巔俯視，碧湖美景盡收眼底，實為民眾遊憩、登山運動及舒暢身心的理想場所。文字來源：內湖區公所網站,室外
171,臺北市,內湖區,碧湖步道,⛰️ 自然生態類,臺北市內湖區內湖路三段60巷碧湖步道,,,886-2-27593001,,,自然風景類,,,,,"{'PositionLon': 121.59298706054688, 'PositionLat': 25.08942985534668, 'GeoHash': 'wsqqwzmk9'}",非古蹟,"{'PictureUrl1': 'https://www.travel.taipei/image/176794', 'PictureDescription1': '碧湖步道'}",,位於大湖街131巷與內湖路三段60巷之間，碧湖步道是一條隱身社區住宅間的美麗步道，因生態豐富、具歷史產業意涵，便規劃為具教育與休憩功能的親山步道，周圍連接了大溝溪溪畔步道、圓覺寺步道與鯉魚山步道，交通方便，適合各個年齡層的遊客前來。 大湖街131巷的步道口，有一座寫實的礦坑意象，有仿古的礦坑、鐵軌、煤車，就像到了真正的礦坑。早期這裡煤礦業興盛，是「新福本坑」的所在地，為當地的產業發展譜寫篇章。 步道地勢大多平順，僅有一小段密集的上坡，且有一小塊平台可供運動伸展，腳下是木棧、碎石、花崗岩塊石、紅磚的多重步道體驗，沿路有一兩畦小菜園，步道穿梭在民宅之間，蕨類、相思樹、大葉楠等植物隨處可見，幸運的話，還能看到台灣藍鵲飛過樹林、大冠鷲盤旋天際，甚至赤腹松鼠由身旁跑過。 步道的最後一段路，顯得格外愜意，外地遊客必定會羨慕住在這兒的居民，從家中窗口，便可聽到竹林的颯颯聲。若意猶未盡，繼續前往圓覺寺、碧山巖、白石湖，都是很棒的選擇，在置身大自然的同時，還能感受寺廟的莊嚴清淨。,室外
172,臺北市,內湖區,臺北市政府消防局防災科學教育館,🎨 藝文展館類,臺北市內湖區成功路二段376號,,開館時間(週一休館)：每日上午09:00~12:00下午02:00~05:00,886-2-27919786、886-2-27919780,,https://fsm.119.gov.taipei/about.asp,展覽場館類,公共設施類,,,,"{'PositionLon': 121.59027099609375, 'PositionLat': 25.06934928894043, 'GeoHash': 'wsqqwgerd'}",非古蹟,"{'PictureUrl1': 'https://www.travel.taipei/image/89518', 'PictureDescription1': '臺北市政府消防局防災科學教育館'}",,"有鑑於日本於1995年1月17日發生芮氏規模7.2的阪神大地震，死亡6,430人，受傷4萬餘人，房屋全倒、半倒達51萬餘棟，包括公共設施等損失大約在10兆日圓左右，是日本戰後僅次於伊勢灣颱風，所遭受的第二大天然災害。爰此於同年（84年）7月10日，臺北市政府消防局改制成立，為提昇市民防災教育讓市民同胞體驗災害，進而了解防災的重要性，著手規劃設置臺灣第一座防災科學教育館。為了讓市民了解各種災害的歷史及特質，臺北市政府消防局防災科學教育以電腦、電子、機械設備，模擬各種災害發生狀況，供市民實地操作體驗，使防火、防洪、防震、防颱等緊急避難知能，自然地融入日常生活中，以「寓教於樂」方式，提昇市民災害應變能力。期盼於參觀體驗後，能將獲得之防災知識與技能，轉述親朋好友知道，俾讓大家與災害絕緣，遠離災害威脅。",室內
173,臺北市,內湖區,郭子儀紀念堂_內湖紅樓,🏯 歷史人文類,臺北市內湖區文德路267巷19號郭子儀紀念堂,,,886-2-26598787,,https://miniculturaltrips.gov.taipei/News_Content.aspx?n=0DA7E7A7A1EA5C19&sms=337199328131CB54&s=7D5F2BAFE0B00172,廟宇類,自然風景類,自然風景類,,,"{'PositionLon': 121.58657836914062, 'PositionLat': 25.07962989807129, 'GeoHash': 'wsqqwv8ek'}",非古蹟,"{'PictureUrl1': 'https://www.travel.taipei/image/180605', 'PictureDescription1': '郭子儀紀念堂_內湖紅樓'}",,內湖在日治時期首任庄長郭氏之宅邸，位於內湖市街西側山丘上。大約建於日治大正八年(西元一九一九年)，當時臺灣社會安定，經濟景氣良好，官方建築的式樣也影響了民間住宅，例如臺北市迪化街的店屋立面多流行巴洛克的繁飾，使用紅磚、洗石子、泥塑與彩色瓷磚裝飾，亦被稱為大正型建築。內湖郭氏宅邸即屬於這時期的典型豪宅。 郭氏古宅座落於小丘山腰上，坐北朝南，三面樹林環繞，形勢極為幽勝。古宅平面略呈Ｔ字形，全為磚木構造，外牆使用日治大正年間盛行的紅磚砌成，並有洗石子及日本進口的彩瓷裝飾。室內樓板則為木造，以眾多的木樑支撐樓板重量，且有燈樑，可以懸掛臺灣傳統的天公爐及燈籠。正立面的窗子形式富於變化，並有弧形陽台凸出來，山頭造型接近於仿巴洛克風格，富卷草曲線之美。近年山頭題額為碧奉宮，乃是欲轉改為寺廟所致，但未實現。(資料來源：文化部文化資產局),室內
174,臺北市,內湖區,龍船岩步道,⛰️ 自然生態類,臺北市內湖區碧山路62號龍船岩步道-碧山路支線,,,886-2-27593001,,,自然風景類,,,,,"{'PositionLon': 121.59638977050781, 'PositionLat': 25.1035099029541, 'GeoHash': 'wsqqyczy9'}",非古蹟,"{'PictureUrl1': 'https://www.travel.taipei/image/182414', 'PictureDescription1': '龍船岩步道'}",,「龍船岩步道」入口由內湖區碧山路 62號，沿著石板路步道走，全長只有600公尺，沿途是觀察生態的好地方。「龍船岩」位於開眼山稜線的下方，是一塊白色石英裸露岩，標高 300公尺，因形似一艘龍舟，所以當地人都稱它為「石船」，又稱「龍船岩」。龍船岩因為位於山脊線上，站在岩石上一邊是90度懸崖，一邊是45度峭壁，請注意自身安全。鄰近的開眼山、碧山、白石湖山、五指山等皆為內湖區內的山嶺，隸屬五指山系。近龍船岩附近有公車可達入口處，在石崁站下車後約步行一公里路程左右可到達，步道的小徑是由石板鋪至而成，沿途各式蕨類及野生植物叢生，讓步行的旅途上多了一份樂趣，一路直行可達山頂。站在岩頂上可遠眺石崁山與開眼山，一片天際遼闊，令人流連忘返遠離都市喧囂，而其周邊田園景色優美繁多，別有一番鄉野氣息，令人心曠神怡。(資料來源:白石湖休閒農業區),室外
175,臺北市,北投區,凱達格蘭文化館,🏯 歷史人文類,臺北市北投區中山路3-1號,,"週二至週日09:00~17:00, 公休日：週一及國定假日休館端午、中秋及國慶連假開放參觀",886-2-28986500,,https://www.ketagalan.gov.taipei/,文化類,,,,,"{'PositionLon': 121.50582885742188, 'PositionLat': 25.137069702148438, 'GeoHash': 'wsqrhbjf5'}",非古蹟,"{'PictureUrl1': 'https://www.travel.taipei/image/174767', 'PictureDescription1': '凱達格蘭文化館'}",,凱達格蘭文化館記錄了平埔族相關的歷史脈絡，以及原住民族當代藝術及文物，除了溫泉外，北投另有一番原民風情。「北投」此一地名是由凱達格蘭族語音譯而來的，語義是「女巫」的意思，四百多年前曾是凱達格蘭族人的生活源居地。為了保存、發揚原住民族文化藝術，於2002年11月新建落成的臺北市政府原住民族事務委員會凱達格蘭文化館，整棟建築皆以展示原住民文化藝術為目的，讓都市原住民有一個文化傳承及技藝研習的專屬空間。走進文化館前，路旁佇立了一成排的木樁，上面裝飾有各式表情的錫塑品，有象徵族群融合的手牽手動作，其表示我們都是一家人的原住民裝置藝術創作。內部各個樓層則依主題規劃展示，以生動活潑的導覽動線展示原住民歷史文化脈絡，是近距離接觸原住民文化的遊憩景點。十層樓高的主體建物，外牆是錯落分明的石板建材，彷彿是一棟會呼吸的房子，設計強烈簡約，與周圍的溫泉旅館、北投溫泉公園相呼應。明亮寬敞的一樓大廳，絢麗的族群拼織圖騰地磚引領遊客走進部落的懷抱；帶有歷史風味的石刻畫和風格強烈的木雕相當引人入勝，牆上還懸掛了各種狩獵工具，想像原住民追逐水鹿、山豬的傳統生活，文化館中的一景一物都能感受原住民生活的足跡！一至三樓除了是展出原住民文物和平埔族群重要的珍藏外，文化館的公共空間也是表演、活動、集會、技藝研習中心，更是都會原住民凝聚族群的情感場域。文化館也提供原住民主題圖書閱覽服務，多元族群的藏書可增進遊客對原住民文化藝術的欣賞與認知，啟發學童對多元族群的探索、認識。臺灣的高山峻嶺、平原盆地，孕育出多族原住民多元文化，凱達格蘭文化館保存其自然崇拜的祭儀節慶和生活習俗，讓遊客認識這一群最早在臺灣生活的族群、原住民，在這塊土地上還有許多令人驚艷的先祖智慧，若是運氣好的話，說不定還可以遇到穿著傳統服飾的原住民團體在文化館內聚會、表演，展現純真熱情的一面。凱達格蘭文化館自啟用至今，舉辦了許多原住民文化系列活動及傳統手工藝展，許多原住民藝術家的作品也會在這裡展出，讓原鄉與都會、傳統與現代，融合在一起，發揮文化館重要的涵義。臺灣多元的族群發展出多彩多姿的文化色彩，文化館不僅是全國原住民文化典藏的寶庫，也是原住民的文化藝術多功能研習中心。凱達格蘭文化館座落新北投溫泉區，體驗完豐富的文化和藝術後，不妨漫步霧濛濛的溫泉鄉，繼續尋訪凱達格蘭族的蹤跡！,室內
176,臺北市,北投區,前山公園,⛰️ 自然生態類,臺北市北投區湖山里紗帽路116-15號,,開放空間,886-2-28616361,,,都會公園類,自然風景類,自然風景類,,,"{'PositionLon': 121.54817962646484, 'PositionLat': 25.150680541992188, 'GeoHash': 'wsqrjfs9m'}",非古蹟,"{'PictureUrl1': 'https://www.travel.taipei/image/181102', 'PictureDescription1': '前山公園'}",,"前山公園位於陽明山區，緊鄰紗帽山東側、陽明山公車總站及教師研習中心旁，為臺北市郊重要的旅遊景點，佔地約3萬8,328平方公尺。前山公園景觀豐富，除可見紗帽山、七星山外，日治時期即引進七星山下中山樓西側的山坡溪流貫穿公園，溪流匯集成陽明湖倒映出七星山美景，湖畔還有免費的男女公共浴室，極受民眾喜愛，是春天賞櫻、夏日避暑、秋日聯誼、冬天賞楓之勝地。前山四號公園以紗帽山圓丘形的火山體為概念，利用在陽明山生長良好之紫藤花，創造和紗帽山造型前後呼應之景觀，並以綠色圓丘作為陽明山新的入口意象，當紫藤花盛開時，行走其間可陶醉於紫色浪漫美景。前山三號公園位於陽明路1段38巷內，當園內櫻花、杜鵑花盛開，有如遠離市區塵埃的世外桃源。前山一號公園-磐流園區座落於教師中心旁，整修了心字池及樹蔭濃密之蔽月湖休憩區、泡腳池區、數條山泉水道及白磺溫泉水道與陽明山火山岩交織之磐流園，溪流畔之景石特別聘請日本國寶級砌石師匠小口基實現場指導，使新舊岩石相互襯托，遊客可欣賞山林水綠之美景。 前山二號公園-陽明湖區，隔著馬路緊鄰磐流園區，溪水穿過紗帽橋下於本區匯集成湖，除了將免費的男女公共浴室整修，更新增二處溫泉泡腳池，使遊客可一邊泡腳，一邊欣賞紗帽山美麗的湖中倒影，及睡蓮冬天開花之奇特景象。紗帽路旁沿湖邊設置帶狀安山岩石燈座椅，可讓人休憩欣賞湖中蓬萊島及七星山之壯麗山形。本次整建工程將陽明湖邊緣恢復為自然水池風貌，草與石緩緩延伸入水中，湖邊新種青楓與櫻花，更顯自然婉約，而經過清淤後的陽明湖水更呈現台灣少見的夢幻水藍色湖水景觀，譜出山與水的交響樂章。(資料來源:臺北市政府工務局公園路燈工程管理處)",室外
177,臺北市,北投區,北投中心新村,🌳 都會休閒類,臺北市北投區新民路22巷9號,,,886-2-28910804,,https://www.beitouheartvillage.taipei/,文化類,,其他,,,"{'PositionLon': 121.50753021240234, 'PositionLat': 25.13895034790039, 'GeoHash': 'wsqrhbrhf'}",非古蹟,"{'PictureUrl1': 'https://www.travel.taipei/image/489402', 'PictureDescription1': '北投中心新村'}",,北投中心新村是國防部通過全臺13處眷村保存區之一，也是臺北市少數僅存規模完整之眷村。中心新村眷舍與三軍總醫院北投分院（前日軍衛戍醫院北投分院)發展息息相關，加之完整保存不同時期的眷舍建築類型，結合了北投特有的歷史脈絡、溫泉文化與生活記憶，使中心新村成為北投重要的歷史現場。2021年由財團法人台北市文化基金會進駐營運，透過空間活化與進駐計畫，推動聚落保存與再發展工作，促進在地文史調查與眷村文化研究，逐步建立具歷史性、教育性與知識性的眷村人文生活場域。北投中心新村以「臺北市眷村文化保存基地」作為發展定位及重要目標，從新北投地區的資源串聯，跨足區域間的整合推廣，展現出北投多元豐富的社區故事，為北投帶來嶄新的特色與亮點。,室外
178,臺北市,北投區,北投公園,🌳 都會休閒類,臺北市北投區光明路中山路北投公園,,全天開放,886-2-28832130,,https://parks.taipei/parks/m2/pkl_parks_m2C.php?sid=786,都會公園類,,都會公園類,,,"{'PositionLon': 121.50627899169922, 'PositionLat': 25.136310577392578, 'GeoHash': 'wsqquzyjt'}",非古蹟,"{'PictureUrl1': 'https://www.travel.taipei/image/174759', 'PictureDescription1': '北投公園'}",,"「北投」總是給人說不完的人文、傳說及故事，下了新北投捷運站，跟著裊裊的溫泉煙霧前行，前方滿是綠意的溫泉鄉美景，就是北投公園。北投公園由北投1、2、4、54、55號等都市計畫公園所組成，面積達6萬1,129平方公尺。首先映入眼簾的，是98年度完工的入口跳泉，每日固定時間隨著音樂，有著燈光及水泉飛舞，為北投這個具有豐富文化的老臺北地區，重新注入一股新生的活力，沿著光明路側，途經白千層及魯花樹等珍稀老樹，為即將滿百歲的北投公園見證他豐富的歷史，旅途中，也會經過由臺北市立圖書館首次建築的綠色圖書館，強調節能省碳，也為北投公園帶來書香氣息，門口的的噴水池更是電影取景之首選，沿著北投溪前進，世界上唯一以臺灣地名命名的「北投石」，即出產於此，雖然現在已不復見。越過小徑拾級而上，來到中山路側，除了北投露天溫泉浴池外，旁邊還有于右任先生提名之「梅庭」歷史建物，目前已由臺北市政府觀光傳播局規劃為梅庭遊客中心，以提供遊客最貼心的服務，還有聞名的溫泉博物館，日洋合一的木造窗櫺及紅磚建築體，似乎還瀰漫著濃濃硫磺的特有香味，感受日據時代建築之美感，周邊潺潺溪流及綠蔭搖曳的景緻，置身其中，像是回到舊時的悠悠時光裡。北投公園有說不完的老故事以及各式各樣動、植物群聚，周邊還有地熱谷等著名景點，不妨趁著假日，安排一趟洗滌身心的知性之旅，相信您一定滿載而歸。公園位置：北投公園一：臺北市中山路2號隔壁北投公園二：臺北市中山路4-1號北投公園三：臺北市中山路5-7號北投公園四：臺北市光明路227號對面北投公園五：臺北市光明路283號對面管理單位：陽明山公園管理所　聯絡電話：2883-2130",室外
179,臺北市,北投區,北投公民會館,🎨 藝文展館類,臺北市北投區中山路5-7號,,每週二至週日09:00-17:00，每週一暨國定假日休館,886-2-28912105,,https://btdo.gov.taipei/Content_List.aspx?n=00235A38E5DB5592,公共設施類,,,,,"{'PositionLon': 121.51010131835938, 'PositionLat': 25.137929916381836, 'GeoHash': 'wsqrj00zn'}",非古蹟,"{'PictureUrl1': 'https://www.travel.taipei/image/175034', 'PictureDescription1': '北投公民會館'}",,北投公民會館於96年12月9日重新啟用，空間規劃除主展館（約40坪）及側展室（約27坪）各一間，另提供有296坪的綠色庭園。館內除不定期辦理各項藝文展覽，亦提供市民朋友申請作為繪畫、陶藝、攝影等展覽用途，免費供民眾參觀。  館內備有「博物北投」導覽手冊，介紹附近陽明山國家公園、凱達格蘭文化館、琉園水晶博物館、鳳甲美術館、梅庭、北投溫泉博物館及北投文物館等文化景點。期盼您在「北投文化巡禮」之旅時，竭誠歡迎您造訪本館，看看展覽，在我們的庭園坐坐、歇歇腳，於桂花樹下，聆聽蟲鳴鳥叫，相信您會愛上這悠閒的地方。,室內
180,臺北市,北投區,北投垃圾焚化廠_觀景台,🌳 都會休閒類,臺北市北投區洲美街271號,,每日上午9時到晚上10時,886-2-28360050,,http://www.ptrip.gov.taipei/ct.asp?xItem=1023601&CtNode=24662&mp=110041,地標景觀類,,,,,"{'PositionLon': 121.49925994873047, 'PositionLat': 25.107959747314453, 'GeoHash': 'wsqqufc03'}",非古蹟,"{'PictureUrl1': 'https://www.travel.taipei/image/178703', 'PictureDescription1': '北投垃圾焚化廠_觀景台'}",,北投焚化廠成立於民國80年7月1日， 原名士林焚化廠，84年7月1日因廠址重新劃歸北投區改名北投焚化廠，隸屬於臺北市政府環境保護局，而觀景台位於焚化廠彩繪的煙囪塔標高116公尺處，可由1樓入口處搭乘透明景觀電梯到達。觀景台為一360度的大片落地窗樓層，此處可遠眺陽明、觀音及大屯等山系，並觀賞到淡水與基隆兩河與兩河夾擠下的社子島，向下望去更可以見到一大片山川水澤，綠野平疇的關渡平原，傍晚時分觀音落日，夜幕中璀璨景色，皆可一覽無遺，是臺北市著名的觀景場所，樓內並附有與實際景點的對照說明資訊。,室外
181,臺北市,北投區,北投文物館,🎨 藝文展館類,臺北市北投區幽雅路32號,,週二至週日10:00~18:00每週一休館，逢國定假日照常開放如需於晚間使用怡然居、陶然居、大廣間，請事先預約延長營業,886-2-28912318,,http://www.beitoumuseum.org.tw/,展覽場館類,,,,,"{'PositionLon': 121.51480865478516, 'PositionLat': 25.138139724731445, 'GeoHash': 'wsqrj0k2k'}",非古蹟,"{'PictureUrl1': 'https://www.travel.taipei/image/63822', 'PictureDescription1': '北投文物館'}",,北投文物館自1984年正式對外開放為私立博物館，這座身處群山之間佔地800坪的典雅庭園及純木造二層日式館舍，建於1921年。當時係北投地區最高級的「佳山溫泉旅館」，1983年創辦人張純明先生將古蹟活化再利用為博物館，成立「台灣民藝文物之家」，迄1987年正式更名為「北投文物館」。北投文物館始終致力於保存、展示臺灣早期的民間藝術與民俗文物，現有典藏文物近五千件，內容以清末、日治以降至1970年代期間的臺灣民俗工藝為主，其中包含臺灣原住民族文物一千餘件，以及以閩、客為主的漢民族文物共三千餘件。美食餐飲北投文物館另設有餐飲空間怡然居，提供精緻創意懷石料理及下午茶之外，也提供小型會議的場地租用。怡然居戶外的觀櫻台可以近觀丹鳳山，遠眺觀音山，戶外美景中享用文物館特製健康輕食─養身創意懷石料理，離開塵囂慢食慢活，別具風味。文化體驗目前文物館在多元文化經營的理念下，將大廣間用於表演藝術展演、藝文活動、以及提供宴會及會議場地出租場所，充分將大廣間進行古蹟活化的利用。本館設有不定期舉辨各式體驗課程，如：茶道體驗、茶道正式課、和菓子體驗、佳山抓周等等。*現由民間業者經營中。,室內
182,臺北市,北投區,北投普濟寺,🏯 歷史人文類,臺北市北投區溫泉路112號,,每日08:00~17:00,886-2-28914386,,https://btdo.gov.taipei/News_Content.aspx?n=0AAD211992E8FC99&s=45EA04B54856D60D,廟宇類,,,,,"{'PositionLon': 121.51126098632812, 'PositionLat': 25.135929107666016, 'GeoHash': 'wsqqvpcg3'}",非古蹟,"{'PictureUrl1': 'https://www.travel.taipei/image/63921', 'PictureDescription1': '北投普濟寺'}",,依據臺北「民德寫真館」於1941年發行的《臺灣佛教名蹟寶鑑》，普濟寺與同為臺北市市定古蹟的臨濟護國禪寺都是臨濟宗妙心寺派在臺北的布教據點。1934年重建時，由於其信眾多為臺灣總督府交通局鐵道部員工，因此以鐵道部運輸課長村上彰一之諡號「鐵真」命名為「鐵真院」，並在寺中設立「村上彰一翁碑」。1998年正式列名為市定古蹟，環境充滿寧靜、安適的氣息。寺廟採明顯的日式風格，大殿建築為單簷的歇山式面寬3開間，進深亦得3間，近正方形、屋頂向前伸出成為入口玄關、大殿內部地面抬高處鋪上塌塌米，呈現簡樸寧靜而又莊嚴肅穆的日式宗廟之美，而大殿則為高級檜木所造。寺廟至今仍保有日式祭拜儀式，有別於傳統的臺灣祭拜模式，正門旁的鐘狀窗牖，深具特色，而入口玄關可看到斗拱，虹樑的精美雕刻，題有普濟寺的匾額是由于右任手書。值得一提的是，寺院左邊涼亭內恭奉一尊左手抱嬰兒、右手持禪杖的石佛，一般民眾認為佛像為「送子觀音」，佛教界人士則認為是日本「子安菩薩」，為地藏王菩薩的化身之一，吸引許多善男信女到此祈求子嗣，而湯守觀音與子安菩薩這兩座神祉，成為寺院的一大特色。,室內
183,臺北市,北投區,北投溫泉博物館,🎨 藝文展館類,臺北市北投區中山路2號,,開放時間：10:00-18:00 星期二至星期日，最後入館時間為17:45。休館時間：每逢星期一與國定假日(遇週六、日照常開館),886-2-28939981,,https://hotspringmuseum.taipei/,溫泉類,展覽場館類,溫泉類,,,"{'PositionLon': 121.50714874267578, 'PositionLat': 25.136579513549805, 'GeoHash': 'wsqquzyz1'}",非古蹟,"{'PictureUrl1': 'https://www.travel.taipei/image/222583', 'PictureDescription1': '北投溫泉博物館'}",,這座早在日本時代就享有盛名的溫泉公共浴場，有著英國都鐸時期的鄉村建築風格，沉穩的紅色磚牆與黑色的瓦與綠蔭相稱，是個讓人放鬆休憩的好地方。1樓的羅馬拱柱環繞浴池，陽光穿過彩色玻璃，投影出異國情調。2樓的和室格局、日式地板，搭配著空氣中淡淡的溫泉味，昔日的氤氳時光，彷彿就在眼前重現。在當地人士的努力奔走下，這棟古蹟被保留下來，變身為今日的北投溫泉博物館，成為認識北投的最佳入門。一樓展覽空間分為四個展區，有「大浴池、北投石」、「北投浴場SENTO」、「片語拾光」、「博覽廳EXPO」，二樓展覽空間分為六個展區，有「北投印象」、「多媒體視聽室」、「望樓」、「台語片的好萊塢」、「溫泉DOZO」、「榻榻米活動大廳」。望樓是北投溫泉博物館最受喜愛的參觀區域之一，從望樓向外眺望，可以看見綠蔭盎然的北投公園及北投圖書館，供沐浴後的遊客休憩、欣賞北投山光水色之處。而在榻榻米活動大廳可以眺望整個北投谷地以及公園美景，開放的室內空間通風良好，空氣中飄著微微的硫磺味，使人深刻記住北投溫泉的美好。北投溫泉博物館不但是歷史的珍貴記憶，更深刻凝聚著北投居民對這片土地的感情。,室內
184,臺北市,北投區,北投社三層崎公園,🌳 都會休閒類,臺北市北投區北投站,,開放空間,886-2-28832130,,,文化類,都會公園類,,,,"{'PositionLon': 121.49198913574219, 'PositionLat': 25.144620895385742, 'GeoHash': 'wsqrh97y0'}",非古蹟,"{'PictureUrl1': 'https://www.travel.taipei/image/207827', 'PictureDescription1': '北投社三層崎公園'}",,北投社三層崎公園坐落於北投區市郊，為108年開闢之坡地公園，過去曾是臺灣的陶瓷產業原料供給區，具有豐富人文歷史價值，後來臺北市政府工務局公園處利用了公園內的特殊山坡地形交錯種植了一片又一片由一串紅、四季海棠及銀葉菊組成的多層次花海景觀。仿照北海道富良野視覺感的花海，使不少喜歡拍照的民眾慕名前往這美麗的網美打卡景點。北投社三層崎公園的最佳賞花期間為每年一月中旬至二月下旬，千萬不要錯過！欣賞完美麗花海後可順道至鄰近的貴子坑水土保護區來趟結合當地自然生態、歷史人文與景觀藝術的一日寓教於樂親子行唷！,室外
185,臺北市,北投區,吉慶社區_聖誕巷,🏯 歷史人文類,臺北市北投區石牌路一段71巷15弄3 樓3號,,無限制，但下午18：00～22：00較佳,886-2-28275233,,,文化類,,,,,"{'PositionLon': 121.51081848144531, 'PositionLat': 25.1143798828125, 'GeoHash': 'wsqqv5cmz'}",非古蹟,"{'PictureUrl1': 'https://www.travel.taipei/image/98390', 'PictureDescription1': '吉慶社區_聖誕巷'}",,吉慶社區「聖誕巷」起源為社區「三愛教會」於1999年聖誕節前夕，教會林恭昭牧師將原本放在教會裡的聖誕樹從室內移往了室外，巷內的教友也跟隨在家門口妝點聖誕燈飾，並向街坊鄰居報佳音，而後受到節慶歡樂氣氛的感染，巷內的住戶逐年的加入，加上吉慶社區黃勝宗里長、木工師傅溫永煙先生、臺北城市科技大學潘同泰副教授及三愛教會林恭昭牧師、侯樹良牧師等人費心的布置裝設下，「聖誕巷」的規摸越來越大且聲名逐漸遠播。如今每年聖誕節前後，巷內家家戶戶裝置聖誕造景已成了約定成俗的節慶活動。每年的12月，巷內住戶便會自發性地開始布置自己的家門，甚至在幾個月前便開始設計及製作今年的新造型或裝置。巷內居民彼此也都有默契，每年點燈都會從聖誕節的前一週開始，一直點到隔年元宵節止。吉慶里的「聖誕巷」布置是以「戶」為單位，再搭配不同的主題裝置，例如吉慶高鐵、纜車、直升機、黃色小鴨等，巷內家家戶戶的窗台、庭院都有居民的精心設計。2014年吉慶社區「聖誕巷」還被網友票選的全國「十大耶誕浪漫景點」之一。,室內
186,臺北市,北投區,地熱谷_地獄谷_鬼湖,⛰️ 自然生態類,臺北市北投區中山路30號地熱谷之10,,,886-2-28912105,,http://btdo.gov.taipei/ct.asp?xItem=18047953&ctNode=51503&mp=124081,自然風景類,,自然風景類,,,"{'PositionLon': 121.5116195678711, 'PositionLat': 25.137760162353516, 'GeoHash': 'wsqrj04n1'}",非古蹟,"{'PictureUrl1': 'https://www.travel.taipei/image/282088', 'PictureDescription1': '地熱谷_地獄谷_鬼湖'}",,地熱谷位在北投溫泉公園旁邊，是北投溫泉的源頭之一，因為終年瀰漫著硫磺煙霧，讓人聯想到恐怖的地獄，所以又被稱為「地獄谷」或「鬼湖」。這裡的溫泉是大屯山火山群內水溫最高的溫泉，硫磺煙霧濔漫的景色，如夢似幻，有如仙境一般，是日治時代臺灣八景十二勝之一。地熱谷中的石頭具有放射性元素「鐳」，叫做「北投石」，是世界數千種礦石中，唯一用臺灣地名命名的礦石，目前只有臺灣北投和日本玉川有這種礦物。最近幾年為了復育北投石，成立北投石保護區，來此參觀，除了能感受到溫泉鄉的情懷，更能對這獨特的礦石有更深入的瞭解。地熱谷的泉水溫度約在80℃至100℃之間，屬於鹽酸酸性泉，溫泉水質酸鹼度很高，具有腐蝕性，俗稱「青磺泉」和「磺水頭」。之前常有遊客在地熱谷利用高溫的泉水煮「溫泉蛋」，不過近年來為了保護溫泉的水質，並且避免遊客在此跌倒發生意外，已經禁止民眾在地熱谷煮蛋了！來地熱谷玩，可別再帶著食物前往，以免掃興囉！現在的地熱谷經過改造後以嶄新風貌重現，建置環湖步道以及設置溫泉體驗設施，包含入口意象手湯(淨手礦泉湯)、大斜面設計的愛情座椅。遊客可以沿著新建置的環湖步道漫步一圈，體驗大自然的蒸氣Spa，搭配園區植栽美化，展現仙境般全新風貌。,室外
187,臺北市,北投區,夢幻湖,⛰️ 自然生態類,臺北市北投區湖田里,,,886-2-28613601,,https://www.ymsnp.gov.tw/,自然風景類,,自然風景類,,,"{'PositionLon': 121.55956268310547, 'PositionLat': 25.166990280151367, 'GeoHash': 'wsqrnjsbr'}",非古蹟,"{'PictureUrl1': 'https://www.travel.taipei/image/89081', 'PictureDescription1': '夢幻湖'}",,夢幻湖位於七星山東南麓，標高約860公尺，形成原因尚未明確，可能是火口湖，也可能是噴氣孔造成的凹地積水，或是火山間窪地所造成。湖中生長著一種稀有的水生蕨類-台灣水韭，是世界上水韭生長緯度很低的地區，此種植物極為稀有，為了保護這種國寶級的水生蕨類，所以將夢幻湖劃設為生態保護區。一般遊客禁止進入湖區，湖旁設有平台供觀景展望。此處秋冬少雨、湖面常見乾涸，春夏霪雨霏霏，當雨季或豪雨過後，可見湖水滿溢，如遇山嵐霧氣籠罩，湖色山影雲霧縹緲，景緻如夢似幻。路線經過*陽明山公車總站->*遊客中心->*冷水坑站→夢幻湖→七星公園→*遊客中心站簡介內容│路程距離：在遊客中心續搭108遊園公車到冷水坑站下車，經夢幻湖、七星公園到遊客中心，路程共約為3.1公里。│步行時間：約為110分鐘。│沿途路況：冷水坑站→夢幻湖為上行陡坡，夢幻湖→遊客中心為下行陡坡。│沿途特色：夢幻湖為生態保護區為國寶級的台灣水韭及多種水生植物的生育地，種類眾多的蛙鳴、蟲鳴、鳥鳴聲，輪唱於水氣氤氳的湖中。在寧靜中更顯得自然節奏的美妙。七星公園有涼亭、長廊，天氣好時眺望視野良好，可仰望七星山坡面的蒼翠的植物林相或俯視台北市景觀、紗帽山或遠眺雪山山脈等。,室外
188,臺北市,北投區,大屯山系_中正山步道,⛰️ 自然生態類,臺北市北投區登山路104 之8號,,開放空間,886-2-27593001,,https://www.ymsnp.gov.tw/YMSNP_com_linemap_m.aspx?id=2&aid=13456&sid=13460&eid=13459&n=17941&sms=13458,自然風景類,,,,,"{'PositionLon': 121.5172119140625, 'PositionLat': 25.14698028564453, 'GeoHash': 'wsqrj1y5u'}",非古蹟,"{'PictureUrl1': 'https://www.travel.taipei/image/63438', 'PictureDescription1': '大屯山系_中正山步道'}",,中正山原名彌陀山，也叫十八份山或大竿林山，後來才改成中正山；中正山的登山口有7處之多，這是由其串連出來的步道特多，大都呈放射狀，山頭獨立，廣角視野稱得上一流，十分特別。中正山步道這條親山步道自登山路起登，幾乎是陡坡石階直上山頂，山友行前須作好體力與腳力的準備，尤其心肺功能須在這條步道行進間，充分發揮其功用。儘管上坡路段耗費體力，但是一路上登可以欣賞北投街區及基隆河全貌景象，讓這條步道還真吸引不少山友前往。尤其抵達山頂觀景樓，視野總讓人驚奇連連，平日不易見到的七星山、紗帽山「近覽」，山際稜線層層分明，難得一見、煞是好看。蝶影花海另類生態景觀中正山步道屬於陽明山國家公園範疇，步行其間不時可以看見鳳蝶成群飛舞，這裡的蝶類據調查有上百種之多，幾乎全臺灣四分之一的蝴蝶都會在者裡出沒，所以在地面或樹梢經常可見蝴蝶幼蟲--毛毛蟲的蹤跡，罕見而有趣。花季來臨時，中正山鞍部常可見相思樹的金黃花朵，其他如杜鵑花、山櫻花等也都不會缺席。探訪竹林幽徑站在北投市區遠望、或是由龍鳳谷仰望山谷對面，刻意由樹木修剪出來的「中正」二字清晰可見。中正山因為山上有法雨寺和大慈寺，原名彌陀山，又叫十八份山或大竿林山，後來為了紀念老蔣總統才改名為中正山。聽到「中正」兩字，總不免讓人肅然起敬，事實上從登山口起，幾乎是一路陡坡石階直上中正山，行前可要先做好心理準備，再挺直腰桿昂步登山去。正因為如此，這裡也是挑戰高山前練體力和腳力的好地方。上坡路耗費些體力在所難免，不常運動的人可以在途中的休憩涼亭歇歇腳，順道欣賞一下北投市區風光，登頂前邊走邊瀏覽，途中欄杆旁、舊地藏王廟前，都是眺望北投市區和基隆河的好據點。再加把勁往高處去，就能到觀景樓的長椅好好休息啦。山頂不算寬闊，但登上特設的觀景樓卻讓人大呼過癮，甚至驚呼連連。撇開迎面清涼的山風不談，環顧四周一望無垠，平時只能遠觀的七星山、紗帽山，此刻居然可近覽形貌，而北投附近著名的風景名勝「龍鳳谷」就在山腳下，再遠一點更見基隆河蜿蜒流向淡水河口，而淡水河依傍著觀音山，山河美景層層分明。回程路上沿途還能更「近距離」欣賞捷運北投機場、彩繪的北投焚化爐高塔、整片綠地的關渡平原，和淡水河對岸的觀音山，若是在步道上還看不過癮，建議你最後一段下坡路時而循竹林步徑、時而走一段產業道路，採公路、步道混合的方式來走，就能和眼前美景更「靠近」一些，也為這趟行程平添趣味和變化性。漫遊蝶影花海儘管步道兩旁大多是竹林和農園景觀，在春暖花開時節，不論是上坡地藏王廟附近、抑或是下坡路段，開滿金黃花朵的相思樹迎風飄落路徑，仿若是相思花絮為山林訪客舖就連綿的柔軟地毯。雖然陽明山花季已過，金黃相思與綠竹互搭的純然景緻也別有風味。既然中正山屬於陽明山國家公園範疇，步行其間不時可見翩翩飛舞的蝶影自然不足為奇。這裡的蝶類有100多種，全台灣1/4的蝴蝶種類都會在附近出沒，所以無論是地面上或是半空中都能輕易看到毛毛蟲的蹤跡。沿途常見毛毛蟲悠閒地懸吊空中，煞是有趣。在這裡不只毛毛蟲的生命力旺盛，停下腳步仔細一看，就連地上的螞蟻、爬蟲類也顯得特別肥碩。晴天時前行視野較開闊處，也許能親賭大冠鷲、紅嘴黑鵯、白頭翁，或是五色鳥的身影，不然耳畔也經常能聽見此起彼落的鳥鳴聲，即便是獨自登山，一路上根本不覺寂寞。若是到了夏季，步道的自然樂音除了熟悉的蟬鳴聲，還有螽斯、蜥蟀等低迴的蟲鳴聲。至於冬季到早春，就有台北樹蛙來「值夜班」，長而低沈的蛙鳴是雄蛙最原始的呼喚，想藉此訊號發出求偶的渴求，於是山間又響起不同的樂章。,室外
189,臺北市,北投區,大屯山系_忠義山親山步道,⛰️ 自然生態類,臺北市北投區中央北路四段18巷忠義山步道,,開放空間,886-2-27593001,,,自然風景類,,,,,"{'PositionLon': 121.47840118408203, 'PositionLat': 25.137279510498047, 'GeoHash': 'wsqrh21g7'}",非古蹟,"{'PictureUrl1': 'https://www.travel.taipei/image/63420', 'PictureDescription1': '大屯山系_忠義山親山步道'}",,忠義山又叫小八里分山，石階攀登、林蔭密佈是其最大特色，慢步攀登、享受林間涼爽，是極佳的有氧運動場地。忠義山親山步道位於臺北藝術大學後山的忠義山親山步道，沿途林木密集，路徑遮陽率在百分之九十以上，是一條原始幽靜的步道，對怕晒的山友來說，這裡是最佳之選的路徑；只不過沿途多處石階，尤其是登頂前盡是上坡石階，須不錯的腳力和體力才能勝任，呼吸的節奏更應適時調整，否則會走得氣喘吁吁、上氣接不到下氣。有氧健行　美麗一身忠義山親山步道離市區近，所以不論晨昏，附近居民常會來這裡練腳力和體力；到了假日，就算是陽光熾熱的天氣，步道上上下下的人潮始終沒斷過。登頂前盡是上坡步階，雖然路程不算長，隨著石階攀升，呼吸也變得急促，尤其後段直挺挺的步道最是需要好好調勻呼吸，不然免不了要氣喘吁吁。前一小段路還能拐到岔路旁、在行天宮後院步道的涼亭歇歇腳，後半段若要小歇，接近指標之前的石階護欄較寬敞，可以就地取材充當便椅。看到綠色欄杆出現，山頂就不遠了。到了頂上寬廣的平台，不但有長排座椅好休息，如果想趁全身帶氧量正充沛之際，好好活絡一下全身細胞，就踏上樹蔭下的卵石步道，直接從腳底喚醒平日久怠不興的循環系統。那麼，接下來要挑戰陡峭山徑就能得心應手啦。走一趟忠義山步道，像進入天然的有氧教室，讓全身「缺氧」的細胞Up Up，而且這回不須繳會員費，也不怕店家突然歇業，只要邁開腳步上山去就成了。自然樂章　健康一生沿捷運軌道旁的綠色步道往行天宮走去，眼前就是山川美景，還沒走到登山口就見青翠山色躍然於前，欣喜雀躍之情油然而生，腳步也跟著輕盈了起來。拾級而上，沿路常見高大的樹木，松林、刺竹等茂盛樹林擋住了大半刺目的陽光，此起彼落的蟲鳴鳥叫生氣蓬勃，像是用高亢聲調歡迎來訪的客人。途中瞥見北投市景，登上山頂視野更好，可遠望觀音山和淡水河。聽說在忠義山看觀音山，山形最美，可得把握好好瞧一瞧。山頂高原平坦寬闊，有時引來小白鷺駐足停歇，和眼前一片貧脊的紅土層相映成趣。才「豁然開朗」，轉入下坡路段，景觀全然不同。林間綠蔭更密，幾乎見不到樹林外的風景，也更顯得遺世獨立。尤其由寬敞的空間乍然轉換至狹窄的小徑，初入步徑可能會納悶前方可還有道路，或是以為走錯路徑。在路旁輔助繩索的引導之下，中途來到一處遠眺的好據點。停駐岩塊上，更可好好欣賞觀音山和淡水河，此時山水美景不偏不倚，直立於正前方。走出林蔭小徑，眼前視野又逐步開展。最後一段路程途中，整個關渡平原一覽無遺，捷運北投機房、醒目的焚化爐高塔，一一清晰分明映入眼簾，為今天的行程畫個完美的句點。,室外
190,臺北市,北投區,大屯山系_貴子坑親山步道,⛰️ 自然生態類,臺北市北投區秀山路貴子坑親山步道,,開放空間,886-2-27593001,,,自然風景類,,,,,"{'PositionLon': 121.49050903320312, 'PositionLat': 25.152780532836914, 'GeoHash': 'wsqrhdftw'}",非古蹟,"{'PictureUrl1': 'https://www.travel.taipei/image/63433', 'PictureDescription1': '大屯山系_貴子坑親山步道'}",,"位於北投稻香里的貴子坑園區佔地約10,000坪，原為瓷土礦場，後因山坡地闢建為休閒活動場而引來人潮。市府所規劃的第一條親山步道，便是串連捷運復興崗站的貴子坑親山步道，其中還包括捷運綠廊步道直通往貴子坑園區。貴子坑露營場貴子坑是個有特殊地質景觀的小山谷、五指山層的古老地層。早期因開採過度，導致水土失衡，因此當時被稱『鬼子坑』。經整治規劃，現在貴子坑區擁有露營場、水土保持教學園區及環山步道，是一座最佳的戶外地質教室。貴子露營場為免費使用， 園區內有兩處露營場地「100平台」、「110平台」，其中「100平台」露營場，是唯一的「汽車露營場」半圓弧式頂蓬活動廣場，平日除提供社區里民晨間活動外，更是作為市民團體戶外活動使用之場地。水土保持教學園區貴子坑水土保持教學園區有臺北市最古老的地層，即五指山地層實體觀察區，裸露的岩壁蘊藏豐富的瓷土礦和石英砂，上層是在80萬年前由大屯火山群所噴發出來的火成岩，下層則是五指山層在造山運動推擠下所形成的褶曲岩層，如此地質景觀十分特殊與罕見。透過水池畔的一片裸露石壁就可窺見，經過整治過的水磨坑溪被區分成一層一層的水階，這是水土保持工程裡的「跌水工程」，目的在減緩水流向下的衝力，減少溪底受到重力侵蝕，如此階梯式的水池，還可以沈澱水中挾帶的泥沙，以便減少下游土石的淤積。園區旁建有森林浴木棧步道，此木棧步道將帶你走訪五指山層的古老地層景觀及邊坡槙生、格樑框護坡等處理區。若水土保持觀摩人數達20人以上可向建設局申請志工解說。戀戀山水行山水其實不遠，只是我們忘了親近它。在台北，能看到小溪的機會不多，更何況親睹二條溪流匯聚一堂。往登山口的途中，一路上溪水相隨，進入步道範圍，四目所及盡是綠意。漸漸登高後，溪流已轉入山谷間，濃密山林醞釀出森林浴氛圍，有如走在蓊鬱森林中，呼吸吐納盡是芬多精的氣息。越過仿松木小橋，暫別貴子坑溪，循石階來到圳溝步道。平坦圳路有流水為伴，腳步不由得也輕盈了起來。前行不久，遠望是被基隆河環繞的社子島、捷運北投機房與北投地景，更特別的是，可清楚地看到水圳貫穿關渡平原、恰似將這片綠地從中一切為二的特殊景象，令人嘖嘖稱奇。走在稜線上是平緩山徑，雖然路旁有花圃、菜園，沿途視野漸形開闊，感覺像漫步高原間。接近下坡路之前，來到觀景涼亭眺望四方，近處是綠油油的關渡平原、裸露的白土山丘、綿延的大屯火山群，遠方景緻則是坐擁山間的文化大學。駐足停留之後，沿石階下探又是另一段綠蔭林徑。話說當年事眼前所見盡是山水美景，若非水土保持教學園區的地標「五指山層」是幾近全禿的小山丘，你可能很難憑空想像，這原名「鬼仔坑」的山谷地也有一段滄桑的過往。走完環山步道，一定要繞到教學園區看看台北最古老的地層。想再靠近它一些，還可登上木棧道做細部觀察。不然，庭園觀景區的水池、綠樹、涼亭也是休憩小歇的好地方。想念剛才眺望的美景？園區觀景台也是登高遠望的好據點，不僅可瀏覽整個園區風貌，還能飽覽淡水河、關渡平原、三重、蘆洲，乃至觀音山一帶的景緻。愛上這裡，想留久一點或再次造訪，寬敞的休閒露營區歡迎團體來預約。使用全區場地時，參加活動遊客人數容量可高達2,000人以上。其中「110平台」露營場，還是台北市唯一的「汽車露營場」。所以不但團體來野餐、露營、烤肉沒問題，就連登山健行、定向運動等戶外休閒遊憩活動也很方便。夜間活動可觀星、探尋螢火蟲蹤影，反正這裡面積有五公頃，怎麼玩怎麼遊園都好。還不過癮的話，那就拉拔到陽明山國家公園囉！",室外
191,臺北市,北投區,大屯山系_軍艦岩親山步道,⛰️ 自然生態類,臺北市北投區永欣里,,開放空間,886-2-27593001,,,自然風景類,,體育健身類,,,"{'PositionLon': 121.51872253417969, 'PositionLat': 25.127309799194336, 'GeoHash': 'wsqqvnr1p'}",非古蹟,"{'PictureUrl1': 'https://www.travel.taipei/image/222667', 'PictureDescription1': '大屯山系_軍艦岩親山步道'}",,軍艦岩位於石牌榮民總醫院正北方山區，海拔185.6公尺，登山步道約3公里，全線約5.7公里，步行時間約2小時7分鐘，為大屯山系的著名山嶺。嶺上突出的巨岩聳立在層層山巒間，乍看之下如同海上艦艇，因此得名軍艦岩。日據時代分別與唭哩岸山、丹鳳山、烏尖連山，共稱為烏尖連峰，山頂岩場是座理想的攀岩練習場，也是一處相當熱門的健行路線。軍艦岩親山步道健走軍艦岩親山步道沿途可欣賞珍貴老樹和自然景觀，頂上視野開闊，中研院於山頂設立有地殼變動基準點，作為記錄與研究用。自頂上向右眺望可欣賞士林到北投的稜線、地景風光，向左俯瞰則可欣賞威靈頓山莊安靜祥和的現代化社區，景致開闊好看。丹鳳山丹鳳山海拔210公尺地勢趨於平坦，環境相當清幽，自然環境與軍艦岩相近。砂岩地形使土壤層較薄、涵養水分較低，所以環境較乾燥，因而發生火災的機率較高。烏尖連山烏尖連山海拔282公尺在日據時代分別與唭哩岸山、丹鳳山、軍艦岩連嶺，共稱為烏尖連峰。烏尖連山峰頂有根木指標，基石市NO:2363可遠眺軍艦岩、唭哩岸山、北投、士林地區盡收眼底。經烏尖連山可通往磺溪山，下行接泉源路可到鳳凰谷遊憩區。安步當車登岩去軍艦岩早就是假日休閒的熱門景點，路程不長又好爬，而鄰近的丹鳳岩，醒目的「丹鳳」紅字刻在岩壁上，從北投往山上望去十分引人注目，不免會惹人想一探究竟。登軍艦岩的步道路程不長，因為石階外來客和砂岩原住民相依並存，走來別有一番風味。堅硬、粗獷的岩塊穩穩當當地安駐兩旁，彷彿托住步道的磐石，一路行來既舒適又安穩。途中新建的造景涼亭，也許是要和周遭岩塊的氣勢相呼應，這亭子看起來特別寬敞。駐足於此，對照山腳下擁擠的北投市容，左前方沿山坡而建的威靈頓山莊顯得特別清幽，白牆紅瓦在山色襯映之下更是醒目。過涼亭繼續拾級而上，視野漸行開朗。軍艦岩已在不遠處，回首來時路一樣有開闊的景緻，關渡平原溼地、蜿蜒的基隆河注入淡水河的景象一一呈現在眼前。仍意猶未盡，軍艦岩已然矗立眼前，陽明山的華岡和坐擁山間的文化大學是天然襯景。乘風的快意迫不急待登上軍艦岩，恣意享受乘風滋味，好好欣賞四周美景。360度展望視野將台北盆地和環山景觀盡收眼底，除了士林、北投、石牌、天母等市區近景，放眼望去，關渡平原、觀音山、大屯山群峰、紗帽山、五指山等山巒美景，真是美不勝收。站在岩頂眺望，果真如登上「山中鐵達尼」--勁風一波波迎面襲來，還有四望無際的遼闊視界。過足了癮，下到岩頂附近的大片岩面處，舉目四望，平滑潔白的岩面，真像是來到乾淨清爽的海岸線，不由得想脫下鞋，赤腳腳踩在光潔巨岩上。近看軍艦岩，和東北角海岸風化的砂岩還真具姊妹相。這樣的聯想絕非空想，因為這一帶原本就是濱海地區。不信的話，隨處可見的雪白砂岩就是最佳見證。原來軍艦岩的地質是兩千多萬年前沈積的木山層，經過海水長期沖刷沈積之後成為雪白的砂粒，歲月累積加上膠結作用，形成厚層的堅硬砂岩，最後是經由造山運動才隆起。自然的野趣軍艦岩海拔不到200公尺，不僅低海拔的指標植物蕨類處處可見，一些原本生存在中高海拔的植物也在此落腳。這是因為地處東北季風入口，山脊線上受到風衝壓力，氣溫較低，造成植物生態帶大幅下降。而山稜線上見到的則是一些海濱常見的植物，像是桃金孃和車桑子。丹鳳山不似軍艦岩那般陡峭，但是自然環境相近。軍艦岩常見的植物，如芒箕、車桑子、細葉饅頭果等，這裡也都有，而且範圍更加遼闊。不過也許因為過去曾經發生火燒山，步道大半區域兩旁都以繩索區隔開，標示是禁止入內的「護育區」。如同軍艦岩的砂岩地形使土壤層較薄，不易涵養水份，所以環境較為乾燥，因而發生火災的機率較高。再加上蘊藏油脂的松樹容易著火，更使這裡的警戒指數攀升。琉球松是丹鳳山的優勢族群，空曠的稜線和山坡不時可見松樹孤立或三兩成群的景象。踩踏在平緩的步道上，有時還能嗅到松香的淡雅氣息。步道將盡的道路上，沿途密集出現三座涼亭，有的還硬生生的立在路徑正中央，有點「反客為主」的意味。平頂菌菇狀、傳統庭園式，造型互異，任君選擇，也是旅程終了前的趣味。,室外
192,臺北市,北投區,大屯瀑布,⛰️ 自然生態類,臺北市北投區竹子湖路8 之3號,,,886-2-27593001,,,自然風景類,,,,,"{'PositionLon': 121.53685760498047, 'PositionLat': 25.16183090209961, 'GeoHash': 'wsqrjss6q'}",非古蹟,"{'PictureUrl1': 'https://www.travel.taipei/image/373660', 'PictureDescription1': '大屯瀑布'}",,陽明山大屯瀑布係位於陽明山公園附近，鮮少人探訪的一處秘境，由多個瀑布組成，沿途步道會經過長滿青苔的長廊，步道的盡頭是可以一望台北盆地無盡景色的景觀台。,室外
193,臺北市,北投區,天狗庵史蹟公園,🏯 歷史人文類,臺北市北投區溫泉路73巷10號天狗庵史蹟公園,,,886-2-28832130,,,廟宇類,都會公園類,,,,"{'PositionLon': 121.50656127929688, 'PositionLat': 25.13582992553711, 'GeoHash': 'wsqquzy6u'}",非古蹟,"{'PictureUrl1': 'https://www.travel.taipei/image/373632', 'PictureDescription1': '天狗庵史蹟公園'}",,「天狗庵史蹟公園」位在日勝生加賀屋國際溫泉飯店旁，前身為北投第一間民營的日式溫泉旅館「天狗庵」，為北投溫泉業的發展奠下了基礎，並見證北投溫泉發展史。如今已改造為擁有天然日式庭園景觀的「天狗庵史蹟公園」。,室外
194,臺北市,北投區,復興三路櫻花隧道,🌳 都會休閒類,臺北市北投區復興三路櫻花隧道,,開放空間,886-2-27593001,,,遊憩類,,,,,"{'PositionLon': 121.5044937133789, 'PositionLat': 25.14896011352539, 'GeoHash': 'wsqrhfhz7'}",非古蹟,"{'PictureUrl1': 'https://www.travel.taipei/image/65742', 'PictureDescription1': '復興三路櫻花隧道'}",,北投區大屯里復興三路著名的「櫻花隧道」，沿線緋豔花海，為早期北投區公所規劃栽種，經過多年的培育照顧及里辦公處、地方居民大力支持，形成今日絕美景緻，沿著復興三路直上白宮山莊，道路兩側於櫻花盛開時，浪漫綺麗、美景絕倫，走在落櫻繽紛的路上，香氛繚繞、觸目柔美絢麗，徜佯於櫻花緋紛下。,室外
195,臺北市,北投區,新北投善光寺,🏯 歷史人文類,臺北市北投區溫泉路銀光巷20號,,,886-2-28912726,,,廟宇類,,,,,"{'PositionLon': 121.5188980102539, 'PositionLat': 25.135509490966797, 'GeoHash': 'wsqqvpz2g'}",非古蹟,"{'PictureUrl1': 'https://www.travel.taipei/image/181484', 'PictureDescription1': '新北投善光寺'}",,「善光寺」，不同一般寺院的華麗裝飾，「善光寺」的外觀十分樸實，雖然「善光寺」平日不對外開放，但在櫻花綻放的季節，在善光寺的入口階梯，仍然可以欣賞到寒櫻及山櫻花，搭配入口有兩個石燈籠，別有一番風味，是北投另一處賞櫻的祕境。北投善光寺，為淨土宗西山深草派之寺廟，是當時日籍移民之信仰中心。寺中佛舍利塔甚為著名，供奉由日本請回之釋迦牟尼佛舍利。北投善光寺源出日本長野縣信濃善光寺，由大本願第一百十七世誓圓尼公上人擇現址開基創設於民國21年 (日本昭和7年、西元1932年)，並立第一世中野全能上人為住持。民國35年，台灣光復之初，善光寺法燈榮續至淨空寶珠中興如意上人。民國48年，善光寺日式的社殿於「八七水災」中遭毀，遂於民國51年建造新殿，並在同年9月恭建寶塔奉安，奉祀釋迦牟尼佛舍利，是為該寺最重要特點。善光寺主祀釋迦牟尼佛，因此在釋迦殿即供奉三寶佛 (即釋迦牟尼佛、藥師佛和阿彌陀佛)，而法王殿內則供奉阿彌陀佛，由於平日為寺內僧眾修行課業，故不開放禮佛，僅節日法會才開放。而善光寺內最引人矚目的，就是於民國五十一年所建的佛寶塔，乃仿印度佛寺建築，分三層，分別冠以佛、寶、塔，最上層供奉由日本請回之釋迦牟尼佛舍利；中間及底層則為靈體塔。塔四週綴以銅鈴。中層四龍駐守四方，威儀顯赫，金黃色的蓮花則羅布各邊角。除此之外，善光寺仍留有許多日人遺跡，例如，法王殿正門石像，八十六座的石雕佛像；另外，於佛寺庭院中屹立一座「岡本翁頌德碑」，是為了紀念西元1905年，日本礦物學研究家岡本要八郎在新北投附近上溯的北投溪谷中，發現了富含放射線的「北投石」(Hokutolite)，而「高田富莊」特別於西元1940年立了一個「岡本翁頌德碑」於北投，歷經許許多多的輾轉波折，才保存在善光寺內，為這段北投石歷史做了最好的見證。 (資料來源：和風北投 ‧ 行腳踏查),室內
196,臺北市,北投區,新北投溫泉商圈,🛍️ 商圈市集類,臺北市北投區中山路6號,,各業者不同，依據現場公告,886-2-28955418,,http://www.taipeisprings.org.tw/tw/modules/pages/btspring,溫泉類,小吃/特產類,,,,"{'PositionLon': 121.50852966308594, 'PositionLat': 25.136999130249023, 'GeoHash': 'wsqrhbpc9'}",非古蹟,"{'PictureUrl1': 'https://www.travel.taipei/image/292627', 'PictureDescription1': '新北投溫泉商圈'}",,北投溫泉從日據時代便有盛名，喜愛泡湯的日本人自然不會錯過，瀧乃湯、星乃湯、鐵乃湯就是日本人依照溫泉的特性與療效給予的名稱，據說對皮膚病、神經過敏、氣喘、風濕等具有很好的療效，也因此成為了北部最著名的泡湯景點之一。新北投溫泉的泉源為大磺嘴溫泉，泉質屬硫酸鹽泉，PH值約為3~4之間，水質呈黃白色半透明，泉水溫度約為50-90℃，帶有些許的硫磺味 。目前北投的溫泉旅館、飯店、會館大部分集中於中山路、光明路沿線以及北投公園、地熱谷附近，每一家都各有其特色，多樣的溫泉水療以及遊憩設施，提供遊客泡湯養生。鄰近的景點也是非常值得造訪，例如北投溫泉三寶的吟松閣、星乃湯、瀧乃湯以及記錄臺灣第一家溫泉旅館的天狗庵史蹟公園，都有著深遠的歷史背景。而北投公園、北投溫泉博物館、北投文物館、地熱谷等，更是遊客必遊的景點，來到北投除了可以讓溫泉洗滌身心疲憊，也可以順便深入了解北投溫泉豐富的人文歷史。,室內
197,臺北市,北投區,新北投車站,🌳 都會休閒類,台北市北投區七星街1號,,,886-2-28915558,,https://www.xbths.taipei/index.php,遊憩類,,,,,"{'PositionLon': 121.50346374511719, 'PositionLat': 25.13665008544922, 'GeoHash': 'wsqquzupe'}",非古蹟,"{'PictureUrl1': 'https://www.travel.taipei/image/174887', 'PictureDescription1': '新北投車站'}",,日治時期為發展新北投地區溫泉觀光產業，興建新北投支線，於1916年(大正5年)設置「新北投乘降場」後改稱為「新北投驛」， 新北投地名，由此而生。新北投車站為鐵路淡水線甚至是臺北市僅存的百年車站，其站體為木造結構，簷架下的雕花托座及1937年因擴建站體產生的3+1組合老虎窗， 為車站建築一大特色。然1988年因鐵路淡水線停駛而走入歷史並將站體拆遷至彰化台灣民俗村。2003年文化資產保存意識抬頭，臺北市政府與民間團體攜手爭取車站回家，幾經波折後，日榮資產股份有限公司有感於臺北市民對於車站返鄉的熱忱與期盼， 同意無償捐贈新北投車站予臺北市政府文化局。車站重組位置於2016年以模擬站體試驗交通議題，最後定案於原址附近的七星公園內(即今所見)，修復工程隨即展開，並於2017年4月重組完成再次對外開放。資料來源：新北投車站官方網站,室外
198,臺北市,北投區,梅庭,🏯 歷史人文類,臺北市北投區中山路6號,,週二至週日 09:00 - 17:00; 週一及國定假日休館,886-2-28972647,,https://www.beitouplumgarden.taipei/index.aspx,其他,,,,,"{'PositionLon': 121.50877380371094, 'PositionLat': 25.136930465698242, 'GeoHash': 'wsqrhbpcp'}",非古蹟,"{'PictureUrl1': 'https://www.travel.taipei/image/337145', 'PictureDescription1': '梅庭'}",,「北投梅庭」約建於1930年代末期，是一棟見證戰爭時代與順應北投風土而建的和洋式別莊。屹立在北投公園近百年，自日本時代起，所有者包括日本總督府、陸軍大臣、台北州，1945年二次世界大戰後，主要作為私人住宅使用，2006年因其建築特色登錄為臺北市歷史建築。順地勢臨靠北投溪而建，將建物南側之山景與北投溪流結合為一，上層為日式木構架，下層為RC構造(鋼筋混凝土建築Reinforced Concrete)之地下室，作為防空避難室用，在當時代的日式街屋裡，顯得獨特與具有歷史價值。外門柱有書法家于右任題字之「梅庭」門牌，庭院內有受「臺北市樹木保護自治條例」保護之臺北市保護樟樹(編號1679)，週邊圍牆以停採之「唭哩岸石」為建材，屋內空間配置講究，利用北投豐富的地熱資源，曾設置「溫泉浴室」， 建有「閣樓」瞭望、儲藏物品，並有調節室內溫度、排濕防潮功能，同時也作為下層樓面的天花板以及支撐建築主要結構所在；玄關處貼有「釉面馬賽克」磁磚加上洗石子的門柱，彰顯工藝之美，牆面上的「八角窗」設計，為日本時代興起之擬洋風裝飾，內斂雅致，更是顯出富有有時代感與建造之美。2021年由臺北市文化局委任台北市文化基金會營運維護，為提升文化資產再利用與在地推廣，未來將延續北投特有的人文特色，透過藝術展覽、教育活動，創造歷史人文與藝術文化相結合的樂活空間。,室外
199,臺北市,北投區,水車寮步道,⛰️ 自然生態類,臺北市北投區竹子湖路29-1號水車寮步道,,,886-2-27593001,,https://gisweb.taipei.gov.tw/release/?p=6-2-4,自然風景類,,,,,"{'PositionLon': 121.53926086425781, 'PositionLat': 25.171260833740234, 'GeoHash': 'wsqrjwq1n'}",非古蹟,"{'PictureUrl1': 'https://www.travel.taipei/image/373657', 'PictureDescription1': '水車寮步道'}",,水車寮步道鄰近竹子湖地區，是著名的賞花及賞螢步道。每到繡球花季和海芋季盛開之時，滿是絡繹不絕的賞花人潮。春末夏初螢火蟲出沒之際，夜晚還可來場賞螢生態之旅。,室外
200,臺北市,北投區,法鼓山_農禪寺,🏯 歷史人文類,臺北市北投區大業路65巷89號,,,886-2-28933161,,https://ncm.ddm.org.tw/,廟宇類,自然風景類,,,,"{'PositionLon': 121.49537658691406, 'PositionLat': 25.122549057006836, 'GeoHash': 'wsqqutqjr'}",非古蹟,"{'PictureUrl1': 'https://www.travel.taipei/image/492017', 'PictureDescription1': '法鼓山_農禪寺'}",,法鼓山是由東初老人創建的「中華佛教文化館」與「農禪寺」發展而來。1955年，東初老人於北投興建中華佛教文化館，以推動佛教文化、開辦冬令救濟。1971年，並帶領弟子於關渡平原整地開墾，於1975年一棟農舍落成啟用，東初老人以「禪修為主，務農為生」將此處命名為「農禪寺」。1977年，東初老人無疾坐化，囑付聖嚴法師繼承法業，接任中華佛教文化館、農禪寺住持，致力弘揚佛法與禪修推廣工作。由於信眾日增，為了要尋找一個具有長久性、安定性和未來性的道場建築用地，1989年7月，聖嚴法師正式宣佈將金山的新道場命名為「法鼓山」，並為道場未來的建設勾勒出清晰的藍圖─發揮教育、文化、弘法的功能，為一般信眾提供一個修行佛法、淨化身心的良好環境，運用佛法來安定人心、安定社會。(資料來源：法鼓山_農禪寺 官方網站)建築特色法鼓山農禪寺的建築融合了傳統禪宗寺院的元素與現代設計，並巧妙地與周圍的自然環境相融合。整體建築風格簡潔、樸實，注重空間的開放性與自然光的引入，旨在創造一個和諧、寧靜的修行與生活空間。,室內
201,臺北市,北投區,洲美蜆仔港公園,🌳 都會休閒類,臺北市北投區承德路六段329號洲美蜆仔港公園,,,886-2-28832130,,https://parks.taipei/parks/m2/pkl_parks_m2C.php?sid=572,都會公園類,,,,,"{'PositionLon': 121.51119995117188, 'PositionLat': 25.10099983215332, 'GeoHash': 'wsqqv13zb'}",非古蹟,"{'PictureUrl1': 'https://www.travel.taipei/image/67883', 'PictureDescription1': '洲美蜆仔港公園'}",,"承德路與福國路延伸段10米綠帶交叉處，亦即十字軸綠廊交會之重要位置，是一座兼顧滯洪、休憩與生態的濕地公園—洲美蜆仔港公園面積約30,818平方公尺。公園內原有舊雙溪河道除保留河岸護坡，做為抽水站前池，洪泛期提供園區滯洪空間外，平日則為社區休閒濕地公園。沿河道東側規劃一淺灘為草澤溼生區，留設完整不易受人為干擾，可成為陸域鳥類覓食繁衍之良好棲息地。園區即可一邊欣賞河道之草澤溼地生態，並可遠眺七星山及大屯山系之壯麗山形，公園設施含賞景曲徑、親水平台、人行拱橋、休憩廊架、賞遊散步環道等設施。文字來源/公園走透透.臺北新花漾網站",室外
202,臺北市,北投區,照明淨寺_情人廟,🏯 歷史人文類,臺北市北投區崇仰七路51號,,,886-2-28941362,,,廟宇類,,,,,"{'PositionLon': 121.51380920410156, 'PositionLat': 25.131610870361328, 'GeoHash': 'wsqqvp5dh'}",非古蹟,"{'PictureUrl1': 'https://www.travel.taipei/image/111309', 'PictureDescription1': '照明淨寺_情人廟'}",,照明淨寺（又稱照明寺、情人廟）座落於北投軍艦岩前之山坡上，四面環山，環境清幽，視野開闊，向前可以看到關渡平原，站在此地向前遠眺關渡平原，頓時覺得心胸開朗、心情為之輕鬆。這裡的建築相當有特色，主廟像是尖塔型，上面一隻龍盤踞在上頭，感覺極有靈氣。照明淨寺的主神為保佑健康、婚姻、光明及財富的「四面千手觀音」，過去因陳列著牛郎織女蠟像，所以又稱「情人廟」！廟內有十分受歡迎的許願幅。在紙及木牌上寫上你要祈求的事物，再去參拜四面千手觀音，並將紙投入觀音旁的許願箱中。之後就來到許願池，一旁的許願池裡有6個缽，分別代表祈求姻緣、健康、財富等。想要求什麼，就帶幾枚銅板往缽裡丟，並將木牌掛在旁邊的許願亭上留下見證。據說很靈驗，有拜有保佑！在寺廟廣場上的許願亭寫著「真情無人見，假情天有知」，是為了告誡天下有情人，要珍惜自己情感，不要虛情假意，希望全天下的情人都能成為佳偶。,室內
203,臺北市,北投區,硫磺谷_大磺嘴,⛰️ 自然生態類,臺北市北投區泉源路79號,,,886-2-28613601,,,其他,,,,,"{'PositionLon': 121.52118682861328, 'PositionLat': 25.143579483032227, 'GeoHash': 'wsqrj31pb'}",非古蹟,"{'PictureUrl1': 'https://www.travel.taipei/image/215808', 'PictureDescription1': '硫磺谷_大磺嘴'}",,陽明山國家公園硫磺谷地熱景觀區，周圍擁有豐富的火成岩及沉積岩地質環境，周邊還有許多景點，如龍鳳谷、磺溪溫泉步道等，走累了、玩累了還可以前往泡腳池休息，因為溫泉屬酸性硫酸鹽泉，受地底熱作用，含有豐富的硫化物等磺物質，水質呈黃白色、有硫磺味，俗稱「白磺」，泉溫40~60℃，pH值則介於3.2至4.6間，是一處非常適合全家大小一起來享受的好地方。【硫磺谷泡腳池園區】園區位址：臺北市北投區泉源路77號對面硫磺谷地熱景觀區內營運時間：每週二至週日，8時-18時止(資料來源：臺北市政府產業發展局),室外
204,臺北市,北投區,竹子湖,⛰️ 自然生態類,臺北市北投區風架口,,,886-2-28613601,,https://www.ymsnp.gov.tw/,自然風景類,,,,,"{'PositionLon': 121.53677368164062, 'PositionLat': 25.175500869750977, 'GeoHash': 'wsqrjxh3u'}",非古蹟,"{'PictureUrl1': 'https://www.travel.taipei/image/181592', 'PictureDescription1': '竹子湖'}",,竹子湖位於陽明山國家公園核心區，海拔約650-670公尺，其北側為小觀音山、東依著七星山、西靠臨大屯山、向南則敞開一覽無遺地俯瞰臺北盆地。其原是35萬年前火山噴發造成的「堰塞湖」，因侵蝕作用產生缺口，湖水逐漸流失枯竭形成一處窪地。其自古即劃分為東湖、頂湖及下湖三個封閉的地區，東湖係指湖田國小一帶，為竹子湖地名原點之所在；頂湖係指越過湖田橋後，沿右邊產業道路前行，一處面積約20公頃的小盆地，因位於東湖之上方高處，故名頂湖；下湖則指今海芋大道一帶的盆地，竹子湖溪穿流其間，因位於東湖相對低處，故為下湖。竹子湖地名的由來竹子湖原是火山熔岩噴發形成的堰塞湖，因湖水逐漸流失形成一片濕地，一千多年前平埔族凱達格蘭人即開始進入屯墾。兩百年前漢人初到此地開墾時，因見土地泥濘且遍地竹林，於是稱此為竹子湖(閩南語中的「湖」有泥濘地的意思)。另有在地古老傳說，因山間盆地一帶早期簇生著箭竹林，山頂吹下的山風搖動箭竹林的景象，彷彿是湖水盪漾，因此稱之為竹子湖。竹子湖海芋季海芋原產於南非，因為它的苞片盛開時有如倒立的馬蹄，而植株又如同蓮花般生長在水中因此被稱為「馬蹄蓮」。目前竹子湖海芋花田生產總面積約有十三公頃，占全臺海芋產量百分之八十以上；海芋花期自每年元月至五月，花量最盛期在三至四月。竹子湖海芋以白色海芋為主，白色部分形姿優雅的「佛焰苞」並非其花，苞片中央黃色的肉穗花序上開滿了許多毫不起眼的小花，雌雄分隔，井然有序。竹子湖繡球花時序進入五月下旬，浪漫的白色海芋花海逐漸進入尾聲，緊接著是在端午連假盛開的紫藍色繡球花。竹子湖地區種植的繡球花約有7至8個品種，顏色多樣化，有純白色、粉色滾紅邊、粉紅色、紫紅色、淺藍色、藍色等色系；外型則同時有大輪花、中輪花分布在農園中，而且色彩濃豔、層次豐富，增添繡球花千變萬化的風采，相當適合拍照留念。,室外
205,臺北市,北投區,竹子湖海芋季,⛰️ 自然生態類,臺北市北投區風架口,,海芋季期間（以官方網站公告為主），逢假日（含週休二日）,886-2-28924185,,http://www.callalily.com.tw/index.html,文化類,自然風景類,,,,"{'PositionLon': 121.53678131103516, 'PositionLat': 25.175500869750977, 'GeoHash': 'wsqrjxh3u'}",非古蹟,"{'PictureUrl1': 'https://www.travel.taipei/image/181607', 'PictureDescription1': '竹子湖海芋季'}",,海芋原產於南非，因為它的苞片盛開時有如倒立的馬蹄，而植株又如同蓮花般生長在水中因此被稱為「馬蹄蓮」。目前竹子湖海芋花田生產總面積約有十三公頃，占全臺海芋產量百分之八十以上；海芋花期自每年元月至五月，花量最盛期在三至四月。竹子湖海芋以白色海芋為主，白色部分形姿優雅的「佛焰苞」並非其花，苞片中央黃色的肉穗花序上開滿了許多毫不起眼的小花，雌雄分隔，井然有序。海芋季期間，逢假日(含週休二日)，竹子湖地區湖田橋西經海芋大道方向實施順時針單向行駛交通輸導措施，海芋大道單行管制至往中正山叉路口止；另湖田橋往東湖路段採雙向通行，頂湖段採單向通行且禁止迴轉，疏導由新闢石板路往陽金公路離開。竹子湖地區交通管制實施時段為例假日自上午9時至下午6時，視實際車流量彈性調整因竹子湖地區路幅有限，建議欲前往民眾多多利用公眾運輸系統，搭乘捷運、公車前往，相關公眾運輸資訊請上臺北市交通局網站查詢。6條海芋步道 不同風情等您領略想活動一下筋骨，臺北市大地工程處推薦竹子湖的6條溪畔步道，想欣賞大片海芋花田、小油坑壯闊景緻、白鷺鷥和小梯田，可前往頂湖區的「頂湖環狀步道」，路徑平緩易走，老少皆宜，步行時間約20分鐘，如果對早期農家的水車及生態池感興趣，可到下湖區的「海芋環狀步道」，步行時間亦約20分鐘。若想觀瀑玩石、欣賞小山丘及梯田景致，水尾區的「文學步道」頗為適合，步行時間僅約10分鐘；想登高遠眺山坡海芋梯田，建議可到「湖底環狀步道」，步行時間約15分鐘。至於最長的「竹子湖環狀步道」，由湖田橋進入東湖、頂湖、水尾及下湖，步行時間大約50分鐘，沿路可享受景色怡人的竹子湖風情臺另外還有「芋戀道」，步行時間約15分鐘，3~5月看海芋花、4~6月賞愛情花，5~8月則有繡球花，不同的季節有不同的驚喜。提醒上山賞花的民眾，海芋季期間的例假日(含兒童節連假)，竹子湖周邊地區實施交通管制，建議民眾搭乘大眾運輸工具上山。詳細活動及交通資訊可至竹子湖海芋季網站查詢。(文：北投區農會),室內
206,臺北市,北投區,臺北市立圖書館北投分館,⛰️ 自然生態類,臺北市北投區光明路251號,,週二至週六：8:30-21:00；週日、週一：9:00-17:00。經政府公告之放假日為休館日；每月第一個星期四為圖書整理清潔日，不對外開放。,886-2-28977682,,https://tpml.gov.taipei/News_Content.aspx?n=4F66F55F388033A7&s=8D29886CA91B88A4&sms=CFFFC938B352678A,公共設施類,,,,,"{'PositionLon': 121.50637817382812, 'PositionLat': 25.13652992248535, 'GeoHash': 'wsqquzynz'}",非古蹟,"{'PictureUrl1': 'https://www.travel.taipei/image/221369', 'PictureDescription1': '臺北市立圖書館北投分館'}",,臺北市立圖書館北投分館是臺灣首座綠建築圖書館，座落於林木茂密、生態環境豐富的北投公園內，與溫泉博物館比鄰而居，地下一層、地上二層，總面積650坪的圖書館。室內書香，戶外鳥語，相映成趣，閱讀成了一件愜意、享受的活動。館內藏書達上萬冊，並以「生態保育」為館藏特色，琳瑯滿目的知識寶藏使愛書人來到這猶如置身於書香天堂。室內閱讀區桌椅經過精心設計，與建築相呼應；室外則有木棧道桌椅和閱讀平台，邊閱讀邊感受著微風徐徐吹過，與大自然一起沉浸在書的世界。想歇息時走到戶外，看著一整片樹林綠意盎然，還有生態荷花池，不只能帶走眼睛疲憊，連身心都得到放鬆。屋頂為輕質生態屋頂，設有太陽能光電板發電，可發電16千瓦電力，並採大量陽台深遮陽及垂直木格柵，減少熱輻射進入室內，降低耗能達到節能效果。綠化屋頂及斜坡草坡設計可涵養水分自然排水至雨水回收槽，再利用回收水澆灌植栽及沖水馬桶，達到綠化與減低水資源浪費。建物使用木材及鋼材，建材皆可回收再利用，減少廢棄物對環境的破壞。在室內健康與環境指標方面，對於木材建材除做白蟻防治外，並使用生態塗料及免除不必要的裝修工程，降低污染及有毒物質的釋放，避免影響人體健康。來到北投，除了可以泡溫泉，也可以來享受書香與綠意融合的森林浴！ 臺北市立圖書館北投分館(中文簡介影片),室內
207,臺北市,北投區,臺北藝術大學,🎨 藝文展館類,臺北市北投區學園路1號,,全天開放,886-2-28961000,,http://1www.tnua.edu.tw,藝術類,文化類,,,,"{'PositionLon': 121.46968078613281, 'PositionLat': 25.13252067565918, 'GeoHash': 'wsqqup5x8'}",非古蹟,"{'PictureUrl1': 'https://www.travel.taipei/image/65191', 'PictureDescription1': '臺北藝術大學'}",,位於關渡山頭的台北藝術大學是一個沒有圍牆的大學，擁有俯瞰關渡平原的遼闊視野，獨樹一格的校內建築，沿坡而上，校舍則採紅磚、灰牆與黑瓦屋頂，並加上裝飾的線條。而校園內也不乏綠草、蜿蜒的散步小徑，隨處可見的裝置藝術品打造出特殊的風格意象。校園裡的寶萊納餐廳、達文士餐廳，更是觀看夜景的絕佳場所。在這裡，不管是教室、美術館、音樂廳，每個角落都可以看到藝術在生活中的流動痕跡，也能不時見到點綴其中的裝置藝術，非常值得去探索。,室內
208,臺北市,北投區,草山行館,⛰️ 自然生態類,臺北市北投區湖底路89號,,展覽時間：週二~日 10:00-11:00、16:00-17:00餐飲時間：週二~日 11:00-17:00 (主餐全天候供應)下午茶   14:00-17:00最後點餐時間   17:00,886-2-28622404,,http://www.grassmountainchateau.com.tw/,自然風景類,,遊憩類,,,"{'PositionLon': 121.5381088256836, 'PositionLat': 25.154279708862305, 'GeoHash': 'wsqrjejq7'}",非古蹟,"{'PictureUrl1': 'https://www.travel.taipei/image/90492', 'PictureDescription1': '草山行館'}",,真，一棟取材自然工法的建築善，一個古今藝文齊放的場域美，一座生態盎然的後山花園歲月的淘洗，歷史的轉折，始終維持隱而不顯的優雅姿態「草山」並非是一座山，而是泛指大屯山、七星山、紗帽山所圍的山谷地區。草山行館原為臺灣糖業株式會社招待所，民國38年國民政府遷臺，蔣公入住。行館幽靜宜人，地處草山戰略高點，基隆河與淡水河在眼前交會，關渡平原、社子島、觀音山，自然美景盡收眼底。民國39年（1950年）以紀念明代哲學家王陽明為名，「草山」即更名為「陽明山」。草山行館佔地面積為4275平方公尺。主行館為1920年代典型的日式建築，建築面積為584平方公尺。主行館門前兩棵年齡逾百的相思樹與楓香，寧謐的訴說著歲月悠悠。主行館內部空間規劃為川堂、大廳、會客室、書房、臥室、主臥室、起居室、客房、廚房、中庭與露台等。主行館周邊另有四小棟附屬建物，原為蔣公隨扈侍衛的房舍。後於臺北市政府文化局進行修建時，將此四小棟房舍與主行館之藝文展覽活動相結合，改作為藝術家工作室之用，以期草山行館成為一個融合生態、人文及藝術，並且能與民眾近距離進行交流對話的美學場域。 觀看更多名人故居故事	王大閎建國南路自宅	錢穆故居	孫運璿重慶南路寓所	林語堂故居	原臺灣軍司令官官邸(孫立人將軍官邸)	摩耶精舍（張大千園邸）,室內
209,臺北市,北投區,行天宮北投分宮_忠義廟,🏯 歷史人文類,臺北市北投區中央北路四段18巷46弄24號,,04:00~20:00,886-2-28912731,,https://www.ht.org.tw/?fbclid=IwAR1cdOdl0edaaLuldK3KdzhkZGJkk3x0k8MlbbXx4bmMDsy5IFFVDxT74Dk,廟宇類,,,,,"{'PositionLon': 121.47756958007812, 'PositionLat': 25.13701057434082, 'GeoHash': 'wsqrh2138'}",非古蹟,"{'PictureUrl1': 'https://www.travel.taipei/image/292485', 'PictureDescription1': '行天宮北投分宮_忠義廟'}",,行天宮北投分宮，俗稱「忠義廟」，主祀關聖帝君，位於臺北市北投區中央北路4段18巷50號，係臺北市民權東路上香火鼎盛行天宮的分宮，但建廟歷史卻比臺北本宮更早，原臺鐵「忠義站」及現在捷運「忠義站」之站名，即因位置鄰近「忠義廟」而得名。「關帝廟行天宮」，此為昔日信眾所熟知的「九台街恩主公廟」，原位於今日臺北市中山區新興國中附近。「關帝廟行天宮」香火鼎盛，後來因廟地被劃歸為學校用地，廟方不得不積極另覓廟址準備搬遷，結果於民國45年在北投嗄嘮別(今忠義山)尋獲建廟吉地。由行天宮三宮建設人-玄空師父挹注資金建設，並於民國54年5月31日慶成，展現出三殿式的大廟格局。北投行天宮廟區範圍約8公頃，廟殿建築雄偉，除附設圖書館外，區內花木扶疏、自然生態豐富，步道、庭園造景、休憩涼亭、停車場及公廁等設施規劃完善，且為市政府規劃之忠義山親山步道之起點。從山下順著階梯而上，首先映入眼簾的是一大片綠油油的青草地，庭園造景及椰林大道；再拾階往上，穿過日、月門，方才來到北投分宮開闊的前殿。廟埕十分寬敞，紅牆與灰色的石板地，在藍天下交織出一片祥和的氛圍。穿過山門，放眼看到典雅的玉皇殿及鐘鼓樓，展現的是莊麗的建築之美。在參拜玉皇殿、後殿及三元殿之後，轉往後山方向，更可感受到寧靜的自然之美。漫步在林木蒼鬱的幽徑，或仰望綿密的修竹，或凝視歷盡滄桑的奇岩，益發覺得景緻清幽。再從右側的八百階登高，更可遠眺關渡平原和淡水河，視野相當遼闊又舒暢，是北淡線旅遊踏青、沉澱心靈的最佳景點。,室內
210,臺北市,北投區,財團法人台北市關渡宮,🏯 歷史人文類,臺北市北投區知行路360號,,全年無休，每日6:00 - 21:00,886-2-28581281,,http://www.kuantu.org.tw/,廟宇類,,,,,"{'PositionLon': 121.46395111083984, 'PositionLat': 25.117700576782227, 'GeoHash': 'wsqqgux35'}",非古蹟,"{'PictureUrl1': 'https://www.travel.taipei/image/126705', 'PictureDescription1': '財團法人台北市關渡宮'}",,台北市關渡宮擁有三百多年歷史，主祀天上聖母媽祖，是北台灣地區最早的媽祖廟，而除了參拜天上聖母媽祖與諸神明外，來到這裡還可以觀賞許多珍貴的古蹟文物以及豐富的宮廟建築藝術。由於位居大屯、觀音二山的餘脈相交，臨淡水河與基隆河的滙流，風光景緻一覽無遺，每當落日餘暉，宏偉壯闊的景觀，更是令人驚嘆。              附近行程推薦:推薦行程,室內
211,臺北市,北投區,關渡_金色水岸_八里左岸自行車道,🌳 都會休閒類,臺北市北投區台北市北投區關渡水岸腳踏車道,,開放空間,886-2-27258149,,,遊憩類,,,,,"{'PositionLon': 121.48002624511719, 'PositionLat': 25.113819122314453, 'GeoHash': 'wsqqu7g49'}",非古蹟,"{'PictureUrl1': 'https://www.travel.taipei/image/63340', 'PictureDescription1': '關渡_金色水岸_八里左岸自行車道'}",,基隆河匯入淡水河之前，繞著社子島轉出一個美麗的弧彎，在其北岸與磺港溪以西地帶，保留了都會臺北極其珍貴的稻香田園，連結起河口紅樹林自然保護區，讓人得以在很短的距離內隔絕塵囂嘈雜，單車踩踏其間，尤其能夠體會早年農村氛圍的樸素簡單、踏實自在。夕照裡堤道漫步，河風微微、鳥鳴吱吱，關渡自然保護區生機盎然中，獨有浪漫閒適的野趣滿點。穿越關渡平原的自行車道，是全線非封閉性的路徑，西側端點為關渡宮，往東沿著關渡防潮堤至八仙福德祠，轉90度往北穿越關渡平原，直到北投中央北路捷運軌道南側，穿出去便是政戰學校西邊的稻香路。 無法自行攜帶單車的遊人，以關渡宮為起點較方便，一則靠近捷運站，再者可於該處租到自行車或雙人協力車。 關渡宮沿河堤段原有的攤販已完全撤離，改成好走的人行步道，跨越中港河小橋旁停泊的漁船也外移至淡水河邊，雖然少了扁舟停泊的漁港懷舊味，水域卻也另有清爽的風貌。,室外
212,臺北市,北投區,關渡水岸公園,🌳 都會休閒類,臺北市北投區知行路360-10號,,,886-2-27258149,,,都會公園類,,,,,"{'PositionLon': 121.46321868896484, 'PositionLat': 25.11734962463379, 'GeoHash': 'wsqqguqz4'}",非古蹟,"{'PictureUrl1': 'https://www.travel.taipei/image/91783', 'PictureDescription1': '關渡水岸公園'}",,關渡地名來自於西班牙語的「Casidor」，只因日本人發音省去「S」所以變成今日的「關渡」。關渡在古老的時代中曾經是硫磺產地和出口中心，1895年時曾為軍事要塞，設有砲台，也曾遭受過隕石的攻擊，至今仍遺留疑似殞石的殘骸在關渡國小自強分校內。關渡水岸公園佔地遼闊，有人行步道、自行車道外，關渡碼頭也是「藍色公路」的乘船地點之一，分別駛向臺北大稻埕碼頭、淡水老街、八里左岸及漁人碼頭四條路線；從關渡河濱的自行車道，亦可北上淡水漁人碼頭，南下基隆河至社子島，串聯成一路美麗的風景。在這裡，有豐富的潮間帶生態可供觀察研究，午後、黃昏、夜晚，也各有許多不同的樣貌與景緻，尤其是淡水河的沿岸風光，和八里觀音山的黃昏美景，以及入夜後碼頭上炫目的景觀燈。,室外
213,臺北市,北投區,關渡碼頭,🌳 都會休閒類,臺北市北投區知行路360-1號,,開放空間,886-2-27208889,,,遊憩類,,,,,"{'PositionLon': 121.46198272705078, 'PositionLat': 25.12087059020996, 'GeoHash': 'wsqqgvjgt'}",非古蹟,"{'PictureUrl1': 'https://www.travel.taipei/image/63313', 'PictureDescription1': '關渡碼頭'}",,關渡原名甘豆門，因背倚觀音山和大屯山，面向淡水河，成為一處地勢險要的港口，早年先民由關渡碼頭進入移居臺灣北部開墾，因此關渡的開發甚早，後因兩河(基隆河、淡水河)河口泥沙淤積，水運才逐漸沒落。關渡碼頭位於關渡自然公園及關渡宮旁，每當假日或夜晚均可見遊客駐足關渡碼頭週邊散步休息，亦有許多單車族由八里經關渡大橋前來，或由淡水前來，沿途風光明媚，是一處極佳的賞景地點。,室外
214,臺北市,北投區,關渡自然公園,⛰️ 自然生態類,臺北市北投區台北市北投區南池,,夏令時間（4 - 9月）    中心 09:00-17:00 (假日到18:00)戶外 09:00-17:30 (假日到18:30)冬令時間 ( 10-3月 )非假日：9:00-17:00假    日：9:00-17:30,886-2-28587417,,https://gd-park.org.tw/,都會公園類,自然風景類,都會公園類,,,"{'PositionLon': 121.4708023071289, 'PositionLat': 25.118900299072266, 'GeoHash': 'wsqquhu24'}",非古蹟,"{'PictureUrl1': 'https://www.travel.taipei/image/215351', 'PictureDescription1': '關渡自然公園'}",,關渡自然公園位處淡水河及基隆河的交會口，自古以來，即是重要的候鳥棲地。經過各界保育人士十餘年的努力，在民國85年成立關渡自然公園，民國90年12月1日起，此公園由臺北市政府委由《社團法人臺北市野鳥學會》來經營管理。關渡自然公園最主要的目的在於保育關渡的濕地環境、復育關渡濕地風貌、找回關渡濕地原住民，並教育民眾認識關渡濕地。為了讓民眾更瞭解濕地，園方經常舉辦多元化的濕地環境教育活動及展示如主題特展、假日講座、親子 DIY教室、營隊等，並協助學校進行多元化的環境教育如駐站解說、戶外教學等。除了保持濕地自然環境之外，也提供市民及遊客一處體驗自然、假日休閒的好去處。,室外
215,臺北市,北投區,陽明公園,🌳 都會休閒類,臺北市北投區湖山路二段26號陽明公園（後山公園）,,全天開放,886-2-28616361,,https://parks.gov.taipei/parks/m2/pkl_parks_m2C.php?sid=497,都會公園類,,,,,"{'PositionLon': 121.54013061523438, 'PositionLat': 25.159210205078125, 'GeoHash': 'wsqrjsng4'}",非古蹟,"{'PictureUrl1': 'https://www.travel.taipei/image/182979', 'PictureDescription1': '陽明公園'}",,陽明公園位在臺北市的北邊，距離市區大概17公里；日據時代這裡遍地茅草，因此叫做草山。臺灣光復後，為了紀念王陽明先生，1950年時，將「草山」改為「陽明山」，並設立陽明山管理局來開闢陽明公園。 只是公園都市計畫面積約107公頃，陽明山管理局在1977年改制後，就把公園業務，交給公園路燈工程管理處接管。 這座屬於大屯山群區，海拔445公尺的公園，後有七星山，左有紗帽山，右近大屯山，遠望觀音山層巒疊岫；氣候溫暖、濕潤，而且夏季涼爽，是個絕佳的避暑勝地，也是臺灣唯一有死火山地勢、硫磺氣孔跟溫泉自然景觀的地方。 公園內種滿了梅、櫻、桃、李、杜鵑、茶花等各種花卉，每年春天櫻花盛開時，總吸引很多人上山賞花；加上一座由各式當季花卉組成的花鐘；如果您來到這，別忘了跟陽明山最具代表性的花鐘拍照留念。 來陽明公園，可以春天賞花，夏天避暑，秋天觀賞芒花跟楓葉、冬天泡溫泉；陽明山四季不同的美景、樂趣，就等著您來挖寶！,室外
216,臺北市,北投區,陽明山40砲陣地紀念公園,⛰️ 自然生態類,臺北市北投區湖山路二段6-11號,,,886-2-28616639,,,都會公園類,自然風景類,,,,"{'PositionLon': 121.54148864746094, 'PositionLat': 25.154279708862305, 'GeoHash': 'wsqrjepy3'}",非古蹟,"{'PictureUrl1': 'https://www.travel.taipei/image/373844', 'PictureDescription1': '陽明山40砲陣地紀念公園'}",,四○砲陣地，陽明山前空軍防空砲兵部隊-駐守陣地組之一；現為除役M1-40mm高射砲展示園區，是戒嚴時期保護草山行館的軍事重地，經大地處整修後，以3D立體彩繪展現過往官兵戍衛情境，讓許多退伍袍澤懷舊憶往。,室外
217,臺北市,北投區,陽明山中山樓,⛰️ 自然生態類,臺北市北投區陽明路二段15號,,(一)週一至週五開放參觀導覽時段為10:00、14:00週六至週日開放參觀導覽時段為9:00、10: 30、13:30、15:00(二)休館日機電保養日、場地租借、國定假日，配合本所公告休館日，停止參觀服務。如遇颱風、地震等天災宣布停止上班時，亦停止參觀服務。,886-2-28616391,,http://chungshanhall.ntl.edu.tw/cht/index.php?,自然風景類,,,,,"{'PositionLon': 121.55265045166016, 'PositionLat': 25.155630111694336, 'GeoHash': 'wsqrjgryn'}",非古蹟,"{'PictureUrl1': 'https://www.travel.taipei/image/214231', 'PictureDescription1': '陽明山中山樓'}",,陽明山國家公園內的中山樓，是蔣介石總統在位時，為了紀念國父孫中山先生百年誕辰，於1965年所興建，由名建築師修澤蘭女士規劃，位於群山環抱的綠意之中，外表為中國傳統古典式建築，內部陳設典雅細緻，過去是國民大會的會場，並為國家元首接待外賓或舉辦國宴的重要場地，如今已被指定為市立古蹟，並開放場地租借及參觀導覽，是一座具有歷史紀念價值的建築物。,室外
218,臺北市,北投區,陽明山國家公園,⛰️ 自然生態類,臺北市北投區竹子湖路1-20號,,開放空間,886-2-28613601,,https://www.ymsnp.gov.tw/?fbclid=IwAR3q1UYJpyQezVsnQA1Ca2Uvn80rBOchslTZIpVttJXxxK-ux19idS_bWMk,國家公園類,都會公園類,自然風景類,,,"{'PositionLon': 121.54762268066406, 'PositionLat': 25.15574073791504, 'GeoHash': 'wsqrjgkqb'}",非古蹟,"{'PictureUrl1': 'https://www.travel.taipei/image/183009', 'PictureDescription1': '陽明山國家公園'}",,陽明山國家公園是臺灣離都會區最近的一座國家公園，這裡地貌多變、生態豐富，孕育了許多珍貴的保育類動物，幸運的話，可以在這裏發現臺灣特有種鳥類－臺灣藍鵲的蹤跡。公園內種滿了梅、櫻、桃、李、杜鵑、茶花等各式花卉，每年春天櫻花盛開，總是吸引眾多人潮上山賞花。櫻花季過後，大約三月中旬竹子湖的海芋接著盛開，到田裡體驗採花的趣味，帶著一束海芋回家，成了遊客的必備行程。公園內最具代表的是一座由各式當季花卉組成的花鐘，來到陽明山，你一定要來這邊拍張照！除了花鐘，陽明山還有小油坑、陽明書屋、冷水坑、擎天崗等熱門景點，如果你喜歡登山踏青，這些景點千萬不能錯過。此外，陽明山一帶擁有豐富的地熱資源，各處溫泉的泉質又有不同，北投地區行義路一帶的溫泉餐廳林立，若你旅經此處，別忘了享受這裡特有的硫磺溫泉！春天賞花，夏天避暑，秋天有芒花與楓葉、冬天泡溫泉，陽明山的四季都有不同的美景、樂趣，等著你來發掘喔！,室外
219,臺北市,北投區,陽明山溫泉區_小油坑,⛰️ 自然生態類,臺北市北投區竹子湖路69號,,各旅館營業時間不同。,886-2-28617024,,https://www.ymsnp.gov.tw/YMSNP_com_tourmap_m.aspx?id=3&aid=13456&sid=13460&n=17915&sms=13461,溫泉類,自然風景類,,,,"{'PositionLon': 121.54682922363281, 'PositionLat': 25.17668914794922, 'GeoHash': 'wsqrjz78y'}",非古蹟,"{'PictureUrl1': 'https://www.travel.taipei/image/63396', 'PictureDescription1': '陽明山溫泉區_小油坑'}",,小油坑為一處後火山活動地質景觀區，由陽金公路的小觀音站右轉可達觀景步道，以「後火山作用」所形成之噴氣孔、硫磺結晶、溫泉及壯觀的崩塌地形最具特色。而在這裡的眺望平台還可遠眺竹子山、大屯山、七星山與小觀音山等火山錐體，以及金山海岸、停車場等。喜歡觀察植物的遊客，還可以用十幾分鐘的時間，一遊附近的箭竹林步道，觀察箭竹林、芒草原和火山植物。,室內
220,臺北市,北投區,陽明山辛亥光復樓,⛰️ 自然生態類,臺北市北投區湖山路二段26號,,,886-2-28618325,,,自然風景類,,,,,"{'PositionLon': 121.53977966308594, 'PositionLat': 25.159589767456055, 'GeoHash': 'wsqrjsnt4'}",非古蹟,"{'PictureUrl1': 'https://www.travel.taipei/image/91854', 'PictureDescription1': '陽明山辛亥光復樓'}",,陽明公園的地標之一辛亥光復樓，隱身在濃密的樹林間，是一座中國式富麗堂皇的2層建築，在民國60年為了紀念辛亥起義一甲子所建，位於陽明公園的正中央，是休憩及遠眺臺北盆地的最佳處所。樓前水池飼養各色錦鯉，樓上陽台往下看，是小朋友最喜歡的餵魚地點，雕樑畫棟的中國風格設計，古色古香莊嚴典雅，有許多典故與巧思蘊含其中。光復樓內設有伴手禮販售處。花季時，光復樓四周都是一片片繽紛的櫻花，在迴廊下漫步賞花，望著雲霧與花嬉戲搖曳，更是一番美景享受。,室外
221,臺北市,北投區,陽明書屋,⛰️ 自然生態類,臺北市北投區中興路032號,,遊客服務站：時間：09:00-16:30 每月最後一周星期一(遇國定假日順延一天)及農曆除夕休館。,886-2-28619816,,https://www.ymsnp.gov.tw/YMSNP_com_tourmap_m.aspx?id=2&aid=13456&sid=13460&n=17914&sms=13461,其他,,,,,"{'PositionLon': 121.5389404296875, 'PositionLat': 25.161640167236328, 'GeoHash': 'wsqrjstcn'}",非古蹟,"{'PictureUrl1': 'https://www.travel.taipei/image/468054', 'PictureDescription1': '陽明書屋'}",,原名中興賓館的「陽明書屋」，興建於民國58年至59年間，昔為前總統蔣中正接待國內外貴賓及夏日避暑之處，係其在臺唯一親自擇定興建的行館，今日則成為陽明山國家公園重要人文史蹟及環境教育場域，提供遊客諮詢及導覽解說等各項服務，是一處兼具自然與人文、知性與感性的參觀遊憩場所。陽明書屋座落於中興路上，佔地約15公頃，早期為一處自然森林，屬陽明山管理局管轄的森林公園，曾為童軍總會露營區場地。民國59年中興賓館及其附屬建物興建完成後仍保留部份林區。民國68年中國國民黨中央黨史委員會遷此辦公並將南投草屯、青潭的史料，連同大溪資料室、芝山書屋「總裁史料」，全部集中此處，以便利國內、外學者研究參閱，自此，中興賓館改稱為「陽明書屋」。民國86年9月26日，中國國民黨將陽明書屋地上建物及管理權捐贈內政部轉交本處經營管理，成立陽明書屋管理站，於87年6月27日正式對外開放遊客參觀，提供遊客遊憩諮詢、中興賓館導覽解說、影片欣賞、模型展示等服務。(內文來源：陽明書屋官方網站),室外
222,臺北市,南港區,CITYLINK南港店,🌳 都會休閒類,臺北市南港區忠孝東路七段369號CITYLINK南港店A棟2F,,,886-2-26529000,,https://www.citylink.tw/,其他,,,,,"{'PositionLon': 121.6059799194336, 'PositionLat': 25.052640914916992, 'GeoHash': 'wsqqx0wy0'}",非古蹟,"{'PictureUrl1': 'https://www.travel.taipei/image/374750', 'PictureDescription1': 'CITYLINK南港店'}",,南港CITYLINK百貨位於南港車站附近，以「Shopping Resort」為概念，提供顧客一個陽光、慢活、駐足、購物的悠雅空間，具時尚流行、美食休憩及親子娛樂等特色，在餐飲選擇上有主題餐廳、風格美食及特色飲品等應有盡有。,室外
223,臺北市,南港區,N24 台北方舟,🏯 歷史人文類,臺北市南港區市民大道七段88號,,,886-2-2651-6162,,https://ark.taipei/,其他,,,,,"{'PositionLon': 121.58377838134766, 'PositionLat': 25.049259185791016, 'GeoHash': 'wsqqw8nde'}",非古蹟,"{'PictureUrl1': 'https://www.travel.taipei/image/374135', 'PictureDescription1': 'N24 台北方舟'}",,過去與現在共存 重整空間格局「N24 台北方舟」原屬台電中心倉庫群之一，為日治時期台灣電力株式會社松山工場，戰後作為台灣電力公司的松山修理廠。原先，建物作為倉庫使用，因此設計上不具備良好的採光及通風條件。在理解使用機能與量體特性後，設計團隊配合東區門戶計畫而以辦公使用為設計標的，改造手法上則將倉庫量體脫開並向外延伸，讓更多自然光線打入室內；屋頂層的挑高，則讓辦公空間重新解構，垂直關係得以開展。導入新機能 回應新時代趨勢設計團隊以社群流動的概念，打破空間格局限制並規劃不定著的辦公、討論、休憩等機能空間，讓使用者能在工作時，依然能保有交流的自由度與空間。另外考量建物本身為歷史建物，設計團隊於修復中除了進行鋼構補強、制震壁施作等硬體補強外，更保存了外觀材質與整體的使用痕跡，並以鋼構為新建材料來襯托原有材質的風貌。以尊重歷史脈絡而保留部分原貌的修復手法，得以讓我們能從各種視角，看見牆面的斑駁，以及歲月所留下的足跡。另外，走上二樓進入到「區塊鏈育成中心」辦公空間，設計團隊選擇用制震壁作為點狀的結構，補足老屋年久而衍生的問題，同時也能保留原有鋼筋混凝土的構造之美。而順著光線與中庭旋轉梯，來到了頂樓屋頂區。頂樓中庭拉高的斜角量體，設計團隊利用側邊開窗的方式，讓足夠的光線得以引入中庭，而量體造型的設計上，亦呼應了「N24 台北方舟」的「方舟」意象，成為園區入口的代表意象。脈絡的延伸 社區空間再定義設計團隊藉由現今對社群連結的觀察，配合以區塊鍊中心作為辦公空間的「N24 台北方舟」，將「社區」空間的定義擴大為「社群」的互動，而不論實體或這樣的關係，也著實描繪著未來人們互動的模式，也更是發展趨勢之一。核心概念結合設計手法，空間的修復創造以 ｢ 人本」為主的建築空間，再現了空間魅力。,室外
224,臺北市,南港區,三重世貿公園,🌳 都會休閒類,臺北市南港區經貿二路88巷1號,,,886-2-27853819,,https://parks.taipei/parks/m2/pkl_parks_m2C.php?sid=539,都會公園類,,,,,"{'PositionLon': 121.61528015136719, 'PositionLat': 25.057910919189453, 'GeoHash': 'wsqqx3tsc'}",非古蹟,"{'PictureUrl1': 'https://www.travel.taipei/image/66046', 'PictureDescription1': '三重世貿公園'}",,為提供市民更多的停車空間，停管處新建南港區世貿公園地下停車場，並於民國100年簡易綠美化，公園面積約1.2公頃，位於南港區經貿二路106巷，東側為南港展覽館、西側為南港軟體園區 (第一、二期園區)、南側為南港軟體園區(第三期園區)、北側為中國信託企業總部大樓。為了提供更優質之休憩場域，中國信託商業銀行股份有限公司秉持服務社會的精神，於102年投入經費捐建認養三重世貿公園，將原有簡易綠美化之草坪，改造成以樹木開花編導季節色彩之公園，在春、夏、秋季點綴出夢幻的花色，分別以青春粉嫩、朱夏金澄及白秋褐紅，訴說著季節的更迭。園區內有多樣化之景觀配置，特別設置噴霧系統，營造大多數的蕨類喜好陰涼而溼潤的環境，種植多樣蕨類─蕨類谷地園；清淺水池旁種植水柳、穗花棋盤腳等水生植物；並架設高架棧道提供遊園民眾閱讀林相環境；旱地噴泉廣場，更是小朋友們流連忘返之地；夜晚配置高、低景觀燈，點亮行人空間，越夜越美麗。公園內種植樟樹、苦楝、魚木、楓香、烏桕、青楓、杜英、鳳凰花、盾柱木、阿勃勒、光臘樹、山櫻花、昭和櫻、八重櫻等多種喬木，散發出多量的芬多精，彷彿置身於森林浴中，提供遊園民眾“森呼吸”。繁忙緊湊生活的步調下，不論您是附近上班族，或是特別來此一遊的民眾，都可得到視覺及聽覺心靈享受，保證不虛此行喔！(資料來源：公園走透透網站),室外
225,臺北市,南港區,中華科技大學,🏯 歷史人文類,臺北市南港區研究院路三段245號,,全天開放,886-2-2782-1862,,https://www.cust.edu.tw/www/index.htm,文化類,,,,,"{'PositionLon': 121.60990142822266, 'PositionLat': 25.033620834350586, 'GeoHash': 'wsqqrm1xk'}",非古蹟,"{'PictureUrl1': 'https://www.travel.taipei/image/373654', 'PictureDescription1': '中華科技大學'}",,中華科技大學，校本部位於台北市南港區，比鄰中央研究院，環境鬧中取靜。另外有分部位於新竹縣橫山鄉及雲林縣古坑鄉。,室內
226,臺北市,南港區,內湖葫蘆洲吊橋橋墩,⛰️ 自然生態類,臺北市南港區松河街111號,,開放空間,886-2-27208889,,https://nchdb.boch.gov.tw/assets/advanceSearch/historicalBuilding/20210510000004,遊憩類,自然風景類,,,,"{'PositionLon': 121.60665130615234, 'PositionLat': 25.060110092163086, 'GeoHash': 'wsqqx4p38'}",非古蹟,"{'PictureUrl1': 'https://www.travel.taipei/image/215398', 'PictureDescription1': '內湖葫蘆洲吊橋橋墩'}",,內湖葫蘆洲吊橋橋墩1930-1940年代大臺北地區窯業鼎盛時期，提供材料與人員出入南港、內湖的主要通道，吊橋雖隨著都市發展僅存單邊橋墩，但為臺北磚窯產業歷史與河運交通的歷史見證，具歷史價值。(資料來源：臺北市政府文化局(國家文化資產網)),室外
227,臺北市,南港區,南港公園,🌳 都會休閒類,臺北市南港區南港公園,,,886-2-27853819,,https://parks.taipei/parks/m2/pkl_parks_m2C.php?sid=297,都會公園類,,,,,"{'PositionLon': 121.59213256835938, 'PositionLat': 25.045700073242188, 'GeoHash': 'wsqqqzkty'}",非古蹟,"{'PictureUrl1': 'https://www.travel.taipei/image/292566', 'PictureDescription1': '南港公園'}",,南港公園於民國76年闢建，面積近約11.8公頃，園內地勢依山傍水，建築饒富中國風味，入口處更有相當氣派的中式牌樓。公園位於東新街與成福路交接口處，北接聯勤總部，南聯南港國宅，向東遠眺可望及信義區四獸山，視野遼闊，是南港區最大且擁有天然埤塘的景觀公園。公園內的水塘為後山埤，昔日為兩座大池塘，隨著南港農業的沒落，南港公園與南港國宅的闢建，部分「後山埤」被填平，如今形成ㄩ字形的滯洪池圍繞著小山丘，維持著防洪、調節水位的功能。園內植栽種類多樣，喬木有榕樹、茄苳樹、槭葉翅子木、相思樹等；如塘埤週邊種植有海檬果、柳樹等；音樂台、停車場週邊種植有第倫桃、旅人蕉等喬木共有數餘種，並搭配植栽仙丹、立鶴花、杜鵑、肯氏蒲桃、紅竹、變葉木等開花性或彩色觀葉性灌木，使公園植物豐富多變，呈現多樣風貌。沿著步道環湖完還能帶著小朋友去到南港公園森林冒險兒童遊戲場，遊戲場配合自然環境、地形景觀，有雙道滑索、滾輪滑梯及沙坑等設施，讓孩子們玩樂同時還能挑戰體能。,室外
228,臺北市,南港區,南港山系_南港山縱走親山步道,⛰️ 自然生態類,臺北市南港區研究院路三段270號,,開放空間,886-2-27593001,,,自然風景類,,體育健身類,,,"{'PositionLon': 121.60977172851562, 'PositionLat': 25.03306007385254, 'GeoHash': 'wsqqrm1s1'}",非古蹟,"{'PictureUrl1': 'https://www.travel.taipei/image/64332', 'PictureDescription1': '南港山系_南港山縱走親山步道'}",,南港山位於臺北盆地東郊，因與四獸山等支稜相連，而成為熱門的登山健行路線。從象山親山步道入口的靈雲宮牌樓進入，沿途石階完備平整，並有步道指引圖，沿線景觀以相思林為主，步道旁多處早覺會闢建的涼亭及坐椅設施，供山友休憩使用，可串連象山、虎山及麗山橋口親山步道同走。南港山南港山位於信義區、南港區東南界稜上，是南港山系的最高峰，頂上有夜間閃爍燈裝置及一顆三等三角點第695號。從長壽園到拇指山之間高約196公尺的南港山稜線上，修築了許多山路、曲徑，對山友來說，十分方便。登上山頂往北遠眺，西北方有較矮的象、獅、豹、虎山，合稱四獸山。放眼向東、南面望去，可見連綿不絕的山脈，蒼翠蓊鬱、層巒疊嶂。南港山之最高點架有電視台轉播天線，高聳於雲層之間，此地上下起伏較大，登起來刺激而有趣；其中有一處山峰命名為「九五峰」，是為紀念楊森將軍以九五高齡攀登此峰，因而得名。拇指山拇指山位於南港山的南南西方，山上無基點，自台北遠望，拇指山峰狀似拇指擎天，故而得名。若由南港山一帶眺望，可見山勢呈單斜脊走向，東坡較為平緩，西坡則約呈90度斜角，在南港山與拇指山連稜下象山的稜線上，必須攀越過一段山勢險峻陡峭的岩壁，此段為北部郊山中罕見的困難途徑，拇指山山頂有360度的觀景視野，當雲淡風輕天氣晴朗時，大臺北地區、觀音山、大屯山、汐止、烏來、三峽等地皆可一覽無遺，盡收眼底。拇指山從日據時代就規劃為保安林，經過長時間的保育培養，林相十分完整茂密，代表性樹種如筆筒樹、水桐木等，就連野生的姑婆芋也顯得特別肥美。十八羅漢洞這是十八個氣勢磅薄的巨大石塊，位於中華技術學院的叢山峻嶺中。遠望如同坐姿不同的十八羅漢佇立山頭，而巨石中間又正好都有一處洞穴，當地人給予命名為十八羅漢洞。由於因該區目前不對外開放，山友僅能遠觀不得近賞了。飽覽都市群山風景走在稜線上有個好處，路線不會太複雜，順著地上刻有「四獸山步道」的大理石指標向前走準沒錯，不必擔心會迷路。尤其假日路上遇到的來往步道間的登山客不少，大家的目標一致，就是朝九五峰去。登上這南港山系的最高峰，天候狀況好的時候，視野一望無際，近處的四獸山--象山、獅山、豹山及虎山一字排開不在話下，遠方關渡和基隆河的海天一色，乃至於五指山和七星山系的層層山巒、新北市綿延起伏的山脈，絕佳的遼闊景緻展露無遺。無怪乎不少人造訪這步道，為的都是要爬上九五峰欣賞夕照和夜景。拇指山看南港街區南港山縱走路線，還有拇指山的360度超廣角視野也是一絕。整個大台北地區、觀音山、大屯、七星山，還有再遠一點的汐止、木柵、烏來、三峽群山通通一覽無遺。夜幕低垂時，還可俯瞰大台北和桃園地區的景色。不只是頂上有好風光，沿途也有不少觀景平台，方便你從不同高度和角度坐收山色美景。一路寬敞的石階走來舒服，若想稍作休息，每隔一段路，也有涼亭可休憩或觀景呦。盡情享受森林浴登高遠眺要天公作美，如果碰上雲霧較重的天氣，滿山的芬多精和森林浴也不會讓你失望，身處迷霧森林中更彷彿是走入人間仙境。拇指山附近山區，早從日據時代就規劃為台北市的保安林，經過長時間的保育涵養，自然樹林茂密，林相完整豐富。步道西半部的森林樹蔭密度高，東半部也不遑多讓。由榕樹鞍部往中華技術學院的步道途中，也有一片薄霧時起的蓊鬱樹林，穿越其間有如夢遊仙境。這片森林因為位在東南一隅，較未受到東北季風吹拂的影響，所以林相比象山和虎山都來得茂密且潮溼。代表性植物像是水同木就果實纍纍、筆筒樹高聳挺拔，就連姑婆芋也特別肥美呢。滌心怡情賞幽徑在西北面的象山和虎山屬同一個山系，自然景觀都不見得如此豐富。行至步道後段，山間林貌較虎山步道更豐富，也較為幽靜。再往前行，溪水潺潺清流相伴，行到水窮處，又見古樸石橋，更添靜謐清幽氣息。經過小橋流水，難不成接下來就是「人家」?果不其然，路旁出現一處農舍，然後是成排的椰子樹。以為這沿途好風景就要畫下句點，向右方看去，竟見不遠處矗立著一座座巨岩裸露的山峰，巍峨氣勢十分醒目。原來，那就是著名的「十八羅漢洞」，踩踏在平緩步道間，是你尤其絕對不會想錯過聆賞的奇景。,室外
229,臺北市,南港區,南港山系_更寮古道親山步道,⛰️ 自然生態類,臺北市南港區2JGM+37,,開放空間,886-2-27593001,,,自然風景類,,體育健身類,,,"{'PositionLon': 121.63385009765625, 'PositionLat': 25.025650024414062, 'GeoHash': 'wsqqrgg0f'}",非古蹟,"{'PictureUrl1': 'https://www.travel.taipei/image/373990', 'PictureDescription1': '南港山系_更寮古道親山步道'}",,更寮古道親山步道是早年南港通往深坑和石碇的五條古道中，保存最完整，而且仍在使用中的古道。這條古道不僅是往山豬窟與土庫岳必經的便道，也是探訪古厝遺跡的百年老路。現今古道沿途已鋪上花崗石步階，然而起訖狹窄的路況，仍在在顯現古老粗獷的原始味，部份未鋪設的碎石路段，點綴著日日春小白花，更顯小徑純樸古意未減。栳寮古道更寮古道後段與栳寮古道銜接，也是昔日茶行林立的茶山區，由於古道曾經是運送、製造樟腦的場區，舊名就叫腦寮古道；約110年前，腦寮古道變成茶商與村民最熱絡常走的道路，後來才取諧音栳寮之名，並且沿用至今。改名更寮古道則是清朝時期這條路曾作為更夫巡視用的道路而得名，這條曾經風光一時的先民道路，如今褪去光環，成為尋幽踏青的登山路徑。椿萱農場原名南港第一市民農場的椿萱農場，轉型為兼具教育與休閒功能的綜合性農園，園區內種植一千多株的香椿樹、金針花及桂花樹，同時設有樹屋和觀景台供民眾優遊賞景。望高寮位於土庫岳的最高處，可眺望大臺北城，獨具軍事要塞防禦基地功能，傳說在清朝時期這裡就曾設有瞭望台，由武裝更夫駐守。現今所建的高台則視野更佳、更廣，真不愧為是望高寮。潘氏祖厝更寮步道沿途不時可以看見國道五號高速公路車水馬龍的景致，此外，位於山腰旁有多座百年古厝，如有160年歷史的「潘氏祖厝」。是先民開發的遺跡見證，古厝外觀還留有當年駐守防禦的槍孔痕跡，在這座古厝居住過的潘氏子孫已有八代，也成為這段歷史的見證。山間尋古趣現在南港通往深坑和石碇的五條古道，就只有更寮古道保存最完整，而且仍在使用中。它不但是往山豬窟或登土庫岳必經的便道，還蘊藏了不少的「古寶」呢。即使古道沿途已舖上花崗石步階，起始的狹窄石階路，只能一人容身，也頗具古早況味。攀登到山腰、路旁涼亭後方，有70年歷史的石頭厝「黃王故居」，還遺留著古老製茶機；前段上坡路將近，夾道的雜草讓人以為誤入「歧途」，旋即踏上走來沙沙作響的碎石路，小徑兩旁開滿如日日春的小花草，短短300公尺的路途輕鬆好走，卻最讓人回味。更寮步道起點接下來的古厝，可是目前南港唯一仍保留著槍孔、而且還有人居住的百年老屋「潘宅槍孔厝」。在槍孔厝居住過的潘氏子孫已有八代，這樣推算下來屋齡至少有160年，可是和古道一樣「萬古長青」呢。前往栳寮古道的路上，石灰礦洞是過去先民開發的遺跡；魏靜時故居遺址，儘管斷垣殘壁流露幾許滄桑，卻是茶山過去繁華榮景的發想地。步道沿途的土角厝、鄭氏墓園，和只有30公分高的「迷你」土地公廟，在在都印證古道百年的歷史。茶鄉再發現茶山的開發史可遠溯至兩百年多年前的清乾隆時期，當年這裡可是台灣早期樟腦和茶葉出口的重要產地。王水錦和魏靜時分別研發的「文山式包種茶」與「南港式包種茶」製造法，更聯手打造出南港茶葉的黃金時代，盛名遠播甚至廣及南洋，至今泰國仍有老茶行以南港名號來攬客。110年前，栳寮古道是熱絡的茶商和村民走的茶路，再追溯到從前是採樟和製樟腦的古道，舊名自然就叫做「腦寮古道」，而「栳寮」則是後來取諧音所更改的名稱；更寮古道因為在清朝時期作為更夫巡視用的道路而得名，日據時代轉為茶販運茶往返深坑、南港的交通管道，而今褪去昔日光環，成了大家尋幽踏青的登山路徑。更寮打印亭如今沿步道入口的狹窄石階路約走五、六分鐘後，往右看可見北宜高速公路自山麓鑿洞而過，這公路穿越土庫岳、山豬窟尖和更寮古道下方，往石碇、坪林方向而去。在此駐足，正巧從過往的聯絡通道上，欣賞今日的交通往來，煞是有趣。天氣晴朗時，往山豬窟的途中，站在石階上回望，可眺望圓山飯店、松山機場、大直、內湖焚化爐、觀音山，將台北盆地風光盡入眼底。越往山頂景觀越是豐富，完整的山林原貌和植物生態近在身旁。快到達山頂前，有一整片罕見的筆筒樹林，呈現有如熱帶雨林的風貌，山澗潺潺流水聲也洗去一路陡坡伴隨而來的疲累。,室外
230,臺北市,南港區,南港山系_麗山橋口親山步道,⛰️ 自然生態類,臺北市南港區四 分 溪,,開放空間,886-2-27593001,,,遊憩類,自然風景類,體育健身類,,,"{'PositionLon': 121.59947967529297, 'PositionLat': 25.024959564208984, 'GeoHash': 'wsqqr5dhc'}",非古蹟,"{'PictureUrl1': 'https://www.travel.taipei/image/64342', 'PictureDescription1': '南港山系_麗山橋口親山步道'}",,麗山橋口親山步道位於南港公園的南方，這裡曾是依山傍水的灌溉水源之地，南港區的三大舊埤塘(後山埤、東新埤、三重埤)即位於此地，如今古埤塘不再引水，反而成為池畔垂釣、賞景、環湖散步、單車騎乘的遊山玩水之地。步道前段為北興宮步道，後段才是古意盎然的麗山橋口步道。蛇牧群林此步道已有百年的歷史，曾是先民挑運米茶、來往松山(錫口)和四分子（研究院路四段)之間的捷徑，走在林間小徑、深山古道中，只見罕見的蛇木林筆筒樹及滿地的泛黃落葉，此地人煙較少，步道幽靜的氣氛讓人體會自然原始的美妙。不同於南港山系的其他步道，麗山橋口親山步道仍保留一段泥土小徑，陽光假日時走起來可以感受芬芳泥土香的懷舊情懷；然而，下過雨後的鬆軟泥濘小徑，可就沒那麼詩情畫意了，民眾得須注意泥路滑腳摔倒的窘境了。北興宮步道北興宮這段步道為平坦易行的石階步道，綠樹遮蔭、阡陌相伴，一路走來倍覺輕鬆，尤其路旁造型突出的「健康加油」及「後山埤居民關心您」標語字樣，讓山友看了格外貼心、溫馨。步道前段是信義商圈、住宅區繁華的都市高樓景象，然而過了鞍部小山頭後，景象便成為田園農家景致，雲淡風輕、景致多變。永安居百年古宅這幢位於麗山橋口親山步道途中的百年古宅，經過多次翻修，但正面永安居的題字與磚牆，仍蘊藏濃郁古意，這幢曾經與先民旅人擦身而過的老宅第，總是默默陳訴過往歲月。循古道尋來時路生活在地稀人稠的台北，對於寧靜空間的渴求日益高升，有時不免想念起鄉下悠閒靜謐的田野況味，這時不妨來走一趟麗山橋口親山步道。從捷運往登山口的路上，經過南港公園，不仿先繞進去瞧瞧「掛頭牌」的後山埤遺跡。這依山傍水的U型湖埤，和鄰近的新庄埤(又名東新坡)、三重埔埤是南港區的三大舊埤塘，主要功能是農業時期的灌溉用水。如今古埤塘被賦與新生命，湖畔可垂釣、賞景，也有環湖步道和越野單車專用道可遊山玩水。麗山橋步道指標尋訪後山埤之後，身心彷若也經湖水滌清，筋骨鬆絡不少。沿登山口石階步道緩坡向上，有綠樹遮蔭、清風為伴，一路走來始終不覺得疲累。尤其步道旁一系列造型突出的「健康加油」牌，有時提示健康小常識，有時在中途或步道將盡之處，適時出現幾句加油打氣的話語，看著「後山埤居民關心您」的字句，彷彿他們就在路邊夾道歡迎，還為大夥鼓勵喝采。往鞍部後半段的路程較陡峭，因著抬頭可及的溫暖與陪伴，急促的呼吸瞬間也平順許多。抵達石壁上刻有「大嶺山莊」字樣的遮蓬屋，稍作休息、遠眺山下景緻，不一會兒榕樹鞍部就在眼前。四下晃晃，「鞍部懷古」解說牌談到鞍部步道的由來，為接下來的行程揭開序幕，預告這會是一段古意盎然的路程。山林小徑　發思古之幽情後段路徑和前段北興宮步道相較，少了平坦易行的石階，卻多了一份獨特的韻緻。古樸的山林小徑雖然遇天雨路易濕滑，有時腳踏碎石不免也得當心滑跤，但行走在土地、直觸大地脈動的感受又非穩固的石階所能比擬。這古道據說已有百年歷史，是先民挑運米茶、來往松山(舊稱錫口)和四分坑(研究院路四段)之間的捷徑。從前南港山山谷地區的居民翻越鞍部，從後山來到熱鬧的前山市區採買日用品。麗山橋口步道位居後山，由北興宮通往麗山橋的路程，著實體驗到山前山後景緻大不同的景象。北興宮步道中途，站在地面有洗心鏡和照心鏡的「九龍潭」，眼前所見是松山、市府一帶繁華的都市景色；接近鞍部，眺望的遠景也是街景稠密的台北盆地。才過一個小山頭，彷彿穿越時光隧道，來到另一個時空。古道幽徑如遺世獨立初入山谷之中，放眼望去盡是田園農家景緻，菜園、池塘、絲瓜棚、水稻田，還有潺潺溪水，感覺好像進入一處世外桃源。再往前行，這樣恍如隔世的初始印象會漸漸加深。走在林間小徑，如置身深山古道，俠客行的意象躍然而出。從滿地灑灑落葉，足見此地人煙罕至，而幽靜的氣氛更能體會與自然合一的美妙。轉入小徑叉路，「永安居」前叢生的雜草，再次宣告此處空有屋厝但無人跡。「永安居」的側邊已經翻新，所以從主步道方向不易看出它是座古宅。但路旁的石椅和隱身小徑的老屋，見證了步道悠久的歷史。走出步道後，眼前又是純然的鄉野景緻--菜園、農家和稀稀落落的農民。公車站就在土地公廟前，公車不知何時會來，不免懷疑起自己身處何處？這一番景象～也許是在古早鄉下吧。,室外
231,臺北市,南港區,天人境界,🎨 藝文展館類,臺北市南港區經貿二路1號,,,886-2-87712345,,https://publicart.moc.gov.tw/home/zh-tw/works/2028,其他,,,,,"{'PositionLon': 121.61759185791016, 'PositionLat': 25.056089401245117, 'GeoHash': 'wsqqx3r4r'}",非古蹟,"{'PictureUrl1': 'https://www.travel.taipei/image/65315', 'PictureDescription1': '天人境界'}",,在南港展覽館外，佇立著的「天人境界」這件公共藝術作品。如同文明得到生命的甘泉，滋養了空洞的靈魂，於是歡欣踏出節奏美妙的步伐。二只巨大的手，一手指地一手朝天，手指相接處，即天人臨界，彩環代表無窮無盡，無限展延。天人界面，可以遠兆億公里隔萬年時空，窮畢生之力而無一厘之寸功。也可碧落黃泉思路無阻無滯，百代千秋神遊太虛彈指而至。 以九環相疊之彩色窯燒玻璃，區隔自然的世界與文明的世界。此界面與「思考之間」、「物我無限」等高度，其色彩圓形又與四季之歌生命之舞同節拍，為整個構思詮釋了最佳句點。 有人瞬間而頓悟，有人遺響於悲風，答案何其紛紛，唯文明對自然充分理解與協調，文明本身方能展延至無盡。,室外
232,臺北市,南港區,山水綠生態公園,⛰️ 自然生態類,臺北市南港區南深路37號山水綠生態公園,,每日上午六時至晚上十時,886-2-26511434,,https://play4u.gov.taipei/News_Content.aspx?n=4773608F226124D4&sms=7B56BA5392EB632C&s=0155336C3506EE72,生態類,都會公園類,,,,"{'PositionLon': 121.62130737304688, 'PositionLat': 25.029600143432617, 'GeoHash': 'wsqqrs3zv'}",非古蹟,"{'PictureUrl1': 'https://www.travel.taipei/image/65771', 'PictureDescription1': '山水綠生態公園'}",,山水綠生態公園為南港的山豬窟垃圾衛生掩埋場掩埋區復育之公園，於民國102年10月27日開幕，公園面積達21公頃，是南港區第一大的公園綠地，也是市民休憩的好去處，為南港注入新的活力。 山豬窟垃圾衛生掩埋場位於南港區東南角與新北市深坑區交界處之山豬窟山谷，因此命名為之，為臺北市第二座標準垃圾衛生掩埋場，佔地面積約65公頃，掩埋區面積30公頃，容量約617萬立方公尺。掩埋區中面積21公頃已掩埋完成，經植生綠化復育方式轉變為綠地，與原掩埋場之景觀大異，頗有唐朝詩人柳宗元漁翁詩句，欸乃一聲山水綠之意境，因此命名為「山水綠生態公園」。 山水綠生態公園內有多項設施是利用場內廢棄既有設施修建而成，並設置互動及遊戲性的環教解說設施，另外，每逢周六、日上午十時至下午四時，童玩(踩高翹、滾鐵圈、打陀螺)及自行車免費提供民眾借用，廣闊的園地也是放風箏的好處所，園區內展望台在白天可遠眺南港市區及內湖山區，夜間則可欣賞國道3號及5號高速公路車行夜景，是全家大小親近自然、體驗生態的最佳休憩場所。,室外
233,臺北市,南港區,幾米主題南港站,🌳 都會休閒類,臺北市南港區忠孝東路七段380號,,,886-2-27838645,,,其他,,,,,"{'PositionLon': 121.60604858398438, 'PositionLat': 25.051799774169922, 'GeoHash': 'wsqqx0wc6'}",非古蹟,"{'PictureUrl1': 'https://www.travel.taipei/image/65928', 'PictureDescription1': '幾米主題南港站'}",,受到各方廣大喜愛的幾米主題裝置藝術，就藏身在捷運板南線的南港站之中。南港捷運站大膽引進享譽國際的幾米繪畫，完整表現出捷運站的現代性，既寫實又富美感，也是捷運南港站啟用最受人矚目的話題。站內總共有6幅大型彩色壁畫，乃以幾米的暢銷書《地下鐵》的插畫作品直接放大燒製於瑯板，再嵌入牆壁上，只有一幅是全新創作，融合幾米歷年作品中的代表人物。其中最大幅長度141公尺、高7公尺，位於候車月台的牆壁上，在幾米細膩的筆觸及觀察下，列車未到，車上風光已經一覽無遺，有看報的阿伯、通勤的上班族，以及沒有座位、百無聊賴的小孩，幻想著巫婆飛過車窗，小豬、兔子在原野上奔跑，與火車競賽的畫面，饒富趣味，也為無聊的候車時光增添藝術閒情。(資料來源：臺北市政府觀光傳播局),室外
234,臺北市,南港區,新新公園,🌳 都會休閒類,臺北市南港區南港路三段109巷南側號新新公園,,開放空間,886-2-27853819,,https://play4u.gov.taipei/News_Content.aspx?n=4773608F226124D4&sms=7B56BA5392EB632C&s=E5D8BCD9895C9B61,都會公園類,,,,,"{'PositionLon': 121.59030151367188, 'PositionLat': 25.051359176635742, 'GeoHash': 'wsqqwb7qe'}",非古蹟,"{'PictureUrl1': 'https://www.travel.taipei/image/180478', 'PictureDescription1': '新新公園'}",,"新新公園面積2萬5,408平方公尺，位於南港路3段149巷，土地由國營臺灣鐵路股份有限公司捐贈，屬東區門戶計畫範圍，公園以「生態濕地公園」為規劃方向。栽植原生與誘蝶、誘鳥植物，提供生物棲地，提升環境生物多樣性，同時也提供環境教育機會。因應全球暖化、氣候爆烈化，考量滯洪功能，打造海棉城市，開闢蓄水滯洪空間，以達基地保水。以鐵路地下化後的空間軸帶，由西向東串聯公私有土地，發展多核心走廊型都市空間結構，做為民眾休閒及防災多功能的公園。包含以東北角疊山地形為基盤設計的兒童攀岩場、溜滑梯、溜索、平衡木等兒童遊戲設施，讓大人與小孩可一同在起伏的地景中活動及賞景。兒童遊戲場滑梯平台是公園最高點，為眺望公園全景熱門地點。(資料來源:臺北市政府工務局公園路燈工程管理處)",室外
235,臺北市,南港區,瓶蓋工廠台北製造所,🎨 藝文展館類,臺北市南港區南港路二段13號,,,886-2-27859900,,https://www.popoptaipei.com/,觀光工廠類,,,,,"{'PositionLon': 121.6047592163086, 'PositionLat': 25.053640365600586, 'GeoHash': 'wsqqx0vuh'}",非古蹟,"{'PictureUrl1': 'https://www.travel.taipei/image/207926', 'PictureDescription1': '瓶蓋工廠台北製造所'}",,瓶蓋工廠台北製造所是涵蓋職人手創、知識教育分享、展演及餐飲的複合式空間；在這裡不僅可以體驗各種手作課程，還可以逛市集、看展覽、欣賞音樂演出。此外，瓶蓋工廠台北製造所保留了日本昭和時代的建築特色，如檜木屋頂的倉庫、挑高的廠房以及天窗設計，並將六棟廠房空間打造成不同主題館，是老屋迷必訪的熱門景點。,室內
236,臺北市,南港區,胡適紀念館,🏯 歷史人文類,臺北市南港區研究院路二段130號,,"每週二 ~週六：09:00~17:00, 國定假日不開放參觀。",886-2-27899720、886-2-27821147,,,展覽場館類,,,,,"{'PositionLon': 121.6162109375, 'PositionLat': 25.040529251098633, 'GeoHash': 'wsqqrqqpx'}",非古蹟,"{'PictureUrl1': 'https://www.travel.taipei/image/63834', 'PictureDescription1': '胡適紀念館'}",,胡適是提倡自由主義的先驅，在思想上受到赫胥黎與杜威的影響，自稱赫胥黎教他怎樣懷疑，杜威先生教他怎樣思想。畢生倡言「大膽的假設，小心的求證」、「言必有徵」的治學方法。曾任駐美大使、北京大學校長、中央研究院院長等職，此胡適紀念館原是他晚年回臺灣就任中研院院長的南港住宅(1958-1962)。1962年2月24日胡適先生逝世後，中研院院務會議通過「胡適先生故居完全供作胡適紀念館之用」，隨即籌組「胡適紀念館管理委員會」，胡適紀念館也於同年12月10日正式成立；1998年元月改隸於近代史研究所。胡適紀念館包含3部分，一為胡適先生晚年回臺灣出任中研院院長的南港住宅 (1958-1962) ，即臺北胡適故居。故居的建築、廊道、擺設等格局，大體上仍保持先生生前生活起居的原有風貌。二為陳列室，係1964 年美國亞保險公司史帶(C. V. Starr) 捐贈建造，展示胡適先生的著作、手稿、照片、遺物與紀念物，以及胡適在臺灣紀錄片等。三為胡適墓園。墓園地區於1974 年增闢為「胡適公園」。公園依丘阜拾級而上，曲徑濃蔭，有山林幽靜景緻。開放以來，國內外慕名到此人士，瞻仰墓園之餘，別有遊觀登臨之勝。,室內
237,臺北市,南港區,臺北流行音樂中心,🌳 都會休閒類,臺北市南港區臺北流行音樂中心,,,886-2-27886620,,https://tmc.taipei/,其他,,,,,"{'PositionLon': 121.59858703613281, 'PositionLat': 25.05211067199707, 'GeoHash': 'wsqqx097h'}",非古蹟,"{'PictureUrl1': 'https://www.travel.taipei/image/193182', 'PictureDescription1': '臺北流行音樂中心'}",,臺北流行音樂中心介於南港車站與捷運藍線昆陽站之間，採複合型園區設置，基地面積8.96公頃，以市民大道區隔為北基地及南基地。可容納5000人、專屬流行音樂演出的中大型表演場地「表演廳」座落於北基地，南基地則有以主題策展方式呈現臺灣流行音樂光榮歷史與各種面貌的「流行音樂文化館」、以培育臺灣音樂人才為目標的「產業區」等場館。集結流行音樂與流行文化，臺北流行音樂中心不僅是流行音樂表演場所，更是以流行音樂產業出發、描述流行文化與生活型態的機能型園區。臺北流行音樂中心建築由美國RUR Architecture設計，建築靈感來自古羅馬廣場，利用環形空間結合藝術、商業、市集和演出活動，希望藉由流行音樂產業工作者、市民及海外觀光客之廣泛利用，打造一座24小時具備不同使用方式的「機能建築」。南北基地由造型天橋串聯，三棟主建築位於同一水平線，除加強整體建築的統一性，也以視覺軸線引領參觀者至不同目的地。臺北流行音樂中心未來將朝成為亞洲華語流行音樂新地標的願景邁進，除匯集創作人才外，並期望提供流行音樂及周邊產業群聚、展現優質的臺灣流行音樂文化，創造聚合流行音樂及文化產業跨界能量。(資料來源：臺北流行音樂中心官網),室外
238,臺北市,南港區,静心苑_松山療養所所長宿舍,⛰️ 自然生態類,臺北市南港區昆陽街164號,,營業時間：上午11:00開館 至 晚上21:00閉館。(營業時間內，免費開放參觀)休館日：每周一暨每年除夕農曆新年休館。暫停營業：天然災害依臺北市政府公告配合暫停營業。,886-2-26530033,,https://jinghsinyuan.com.tw/,古蹟類,自然風景類,,,,"{'PositionLon': 121.59352111816406, 'PositionLat': 25.048450469970703, 'GeoHash': 'wsqqqzvty'}",非古蹟,"{'PictureUrl1': 'https://www.travel.taipei/image/210627', 'PictureDescription1': '静心苑_松山療養所所長宿舍'}",,松山療養所成立於1915年，是臺灣最早的肺結核病收容機構，因著松山療養所的成立，誕生了所長宿舍，松山療養所所長宿舍應是在 1922 年〈總督府官舍標準化〉法令發布後所建置，當時高等官官舍之設置是具有一定特有之規範。靜心苑(松山療養所所長宿舍)為日式木構造建築，無論是雨淋板的設置、和式小屋二重樑屋架、空間格局、建材等，大多為日治時期營建技術之展現，其中室內傘型天花以及入口外玄關兩側柱型之裝飾皆為其特殊語彙之呈現，具有其文化資產價值。資料來源：靜心苑官網、臉書,室外
239,臺北市,南港區,麗山農民廣場_麗山公園,⛰️ 自然生態類,臺北市南港區研究院路四段麗山農民廣場（麗山公園）,,開放空間,886-2-27593001,,,都會公園類,遊憩類,自然風景類,,,"{'PositionLon': 121.5958480834961, 'PositionLat': 25.02242088317871, 'GeoHash': 'wsqqqgpqh'}",非古蹟,"{'PictureUrl1': 'https://www.travel.taipei/image/211655', 'PictureDescription1': '麗山農民廣場_麗山公園'}",,來到南港的麗山農民廣場，可見廣場地板鑲嵌著北宋文豪─蘇軾「定風波」詞句，充滿文學的氣息，原來這裡在日治時代曾經是個書院，附近學童在此唸書學習，後因發生崩塌災害，荒廢多年已不復原景，大地處配合農業社區環境改善治理舊有崩塌地，融合日式涼亭、落羽松及景觀石等元素，營造早年書院的意象，塑造別具風格的休憩廣場環境。麗山農民廣場，對面即是封溪護魚有成的四分溪，大家也可順道漫步在雙心造型跳石及溪畔步道，一邊聆聽溪水潺潺，一邊欣賞落羽松美景，適合休閒假日安排前往，感受落羽松秘境及雙心跳石浪漫的氛圍，如果對四分溪封溪護魚的故事感到興趣，也歡迎聯繫久如社區發展協會安排一場生態導覽，感受自然的氣息與寓教於樂小旅行。(資料來源：臺北市政府工務局大地工程處),室外
240,臺北市,士林區,七星山系_天母古道親山步道,⛰️ 自然生態類,臺北市士林區中山北路七段天母古道親山步道,,,886-2-27593001,,,自然風景類,,體育健身類,,,"{'PositionLon': 121.5336685180664, 'PositionLat': 25.127639770507812, 'GeoHash': 'wsqqvw655'}",非古蹟,"{'PictureUrl1': 'https://www.travel.taipei/image/221113', 'PictureDescription1': '七星山系_天母古道親山步道'}",,天母古道親山步道穿越士林華岡地區的西北山坡，也是紗帽山南邊的鞍部，屬於早年魚路古道的後段，涵蓋華岡至天母間的數條步道，沿著大水管構築，潺潺溪水、原始林相，步行其間，讓人倍覺涼爽舒適。步道還可順遊經翠峰瀑布至猴洞產業道路的「翠峰步道」，夾峙在山間林蔭中，走起來特別涼爽舒適。天母古道曾經是金山與天母間重要的連絡要道，自從仰德大道開通後，這條早年的便道就成為名符其實的古道，近年更躍昇為熱門的登山路線，每逢假日遊人如織。天母古道生態景觀天母古道全區海拔高度從約300公尺至120公尺屬於臺灣低海拔亞熱帶闊葉林生態系。從大屯山鞍部吹來的東北季風帶來強風、雨水和低溫，使山腰古道迎風面，呈現暖溫帶闊葉林景致；相反的山腰避風面溪谷陰溼地環境則利於熱帶闊葉樹種生長，如熱帶板根、幹生花、纏勒等現象。天母古道雖海拔僅300公尺，卻有著熱帶、亞熱帶及暖溫帶闊葉林等不同生態之壓縮型生態系環境，相當難得而珍貴。◎特別提醒山友：步道下切翠峰瀑布的岔路附近，容易看見猴群出沒，當您看見猴群出現時，請不要任意餵食，以免猴兒為爭搶食物，不小心傷害到您喔！水管路步道水管路步道自日據時代便是保安林區的水源重地，不僅林相原始豐富，沿途築水而居的蕨類、姑婆芋等植物，更見茂盛而繁多。水管路係為接引第三水源地泉水到天母、士林一帶所闢建，步道前段爬坡路沿線已不見大水管，而步道後段水管就埋在步道底下。1930年間水管上陸續鋪設石板和水泥作為保護，水管路就因此而形成，水管路與步道在天母地區因山勢漸緩才分道揚鑣。目前步道入口處的三角埔發電廠是步道的起點，也是水管路的終點。入山林前先暖身自登山口出發，得先經過上千級石階的考驗，沿途有人遞熱茶熱湯免費試喝，才剛覺得熱，遮陽帽就出現了，若是口渴，林間還有果汁、茶，和甜美的地瓜湯在等著你。奇怪，還沒到陽明山呢，「在地」的蔬菜、竹筍、地瓜就已一字排開。說是有一千多個階梯，就當作是進入山林前的「暖身」。首先映入眼簾是龍眼樹林，石階兩旁高大的龍眼樹，有的樹腰粗到要兩人合抱。從前，龍眼可是這裡的主要產業。再往上走，出現傳說中的黑色大水管，山路也突然變得陡直。上坡路不免要費點體力，累了，中途和盡頭都有涼亭可以歇歇腳。站在中途涼亭旁回望，天母市區已在山腳下，小有成就感，即使有點喘吁吁也能繼續向前行；走到盡頭，如果天氣晴朗，還能遠眺林口台地，據說從這裡觀看台北夜景也很不錯喲。終於走完這段陡坡，在蓄水池旁洗把臉擦擦汗，馬上就要進入林蔭坦途囉。詩意的步道之旅造訪過水管路步道的人，多半都會愛上這段路。沿途林木蔽日，夏日走在如履平地的山路上倍覺舒適涼爽；冬季只聽見北風在溪谷中呼嘯，但不覺有刺骨寒風。這裡的路面平整，很適合駐足觀景。漫步林間小徑，視野由眺望天母、北投轉換至山林溪谷，山間梯田與裊裊煙霧構成如詩如畫的動人美景。海拔僅300公尺高的水管路步道，因為自日據時代便是「水源重地」和「保安林區」，林相原始豐富，不但沿途可見許多築水而居的蕨類、姑婆芋等指標性植物，生活其間的植物更高達三百餘種，可見生態環境受到很好的保護。路旁山崖的石壁上時有石頭堆砌，從岩壁流出的山泉水流入圳溝，吸引不少溪蝦和蝌蚪在此聚集。步道後段還有一條小水溝，清澈的水流同樣來自山上湧出的泉水，裡面有許多沼蝦和螃蟹，更是多種蜻蜓及蛙類繁殖的場所。從秋季到次年春季時，不時可以聽到斯文豪氏赤蛙如鳥叫的鳴聲。清晨或黃昏時段，還有機會看到台灣獼猴在此出沒呢。水道水　潺潺流水管路步道源自於日據時期，為了接引第三水源地的泉水到天母、士林一帶所開闢。行走在沿山壁開鑿的山徑，已不見前段爬坡路上的大水管，其實後段水管就埋在步道底下。一九三○年代，水管之上陸續鋪設石板和泥土作為保護，水管路就此成形。接近天母地區，因為山勢漸展，水管與步道才「分道揚鑣」。現在靠山崖的路上見到圳溝，石頭堆砌引導山泉流下的水溝彷彿是昔日藉水管引水的縮影；站在上坡路的水管旁，還可聽到大水管內急速的水流聲。步道入口的三角埔發電廠是步道的起點，也是水管道的終點，儘管已功成身退，依然見證了這水道的今與昔。,室外
241,臺北市,士林區,三腳渡擺渡口,🏯 歷史人文類,臺北市士林區通河街323巷1號 之 6號,,全天開放,886-2-27208889,,,其他,,,,,"{'PositionLon': 121.5182113647461, 'PositionLat': 25.080699920654297, 'GeoHash': 'wsqqtjyce'}",非古蹟,"{'PictureUrl1': 'https://www.travel.taipei/image/89496', 'PictureDescription1': '三腳渡擺渡口'}",,三腳渡所在，土名後港墘。後港墘在連結社子、劍潭、大龍峒(大浪泵)，隨著土地的墾殖，村庄的形成，街庄的依賴漸形重要。三腳渡除了連結街庄，具有交通的功能外，也是附近居民維生船隻聚集的港灣，除了在陸上從事農作，河邊養鴨，河裡耙蜆仔、捕魚，也是他們重要的謀生方式。後因河川整治，碼頭功能慢慢萎縮消失，而三腳渡的歷史，見證了淡水河的變遷，是一個極富歷史意義的空間點。 目前，僅有10多艘舢舨船在三腳渡靜靜地訴說渡頭的過去，並由保存者阿正司(生於臺北劍潭三腳渡的造船世家，十七歲學造船，製作過舢舨船近300艘，龍舟100艘，是臺灣目前少數的手工造龍舟師傅)讓技藝傳承、文化播種，水岸記憶可以延續，同時讓熱情再次溫暖三腳渡。 景觀重點介紹：包括有親水河岸碼頭、舢舨船和龍舟、製作龍舟的基地、國寶級龍舟製作師傅劉清正先生。,室外
242,臺北市,士林區,內雙溪自然中心,⛰️ 自然生態類,臺北市士林區至善路三段150巷26號,,,886-2-27593001,,http://neishuangxi.blogspot.com/,自然風景類,,都會公園類,,,"{'PositionLon': 121.57781982421875, 'PositionLat': 25.114500045776367, 'GeoHash': 'wsqqyefq8'}",非古蹟,"{'PictureUrl1': 'https://www.travel.taipei/image/107260', 'PictureDescription1': '內雙溪自然中心'}",,位於士林區東南角之內雙溪自然中心，占地104公頃，為臺北市最大的森林自然公園，以豐富的生態與地形等特色，媲美溪頭的風貌，所以又稱『臺北小溪頭』。臺北市政府大地工程處斥資整建，規劃並建置登山步道、觀景台和產業道路，串連起內湖及士林兩區的內雙溪山區，並整合內雙溪森林、自然公園、碧山露營場、白石湖農村社區及周邊景觀生態等資源。其入口的「碧溪橋」兩端有台灣樹蛙的石雕，彰顯小溪頭地區特有的豐富生態，橋旁護欄亦設有半圓型觀景台，供民眾欣賞內雙溪溪流的流水淙淙及獅頭山的怪石嶙峋。沿著登山步道而行，可見一巨木瞭望台，採全黑檀木材質建造，四支支柱更保留原木型體，造型壯觀，且在入口處有梅花形廣場，可供民眾休息，登上高達6公尺的瞭望台，可遠眺大崙尾山及圓山仔山。園內並規畫有太陽光電示範系統，運用太陽能發電達到節能減碳的效果，並藉由簡易操作的互動體驗對民眾做示範教育。此區域屬碧溪集水區，水源豐沛，是孕育生態的溫床，加上地形介於古老雪山山脈和新興大屯山山脈物種交會地帶，生態資源豐富，景觀變化多，提供民眾一個結合生活、休憩和生態的遊憩環境。,室外
243,臺北市,士林區,原住民文化主題公園,🌳 都會休閒類,臺北市士林區至善路二段原住民文化主題公園,,,886-2-28812512,,https://parks.gov.taipei/parks/m2/pkl_parks_m2C.php?sid=200,文化類,都會公園類,,,,"{'PositionLon': 121.55077362060547, 'PositionLat': 25.101600646972656, 'GeoHash': 'wsqqvcwe6'}",非古蹟,"{'PictureUrl1': 'https://www.travel.taipei/image/160923', 'PictureDescription1': '原住民文化主題公園'}",,臺北市外雙溪故宮博物院鄰近的公園，特別地規劃呈現原住民文化意象的主題風格，打造更有味道的原住民文化主題公園，包括各族人像石牌、少年與狗石像搗米人像、手紋像、人紋像、及大熊像、梅花鹿像、母與子石像等作品等，讓市民在臺北市內就可以接近原住民的生活；公園入口廣場寬闊氣勢擎天，向內沿著滿佈圖騰的圖騰地磚園路步行，進到湖畔水木棧廊道區，水邊種植落羽松群及多種水生植物如野薑花及睡蓮等，沿路以石板製成的石椅、石牆及各式圖騰地磚，配合生長的爛漫恣意的各式原生植物，營造一個含有豐富生態及展現原住民生活的意象。原住民文化主題公園不僅陳列原住民的藝術作品，也介紹了臺灣平埔族、雅美族、噶瑪蘭族、賽德克族、布農族、卑南族、排灣族、魯凱族、阿美族、鄒族、邵族、賽夏族、泰雅族的文化及緣起，藉由原住民順應自然的態度及精神，讓我們得以更了解原住民的生活藝術世界，原住民主題文化公園歡迎您的到訪。文字來源／公園走透透.臺北新花漾網站,室外
244,臺北市,士林區,台北奧萬大,🌳 都會休閒類,臺北市士林區平菁街10巷19號,,【平日10:00-20:00】【星期六日及國定假日9:00～22:00】【全年無休】遇氣候或其他因素調整，將於Fb 粉絲團及園區門口另行公告。,886-2-28619862,,http://www.goyms.com.tw/takeabreak/600.htm?fbclid=IwAR28g5wX9rbaBkK0VqYlvdNOsrFyukx0Da3EMA9THN2N8iVVH143m-u4x-4,其他,,,,,"{'PositionLon': 121.5693130493164, 'PositionLat': 25.142459869384766, 'GeoHash': 'wsqrn3h16'}",非古蹟,"{'PictureUrl1': 'https://www.travel.taipei/image/180637', 'PictureDescription1': '台北奧萬大'}",,陽明山上的奧萬大喜愛楓紅的人，不必大老遠的跑到加拿大或日本，近在咫尺的『台北奧萬大』將提供您優美的視覺享受。來此賞楓，不必苦等秋冬的季節，在春天三月～四月，您就可以欣賞到滿園楓紅景緻，園內各類植栽包括松、櫻、柏、楓樹、茶花類，皆由苗木開始栽培，因此各類造型獨特，其中又以黑松及楓樹最為大宗，也是台北奧萬大最具代表性的植栽。一般遊客對台北奧萬大印象最深的莫過於每年楓紅，一般賞楓的季節在秋冬，而且要寒流過境才能見到楓紅。而台北奧萬大不但秋冬有楓紅，最棒的賞楓季是在3月～4月份，主要是因為台北奧萬大楓樹皆嫁接日本品種。由於品種特性，其嫩芽期有一個多月的時間是紅色新芽，後因氣溫逐漸變熱與降雨影響，葉綠素變化，由紅漸綠，此外亦有多品種顏色各異。(資料來源:台北奧萬大臉書),室外
245,臺北市,士林區,台北花卉村,🌳 都會休閒類,臺北市士林區延平北路七段18-2號,,週二-週四 09:00-19:00週五-周日 09:00-21:00週一休園,886-2-28101969,,http://www.gardenmall.com.tw/index.html,其他,,,,,"{'PositionLon': 121.49774932861328, 'PositionLat': 25.094680786132812, 'GeoHash': 'wsqqu8rgn'}",非古蹟,"{'PictureUrl1': 'https://www.travel.taipei/image/181502', 'PictureDescription1': '台北花卉村'}",,你能想像嗎？約一萬坪的灰色砂石場，也能變身為充滿花草園藝的快樂天堂！位在社子島的台北花卉村，原本是個塵土飛揚的砂石場，經過用心規劃，從一草一木種出繽紛花園。目前已有蘭花溫室、盆栽植物賣場、園藝資材館、咖啡館、馬賽克手作DIY教室、單車棧、假日攤商等，十分適合親子同遊。此外，在台北花卉村也有兩間宴會廳，提供場地租借服務，讓新人可以自己找總舖師來料理美食佳餚，舉辦溫馨的花園婚禮。歡迎蒞臨台北花卉村，讓你在繁忙的都市生活中，度過悠閒的假日時光。(資料來源：台北花卉村),室外
246,臺北市,士林區,國立故宮博物院,🏯 歷史人文類,臺北市士林區至善路二段221號,,國立故宮博物院北部院區自109年7月1日起延續開放時間調整措施：開放時間為每週二至週日09:00～17:00，每週一休館，取消每日及週末延長開館時間，同時暫停張大千紀念館對外開放。圖書文獻館自2020年10月19日(一)起至2021年1月底暫停對外開放。各項措施調整時間，將參考中央流行疫情指揮中心相關指示辦理，請隨時關注國立故宮博物院官網最新消息。造成您的不便，尚請見諒，感謝您的配合！,886-2-28812021,,https://www.npm.gov.tw/,展覽場館類,廟宇類,,,,"{'PositionLon': 121.54849243164062, 'PositionLat': 25.102359771728516, 'GeoHash': 'wsqqvcszv'}",非古蹟,"{'PictureUrl1': 'https://www.travel.taipei/image/221739', 'PictureDescription1': '國立故宮博物院'}",,國立故宮博物院於1965年在外雙溪落成，中國宮殿式的建築，一至三樓為展覽陳列空間，四樓為休憩茶座「三希堂」。藏有全世界最多的中華藝術寶藏，收藏品主要承襲自宋、元、明、清四朝，幾乎涵蓋了整部五千年的中國歷史，數量近70萬件，使國立故宮博物院擁有「中華文化寶庫」的美名。故宮博物院內有兩種故宮三寶，一為藝術學界內的故宮三寶，三幅北宋巨碑式水墨畫，但因許多年才展出一次，鮮少人能親眼見到，便又分支出民間版的故宮三寶，也就是翠玉白菜、肉形石、毛公鼎。此三寶因像華人民間小吃「酸菜白肉鍋」，故被封為此稱號。國立故宮博物院院區左右側各有一座園林，左側為至善園，右側為至德園。至善園為仿宋代建築而建的庭園，除每周一休園，其餘時間皆可入園參觀，園內有兩座池、三處涼亭，還有許多魚及小動物，非常適合一家大小前來賞園。至德園位於至善路與故宮路交叉口，目前為免費參觀。園區面積不大，入口處是一個別緻的古典圓拱門，園內有一座蓮荷池，夏日來此可以看到大量的蓮花盛開。不想假日人擠人參觀故宮的話，故宮還提供了線上故宮的部分，可以透過展覽搶先看觀賞各展覽介紹；利用典藏賞析欣賞各個藏品的美麗樣貌；奇幻互動還能讓你有如進入書畫中，一起感受古人的作品；如果還不夠，可以一同走進故宮，利用720° VR讓你彷彿置身於故宮裡，在虛擬實境空間探索各區域，並能隨時隨地觀看或聆聽展覽及藏品介紹，讓你在家猶如身在故宮。國立故宮博物院除了展覽品豐富以外，提供專業導覽，並定期舉辦各類文物研習課程、專題演講及巡迴展出活動，出版百種以上的刊物及專輯，實為世界的文化寶地，國立故宮博物院是來臺灣旅遊的必訪之地。(部分資料來源：國立故宮博物院),室內
247,臺北市,士林區,國立臺灣科學教育館,🎨 藝文展館類,臺北市士林區士商路189號一 樓 西側,,週六、週日、國定假日、寒暑假：9:00~18:00 | 17:00截止入場 | 售票時間：9:00~17:00非寒暑假之週二至週五：9:00~17:00 | 16:00截止入場 | 售票時間：9:00~16:00 9F圖書館開放時間調整如下：週六、週日、國定例假日、寒暑假：9:00~18:00非寒暑假之週二至週五：9:00~17:00備註：每週一休館(國定假日及特定假日除外、寒暑假天天開館),886-2-66101234,,https://www.ntsec.gov.tw/,展覽場館類,自然風景類,,,,"{'PositionLon': 121.51669311523438, 'PositionLat': 25.09613037109375, 'GeoHash': 'wsqqv0tg8'}",非古蹟,{'PictureUrl1': 'https://www.ntsec.gov.tw/UserFiles/image/DSC07264-HDR_R.jpg': '國立臺灣科學教育館'},,"臺灣科學教育館，為科學教育而設，適合所有大人小孩來參觀。地下室為兒童益智探索館，還有一個地底世界展，3, 4樓有生命科學、自然科學展，5, 6樓有物質科學、數學與地球科學展，7, 8樓為特展，可以看到世界性的科學展覽。館內設有各種體驗裝置，可與展品互動。在這也可看電影，3D動感電影院是一個動感模擬影院，雙人式液壓動感座椅，與影像同步動作，有如坐在雲宵飛車或飛行座艙上，身歷其境。立體虛擬實境劇場，採用高解析立體影像效果，讓觀看影片更有臨場感。這是個寓教於樂的優良場所，歡迎大家來玩。",室內
248,臺北市,士林區,圓山水神社,⛰️ 自然生態類,臺北市士林區中山北路五段82之1號,,全天開放,886-2-87335678,,,古蹟類,文化類,,,,"{'PositionLon': 121.5272216796875, 'PositionLat': 25.0843505859375, 'GeoHash': 'wsqqtqmqv'}",非古蹟,"{'PictureUrl1': 'https://www.travel.taipei/image/190669', 'PictureDescription1': '圓山水神社'}",,圓山水神社位在捷運劍潭站對面，自來水公司事業處陽明分處旁邊，循著水泥階梯走，來到貯水池旁即可見到圓山水神社，其留有最初建造時的石燈籠、社名碑、手水缽，及一對鎮守神社的狛犬。這是一座日據時期遺留下來的神社，格局大致保存完整，且位處交通便利的捷運站附近，不過因為較少人知道，所以鮮少有遊客來訪。裡面還有一挑高處是「圓山貯水池」，是「草山水道系統」的一個重要水利節點。儘管圓山水神社只與士林商圈相隔一條路，但卻是一片靜謐之地，散發出古樸、神秘而自在的氛圍。,室外
249,臺北市,士林區,士東市場,🛍️ 商圈市集類,臺北市士林區士東路100號,,,886-2-28345308,,http://www.shi-dong.com.tw/_tw/,小吃/特產類,,,,,"{'PositionLon': 121.52954864501953, 'PositionLat': 25.111839294433594, 'GeoHash': 'wsqqv7rp5'}",非古蹟,"{'PictureUrl1': 'https://www.travel.taipei/image/89586', 'PictureDescription1': '士東市場'}",,位於外籍人士聚集的天母，士東市場展現的是一種和諧、精緻的市井風情。除了販賣新鮮的蔬果、生鮮肉品之外，一樓有知名、可站著吃的握壽司店，二樓則有傳統小吃攤，以平凡的好滋味聞名。另外還有販售各式各樣米的店家，價格也較百貨公司便宜。士東市場所販賣的東西有一定的品質，內部乾淨，沒有一般傳統市場的潮濕和魚肉的味道，加上有地下停車場，在時常下雨的北部算是採買食材的好地方，而且還有人情溫度，可感受到臺北這個城市獨特的味道，更反映了在地生活的日常百態。,室外
250,臺北市,士林區,士林官邸_士林官邸公園,🌳 都會休閒類,臺北市士林區福林路58號,,開放時間：週二至周日，上午9:30~12:00(售票至11:50，最後入場時間為11:50)、下午13:30~17:00(售票至16:50，最後入場時間為16:50)。休 館 日：每周一、農曆春節、清明節、端午節、中秋節、固定養護時間(每年九月間兩週)及特殊情況休館。士林官邸公園開放時間：開放空間,886-2-28836340,,,古蹟類,都會公園類,,,,"{'PositionLon': 121.52980041503906, 'PositionLat': 25.094629287719727, 'GeoHash': 'wsqqv2r6c'}",非古蹟,"{'PictureUrl1': 'https://www.travel.taipei/image/221280', 'PictureDescription1': '士林官邸_士林官邸公園'}",,"士林官邸公園約佔地12.9公頃，因所在地緊鄰中山北路，可快速直達總統府，並被福山山系所環抱，優越的地勢、絕佳的地理位置，故自民國三十九年起成為先總統蔣公日常起居之官邸使用。也因官邸設立於此的緣故，鄰近區域嚴禁改建及新建，使得官邸公園能維持原有的自然景觀，蟲鳴鳥叫、景色秀麗，是近郊休閒遊憩的絕佳場所。1996年，官邸首度開放市民觀賞園藝與休憩使用。玫瑰園，是蔣夫人最喜愛的花園；西式庭園中浪漫美好的風光，是新人婚紗照最常取景的地方；中式庭園裡的拱橋、曲池、流水等東方庭園造景，則令人彷彿置身古代中式庭院。官邸公園主要分為露天音樂臺、玫瑰園、主題園區、內花園、正館、踏青區、西式庭園、中式庭園、凱歌堂、新蘭亭、園藝展覽館和慈雲亭。每年3月可在蔣夫人最喜愛的玫瑰園內，欣賞近100種、約2,000株的玫瑰盛開；主題園區、踏青區則是每年菊展、鬱金香展精心規劃的重點展區；在西式與中式庭園則可欣賞到美麗的當季草花花壇；新蘭亭、園藝展覽館依照不同時節亦有不定期的園藝花卉植栽展出，全年各式花卉輪番上陣，接力歡迎各位的到訪。凱歌堂為蔣家人禮拜及受洗之處。新蘭亭建於民國三十九年，又名壽亭，為中式四角狀建築，是每年蔣公作壽的地方，也是舉辦各類花卉展覽之地。慈雲亭建於福山之上，為兩層樓方形亭，是老總統為懷念母親所建。士林官邸每年年初及年末都會舉辦各式花展，像是鬱金香展、玫瑰花展、蝴蝶蘭展、菊展…等，而最為廣為人知的就是菊展和鬱金香展，利用花卉搭配上園區造景，打造出色彩繽紛的展場。菊展接近秋冬的11至12月就是全台知名花展之一的菊展。藉由大立菊、造型菊、小菊及菊科草花搭配每年不同主題的展場造型物與園藝造景，將士林官邸打造成大型花園，吸引各地遊客前來觀賞。鬱金香展每年春節過後的2月為士林官邸鬱金香展，展出超過10萬株來自荷蘭及日本鬱金香花海，並設置異國裝置藝術，讓人彷彿置身於國外。士林官邸公園於民國八十五年正式開放民眾參觀，為提供更多更好的服務，也積極加強各項的整理規劃及建設，成為臺北市區中另一處供民眾休憩的景點。",室外
251,臺北市,士林區,士林慈諴宮,🏯 歷史人文類,臺北市士林區大南路84號,,每日06:00-22:00,886-2-28802972,,http://www.cixian.org.tw/,廟宇類,自然風景類,,,,"{'PositionLon': 121.52471160888672, 'PositionLat': 25.089590072631836, 'GeoHash': 'wsqqtr7t7'}",非古蹟,"{'PictureUrl1': 'https://www.travel.taipei/image/63967', 'PictureDescription1': '士林慈諴宮'}",,士林慈諴宮又稱士林媽祖廟，主祀天上聖母，位於遠近馳名的士林夜市之內。慈諴宮的前身為1796年（清嘉慶元年）業主何錦堂獻地所建的廟，當時稱為天后宮。1859年（咸豐9年），發生漳、泉械鬥，芝蘭街也遭波及火焚，天后宮亦付之一炬。舊街慘遭焚毀後，縉紳潘永清力主遷地另建新街，得到大多數街民的贊同，於是選擇在下樹林處建設新街，即今日的士林新街。同時在街區中央規劃為廟址，即現今慈諴宮所在地。慈諴宮是一座採兩殿、兩廊、兩護龍平面配置的廟宇，一共形成5個天井，兩殿之間以過水廊連接護龍，為典型殿堂式閩南式廟宇。第一進的三川殿的屋頂，是以歇山重簷式的翹脊屋頂，亦即俗稱的「太子樓」形式，正殿中門的單蟠龍八角柱為光緒年間所造，左右麒麟堵則是1828年的作品。門上的彩繪宮娥及門神尉遲宮、秦淑寶，畫工相當的精細，是近代重要的匠師陳玉峰的作品。正殿之旁有一幅士林舊街的石壁，讓人憑此懷想昔日士林的街道面貌景色。,室內
252,臺北市,士林區,士林神農宮,🏯 歷史人文類,臺北市士林區中山北路五段699巷2012號,,,886-2-28324955,,,廟宇類,自然風景類,,,,"{'PositionLon': 121.52635955810547, 'PositionLat': 25.09779930114746, 'GeoHash': 'wsqqv2uv3'}",非古蹟,"{'PictureUrl1': 'https://www.travel.taipei/image/65609', 'PictureDescription1': '士林神農宮'}",,今天神農宮的建築為兩進五開間的格局，三川殿2側的左右廂房上方並設立有鐘樓與鼓樓。而神農宮正殿具有2層，宮廟主祀的神農大帝供奉於正殿2樓中央，1樓中央奉祀的則是福德正神。而神農宮正面除了三川殿的3道門以外，左右廂房前也各開1門，因神農大帝屬於帝后級的神明，廟宇正面可以開5道門以上，以展現神祇的尊貴地位。在古代中國帝制時代，朝廷規範寺廟的建築形制必須與所奉祀神祇的位階相符，士林神農宮本來名為「芝蘭廟」，是奉祀土地公福德正神的廟宇。但士林居民在乾隆年間為福德正神重修寺廟時，在屋頂採用了帝王等級的神祇才能使用的燕尾樣式，一方面突顯了土地公在拓墾移民心中的重要地位，一方面卻使廟宇過於華麗而不符合規範。為了避免廟宇違規而遭受拆除的處罰，當地居民於是增加奉祀具有帝王位階的神農大帝作為主神，這樣的轉變也呈現出漢人寺廟、家禮教秩序與在地人群信仰的互相妥協與結合。士林神農宮歷經多次改建，但仍保有許多舊物，如三川殿前石雕龍柱以及廟中的石樑、石雕窗，清代乾隆年間之長生祿位與咸豐年間之香爐，以及清代刻製的神農大帝、福德正神像。而神農宮正殿左右兩側柱子嵌有日治時期的石柱，正殿也維持日治時期牆面設計，所採用的觀音山石具備時代特色，在當代已經不易重現。廟中並保存多座記載廟宇修繕始末與捐獻名單的石碑，以及人們用以燃燒字紙的敬字亭，見證了士林地區的發展過程與早年文風鼎盛之歷史。神農宮內供奉有多座神農大帝神像。神農大帝的塑像型態一般有兩種：一是裸身赤腳、僅在肩上與腰間圍上樹葉的原始人樣貌，同時手持金黃色稻穗，象徵農業的發明以及從原始到文明的轉變；另一種則是穿戴帝王衣飾冠帽的形象，象徵華夏文明與民族始祖的崇高地位。士林神農宮所奉祀的神農大帝是原始人的形象，並且有紅色與黑色兩種面容，赤面象徵神農氏發明農耕之後，因食用五穀而氣色紅潤的樣貌，黑面則是神農氏因誤食毒草而面色發黑，紀念神農氏為人們尋找草藥的犧牲。另一方面，士林神農宮內有許多以高溫彩釉燒製的交趾陶作品，製作者為洪坤福派之弟子陳專友(1911- )，是20世紀中期臺灣廟宇建築界裝飾技藝中的佼佼者「五虎將」之一。臺灣廟宇的交趾陶裝飾常以傳統戲劇之劇碼為主題，呈現在1塊牆面上的1個主題故事就稱作1堵「齣頭」。在神農宮三川殿內殿的橫樑上，就有6堵交趾陶齣頭，加上前殿牆上靠近屋簷處的「水車堵」以及位於兩側左右相對的牆面上的「對看堵」，總共有12堵交趾陶齣頭，而每堵內的交趾陶人物數皆在7座以上，人物總數可觀，人物之身體姿態細緻而有架勢，保存了豐富的傳統裝飾技藝作品。,室內
253,臺北市,士林區,士林觀光夜市,🛍️ 商圈市集類,臺北市士林區基河路101號B1樓,,,886-2-25505220,,https://www.tcma.gov.taipei/News_Content.aspx?n=FAC14AD2DE4E01A4&sms=32F7BA052C5CA548&s=AF2DC775A3AA076A,小吃/特產類,自然風景類,,,,"{'PositionLon': 121.52407836914062, 'PositionLat': 25.08786964416504, 'GeoHash': 'wsqqtr55k'}",非古蹟,"{'PictureUrl1': 'https://www.travel.taipei/image/221601', 'PictureDescription1': '士林觀光夜市'}",,士林夜市是臺北市範圍最大的夜市，也是國外觀光客造訪臺北必遊的觀光夜市。鄰近捷運劍潭站，佔地十分寬廣，可分為兩個主要範圍，一個是傳統陽明戲院周邊的街道，包括大南路慈諴宮一帶；另一邊則是基河路101號重新營運的士林市場。來逛夜市的人大都以美食與購物為主，這裡有各式各樣新奇好玩的商品與美食，吸引大批的人潮。這樣特殊的夜市文化，是臺北夜生活不可缺少的一部份。最為著名的莫過於多樣的美食小吃，可說是臺灣美食大集合，像金黃色的超大雞排，香噴噴的「豪大大雞排」外脆內嫩； 吃上癮的「串烤」；香氣四溢的「士林大香腸」；會噴湯汁的「上海生煎包」；包著滿滿紅燒肉、蛋酥的「潤餅捲」；甜甜鹹鹹的「大餅包小餅」嚼勁十足；熱騰騰的「藥膳排骨湯」補補身子；特有的生炒花枝、青蛙下蛋、三兄弟豆花、蔥油餅、涼麵等，都是令人直吞口水的美食小吃，讓人駐足不前、流連忘返。,室外
254,臺北市,士林區,天母夢想樂園,🌳 都會休閒類,臺北市士林區忠誠路二段77號,,,886-2-28736548,,https://play4u.gov.taipei/News_Content.aspx?n=4773608F226124D4&sms=7B56BA5392EB632C&s=CE9DDFC3318FCC70,遊憩類,,,,,"{'PositionLon': 121.53370666503906, 'PositionLat': 25.11469078063965, 'GeoHash': 'wsqqvefps'}",非古蹟,"{'PictureUrl1': 'https://www.travel.taipei/image/191148', 'PictureDescription1': '天母夢想樂園'}",,「天母夢想樂園」位於天母運動公園裏，透過參與式預算提案，開啟了臺北市政府與民間、專業者共同攜手一系列「公園遊樂場的特色多元化行動」。因此融合在地特色、創意且兼具共融性的兒童遊戲場，在臺北市政府「Play for All，讓玩變成所有人的權利」政策推動下，希冀天母運動公園兒童遊戲場能成為一處富含主題特色的遊戲場域，並朝向共享、共樂、共融的遊玩基地。(資料來源:臺北市政府-共融式遊戲場網站),室外
255,臺北市,士林區,天母運動場區_棒球場,🌳 都會休閒類,臺北市士林區忠誠路二段77號,,,886-2-25702330,,http://tianmu.wdragons-bs.com/,體育健身類,,,,,"{'PositionLon': 121.5329818725586, 'PositionLat': 25.113239288330078, 'GeoHash': 'wsqqve9x5'}",非古蹟,"{'PictureUrl1': 'https://www.travel.taipei/image/192021', 'PictureDescription1': '天母運動場區_棒球場'}",,"臺北市立天母棒球場位於臺北市忠誠路與士東路交叉口，自民國86年3月5日動工興建，88年8月15日年落成啟用，2020年9月21日啟用人工草皮，為臺灣第一個使用人工草皮的球場，可容納觀眾10,000席。左外野：325 英呎、中外野：400 英呎、右外野：325 英呎。本球場坐落於陽明山下其方位為東北東方(由本壘往中外野方向)，由本壘板正後方觀眾席望去，可觀賞到陽明山、文化大學、大屯山等景觀。(資料來源：臺北市政府體育局)",室外
256,臺北市,士林區,平等里櫻花,🌳 都會休閒類,臺北市士林區平菁街42巷12號,,開放空間,886-2-27593001,,,其他,,遊憩類,,,"{'PositionLon': 121.57129669189453, 'PositionLat': 25.12955093383789, 'GeoHash': 'wsqqyqtw0'}",非古蹟,"{'PictureUrl1': 'https://www.travel.taipei/image/65618', 'PictureDescription1': '平等里櫻花'}",,臺灣北部賞櫻地點幾乎都由陽明山平菁街的櫻花開始。每年1-2月間，可由士林區至善路3段71巷左轉進入陽明山，沿途可以欣賞到山櫻花開放，櫻花坐落於陽明山寧靜的巷弄內，而平等里內，有許多休閒觀光農園、有咖啡、茶點，可觀賞農作，可以吃農家菜，是休閒好去處。 陽明山的櫻花種類有：緋寒櫻（山櫻花）、重瓣緋寒櫻（八重櫻）、吉野櫻、昭和櫻、大島櫻等。,室外
257,臺北市,士林區,平菁街42巷櫻花,🛍️ 商圈市集類,臺北市士林區平菁街42巷12號,,,886-2-28616899,,,其他,,遊憩類,,,"{'PositionLon': 121.57129669189453, 'PositionLat': 25.12955093383789, 'GeoHash': 'wsqqyqtw0'}",非古蹟,"{'PictureUrl1': 'https://www.travel.taipei/image/162183', 'PictureDescription1': '平菁街42巷櫻花'}",,寒櫻初開時花朵呈現淡淡粉白，隨後轉為粉紅色，後期將轉為深紅，且一個花苞內蘊藏有3~4朵花，而每個花苞間隔距離很近，一同盛開時整個枝條綴滿柔美而嬌媚的粉嫩花朵。臺灣北部賞櫻地點幾乎都由陽明山平菁街的櫻花開始。每年1-2月間，可由士林區至善路3段71巷左轉進入陽明山，沿途可以欣賞到山櫻花開放，櫻花坐落於陽明山寧靜的巷弄內，而平等里內，有許多休閒觀光農園、有咖啡、茶點，可觀賞農作，可以吃農家菜，是休閒好去處。陽明山的櫻花種類有：緋寒櫻(山櫻花)、重瓣緋寒櫻(八重櫻)、吉野櫻、昭和櫻、大島櫻等。(部分資料來源：賞櫻微旅行- 臺北新花漾),室外
258,臺北市,士林區,志成公園,🌳 都會休閒類,臺北市士林區中正路志成公園,,,886-2-28812512,,https://parks.taipei/parks/m2/pkl_parks_m2C.php?sid=79,都會公園類,,,,,"{'PositionLon': 121.5308609008789, 'PositionLat': 25.096609115600586, 'GeoHash': 'wsqqv88n6'}",非古蹟,"{'PictureUrl1': 'https://www.travel.taipei/image/163055', 'PictureDescription1': '志成公園'}",,位於士林中正路，曾有陳前總統墨寶長相思，志成公園巧妙地設置了中國庭園式隔牆，層層相映，極為賞目！公園內到處綠蔭欣欣向榮，且園內有小巧水池、環牆小曲流，是台北新興公園中不錯的休憩處！下次經過中正路時，不妨到此歇歇腳，體會一下鬧中取靜的悠哉吧！遊罷志成公園，可順至對面福林公園，再到福林公園對面的士林官邸，經過綠色奇蹟的洗禮，保證令你神清氣爽！,室外
259,臺北市,士林區,擎天崗,⛰️ 自然生態類,臺北市士林區菁山路101巷246號,,開放空間,886-2-28615404,,https://www.ymsnp.gov.tw/YMSNP_com_tourmap_m.aspx?id=7&aid=13456&sid=13460&n=17919&sms=13461,其他,,森林遊樂區類,,,"{'PositionLon': 121.57418823242188, 'PositionLat': 25.16727066040039, 'GeoHash': 'wsqrnmx9g'}",非古蹟,"{'PictureUrl1': 'https://www.travel.taipei/image/65071', 'PictureDescription1': '擎天崗'}",,擎天崗又稱太陽谷，其位於大屯山群彙的中央，及竹子山、七股山與頂山，磺嘴山之中間按部，地勢平坦，源於竹篙山熔岩所形成的階地。日據時期日本人就在此設置大嶺峙牧場，作為種茶、放牧用途。台灣光復後政府依據原大嶺峙牧場中擎天崗、冷水坑一帶的規劃設置了陽明山牧場。台北市改制為院轄市以後，此牧場即歸屬台北市農會經營。現在在擎天崗可看到放牧的牛隻，是北投、士林，金山等地的農民所寄養的。擎天崗地勢平坦，又有連綿的草原，綠草如茵，是觀察草原景觀最佳的自然教室。青綠綿延的草坡與渾圓矮生的樹叢步道是令人印象深刻，也成為陽明山國家公園中最受民眾歡迎的踏青去處。,室外
260,臺北市,士林區,擎天崗系_坪頂古圳步道,⛰️ 自然生態類,臺北市士林區至善路三段370巷坪頂古圳親山步道至善路登山口,,開放空間,886-2-27593001,,https://www.ymsnp.gov.tw/YMSNP_com_linemap_m.aspx?id=14&aid=13456&sid=13460&eid=13459&n=17943&sms=13458,自然風景類,,體育健身類,,,"{'PositionLon': 121.5867691040039, 'PositionLat': 25.134130477905273, 'GeoHash': 'wsqqyz8bc'}",非古蹟,"{'PictureUrl1': 'https://www.travel.taipei/image/373547', 'PictureDescription1': '擎天崗系_坪頂古圳步道'}",,坪頂為士林平等里的舊地名，位於平等里有兩條古圳以坪頂為名，一是坪頂古圳，一是坪頂新圳，兩處古圳都是超過150年的引水設施，肩負灌溉、飲水、運水三種功能，至今仍是平等里居民所仰賴的民生用水來源。坪頂古圳步道這條親山步道自平等里平菁街95巷起登，沿途上坡、下坡地面佈滿青苔，首先抵達設置打印台的清風亭，這時古圳口就在不遠處了，抵達水道口可見有坪頂古圳的大紅題字，一旁還簡述古圳的開鑿史。步道與水圳並行最後才抵圳道尾端的水渠石洞，其旁讓人目不暇給的水中生態與水域環境，讓山友瞧見圳道處處迷人的風采。坪頂古圳步道生態景觀坪頂古圳步道海拔約300至500公尺範圍內，也就是士林區平等里，地勢北高南低，有內雙溪與內寮溪流經其間，山地丘陵與溪水孕育出豐富的植物生態景觀，最多的要算是姑婆芋、紅楠、無患子、風藤及竹子等，水中生物則有多樣化的昆蟲與爬蟲類，讓山友在探訪步道的同時，也能感受處處是驚奇的豐富之旅。鵝尾山鵝尾山海拔523公尺，位於七股山與竹篙山的連稜間，又有「無尾山」之稱，山勢低緩，山頂上長滿了許多芒草和樹木，景致清幽。從平等里放眼望去，宛若一堆小土丘，山頂平坦渾圓，每當山嵐霧湧堆高，即可見迷濛飄渺的景象。山友可搭乘小18公車於礁坑或礁坑橋站下車後，循至善路三段181巷北行，經371巷20弄15號旁的登山口上登。古圳今流百年風到過外雙溪踏青戲水嗎？今天就沿著溪谷，到上游的內雙溪去瞧瞧，聽說溪流清澈，還有百年古圳伴相隨，真讓人萬分期待，許是又一處令人驚艷的世外桃源。走入竹林夾道的上坡路，青青苔蘚漫佈在石階、路旁的老樹上，間或出現的綠罩路燈也帶有幾分古樸味，這幽靜的綠色隧道恍若時空錯置，也許是要領我們回到百年前的「坪頂」。平等里的舊名是「坪頂」，所以這裡有二條古圳都是以坪頂為名，一是「坪頂古圳」，另一則是「坪頂新圳」，二者的年歲早已超過150年。古圳肩負運輸、灌溉、飲水三大功能，至今仍是平等里居民所仰賴的民生用水來源。過叉路左轉，順著下坡路來到覆滿青苔、古韻猶存的桃仔腳橋，古圳就在不遠處。興之所至，就先溯溪而下到溪谷戲水，反正接下來的路平坦好走，先玩個過癮，然後到小橋旁涼亭休息片刻再出發。首先映入眼簾的是水量最豐沛的登峰圳。這水圳雖然開闢時間最晚，但除了內雙溪以外，還導引沿途的山澗、溪流，以及附近礦坑內的水源，自然取之不盡、用之不竭啦。然後是略為「資深」的新圳，最後一段步道沿水圳而行，最後就會來到圳道尾端的水渠石洞，見到題有「坪頂古圳」的大紅字。水文、生態　處處是驚喜探訪古圳的路途上，還有讓人目不暇給的豐富生態。林蔭茂密，加上豐沛的水域環境，不僅水裡有各種水生動物，溪蝦、溪蟹、小魚、和成群的蝌蚪悠遊其間；濃密森林也孕育出繽紛多樣的昆蟲和爬蟲類動物。像是台灣最大型的無霸勾蜓，在平地鮮少見其蹤影，倒是經常在水圳附近活動。還有杜松蜻蜓、霜白蜻蜓，美麗的豆娘，都活躍於古圳四周。蝶影紛飛也是常見的景象，蛇目蝶多半待在陰暗的環境；鳳蝶和蛺蝶則喜歡陽光露臉的地方。行走步道間，稍微留意一下腳邊，也許會遇到可愛的金龜子、步行蟲，或是鍬形蟲呢。天氣晴朗時抬頭向天，也許就讓你捕捉到大冠鷲或台灣藍鵲飛略而過的身影；其他同屬於保育類的動物，如黑冠麻鷺、台北樹蛙、褐樹蛙、青竹絲、十數種蜻蛉、螢火蟲等，也都選擇在這裡棲息。許多夜行性的動物，白天也許看不到，但仔細觀察，還是有很多有趣發現，像是桃仔腳橋旁的涼亭，石桌上灑滿了黑褐色的糞便，裡面還夾雜著甲蟲、螳螂和蟬的殘骸，蔚為罕見奇觀，這正是台灣葉鼻蝠的傑作，這些黑色排遺顯示，晚上經常有一群台灣葉鼻蝠會在屋頂倒吊休息。所以難得來到古圳步道，你可要睜大眼睛，仔細瞧瞧圳道處處見驚喜的迷人風采！,室外
261,臺北市,士林區,文化大學,🏯 歷史人文類,臺北市士林區華岡路55號,,全天開放,886-2-28610511,,https://www.pccu.edu.tw/,文化類,,,,,"{'PositionLon': 121.53926086425781, 'PositionLat': 25.136539459228516, 'GeoHash': 'wsqqvxyny'}",非古蹟,"{'PictureUrl1': 'https://www.travel.taipei/image/373672', 'PictureDescription1': '文化大學'}",,中國文化大學共有五個校區，總面積115公頃。校本部位於陽明山華岡，毗連國家公園，景象優美、空氣清新、交通便利，校內建築以中國宮殿式建築呈現，外型典雅巍峨。,室內
262,臺北市,士林區,林語堂故居,🏯 歷史人文類,臺北市士林區仰德大道二段141號141號林語堂故居,,展示參觀時間上午九時至下午五時，週一休館。,886-2-28619291,,http://www.linyutang.org.tw,廟宇類,文化類,,,,"{'PositionLon': 121.54695892333984, 'PositionLat': 25.109560012817383, 'GeoHash': 'wsqqvg5cc'}",非古蹟,"{'PictureUrl1': 'https://www.travel.taipei/image/63702', 'PictureDescription1': '林語堂故居'}",,※林語堂故居於民國113年6月1日起 進行閉館整修工程 工期預計2年。1966年林先生返臺定居，這座洋房由他親自設計，結合中國四合院與西方美學建築，藍瓦白牆，拱門迴廊，融合現代感觀及古典之美。地點則是選擇在貌似福建故鄉山景的陽明山，在此，可以聽到親切的閩南話，讓他備感欣慰。他曾經形容這座宅院「宅中有園，園中有屋，屋中有院，院中有樹，樹上有天，天上有月，不亦快哉」，陽台是林先生生前常來的地方；吃完晚飯，林先生最喜歡坐在桌旁的藤椅上，口含煙斗，欣賞夕照沉沒於觀音山際，你也可以來此體驗這樣的閑情。 觀看更多名人故居故事	王大閎建國南路自宅	錢穆故居	孫運璿重慶南路寓所	草山行館	原臺灣軍司令官官邸(孫立人將軍官邸)	摩耶精舍（張大千園邸）,室內
263,臺北市,士林區,社子島島頭濕地,🏯 歷史人文類,臺北市士林區延平北路九段社子島 島頭公園,,全天開放,886-2-27208889,,https://heo.gov.taipei/cp.aspx?n=692B5E1A575E5532,文化類,自然風景類,都會公園類,,,"{'PositionLon': 121.46605682373047, 'PositionLat': 25.10984992980957, 'GeoHash': 'wsqqu50gk'}",非古蹟,"{'PictureUrl1': 'https://www.travel.taipei/image/182626', 'PictureDescription1': '社子島島頭濕地'}",,社子島島頭濕地顧名思義即位於基隆河與淡水河交會的島頭之處，面積雖僅1公頃，但是名副其實，大有看「頭」！此島頭乃是臺北市政府利用基隆河疏濬的土方所填出來的灘地，灘地上綠草如茵，並闢建出石板路與木棧道，方便民眾親近觀景平台。觀景平台總是擠滿了垂釣客，這裡也是觀賞基隆河與淡水河交會及入海的絕佳地點，放眼望去，是270度的壯闊河景，朝右望去有香火鼎盛的關渡宮、氣勢如「紅」的關渡大橋，往左看遠方有巍峨雍容的觀音山，其間不時有小白鷺飛掠點綴，好一幅寫意的山水畫！平台左手邊是茂密的紅樹林濕地，與對岸的關渡自然公園濕地相呼應，退潮後的濕地還可看到探出頭的招潮蟹，共譜一曲紅樹林生態交響曲。,室外
264,臺北市,士林區,社子島環島與二重疏洪道自行車道,🌳 都會休閒類,臺北市士林區延平北路九段社子島 島頭公園,,開放空間,886-2-27258149,,https://heo.gov.taipei/cp.aspx?n=1F4BB3A41B266BB7,文化類,遊憩類,體育健身類,,,"{'PositionLon': 121.46605682373047, 'PositionLat': 25.10984992980957, 'GeoHash': 'wsqqu50gk'}",非古蹟,"{'PictureUrl1': 'https://www.travel.taipei/image/63343', 'PictureDescription1': '社子島環島與二重疏洪道自行車道'}",,社子島位於基隆河與淡水河之交匯處，地質為沙洲型態，該地區處處可見稻田橫亙，菜園綠茵，展現老農村民風純樸的美麗景緻。該地區利用堤頂建設自行車道，吸引許多自行車愛好者前往，社子島沙洲沙尾可以看見基隆河與淡水河交匯波濤澎湃的景象，每當夕陽西下，金黃色落日餘暉揮灑在河面上閃閃動人，遠眺大屯山及觀音山綿延天邊的景緻，教人美不勝收。往南還可銜接百齡橋左岸自行車，這裡有許多大型的各式球場，而且經常可以看見國內外著名的球隊在此練球，騎乘之餘欣賞開闊的運動廣場人群，既充實又熱鬧。二重疏洪道環狀自行車道全長24公里，穿越堤頂道路進入公園區域，不同主題的河濱綠地，可以花上很多時間去探險。,室外
265,臺北市,士林區,社子島迎星碼頭,🌳 都會休閒類,臺北市士林區延平北路七段345號,,,886-2-27208889,,,文化類,遊憩類,,,,"{'PositionLon': 121.49591064453125, 'PositionLat': 25.108110427856445, 'GeoHash': 'wsqqudy97'}",非古蹟,"{'PictureUrl1': 'https://www.travel.taipei/image/100371', 'PictureDescription1': '社子島迎星碼頭'}",,位於社子大橋旁的迎星碼頭是近年來喜愛衝浪朋友的最愛，利用特殊的遊艇製造人工浪，在城市中即可享受滑水、衝浪的快感，不用再到海邊！另外，蔚為亞洲區滑水界的一大賽事-「臺灣盃國際滑水賽」，2017年將迎星碼頭選為比賽場地，吸引大批國際滑水好手前來臺灣比試交流，讓喜愛水上運動的民眾，多了滑水體驗的好去處。,室外
266,臺北市,士林區,福安河濱公園,🌳 都會休閒類,臺北市士林區延平北路七段63巷12弄福安河濱公園,,,886-2-27208889,,,都會公園類,,,,,"{'PositionLon': 121.49359130859375, 'PositionLat': 25.096149444580078, 'GeoHash': 'wsqqu8sgt'}",非古蹟,"{'PictureUrl1': 'https://www.travel.taipei/image/373597', 'PictureDescription1': '福安河濱公園'}",,福安河濱公園鄰近社子島福安碼頭，公園內的社子島堤壁「福安漫遊組曲」，透過幾何化的視覺元素交織堆疊，將社子島在地動植物生態特色提取出來，轉化為具備特色的風格插畫，讓來往的民眾不僅能放慢腳步欣賞，亦能與畫面產生共鳴互動，讓每一段畫面與穿梭於前的人們，成為社子島的共同記憶。,室外
267,臺北市,士林區,福林公園,🌳 都會休閒類,臺北市士林區福林路中山北路五段福林公園,,,886-2-28812512,,https://parks.taipei/parks/m2/pkl_parks_m2C.php?sid=221,都會公園類,自然風景類,,,,"{'PositionLon': 121.52903747558594, 'PositionLat': 25.094810485839844, 'GeoHash': 'wsqqv2qez'}",非古蹟,"{'PictureUrl1': 'https://www.travel.taipei/image/163101', 'PictureDescription1': '福林公園'}",,福林公園位於士林區中山北路與福林路交叉口，於民國80年闢建完成，面積約2.6公頃，呈三角形形狀，為一開放式綜合公園。園中最大特色，係邀請國立藝術學院美術系黎主任志文先生以大自然的景象為主體，設計創作之優雅藝術雕塑。計有太陽、雲、山、瀑布、水、井等六組，係以抽象表現手法，將大自然景觀用象形文字予以立體化造型，除了『水』採用青銅鑄造外，其他五組全部使用天然石材。以大自然的雕塑藝術品貫穿全園區，藉著空間與形色的變化，呈現另一種視覺景觀，遠觀近看各皆有不同效果與美感。福林公園與士林官邸公園只有一條馬路之隔，本公園98年配合周邊停車需求及李科永紀念圖書館的設置進行更新，地下停車場可容納汽車232輛、機車67輛，地面可停靠遊覽車10輛，不僅方便參觀士林官邸的遊客停車，上陽明山賞花、泡溫泉的遊客，也可以把車子停在這裡，再搭公車輕鬆上山，不用再忍受塞車之苦。福林公園園內綠草如茵，走在蒼翠的林間，有如置身於山野田園，在繁華的都會，如此景色已漸成絕響，邀請您來趟視覺景觀之旅吧！,室外
268,臺北市,士林區,臺北市立兒童新樂園,🌳 都會休閒類,臺北市士林區承德路五段55號,,非寒暑假(週一休園)週二至週五 09:00~17:00週六、日 09:00~18:00寒、暑假及連續假期週一至週日 09:00~20:00收假日 09:00~18:00農曆除夕為休園日不對外開放。營運時間如有調整將另行公告。,886-2-28333823,,https://www.tcap.taipei/Default.aspx,遊憩類,,,,,"{'PositionLon': 121.51493835449219, 'PositionLat': 25.097240447998047, 'GeoHash': 'wsqqv0u6p'}",非古蹟,"{'PictureUrl1': 'https://www.travel.taipei/image/65604', 'PictureDescription1': '臺北市立兒童新樂園'}",,由臺北市政府打造的兒童新樂園，占地約5公頃，內有遊樂設施、免費遊戲區及如果兒童劇團負責的兒童劇場，假日還有精彩的免費表演。兒童新樂園是臺北都會區的親子樂園，共有13項遊樂設施，除了全新的水果摩天輪、幸福碰碰車、海洋總動員(音樂馬車)、小飛龍(龍鳳船)、宇宙迴旋(輻射飛椅)、銀河號(小火車)及轉轉咖啡杯以外，更比兒童育樂中心(兒童樂園)新增了6項好玩又有趣的雲霄飛車、飛天巴士、自由落體、海盜船、旋轉小飛機、和迴旋椅。兒童新樂園有4大特色，包含結合悠遊卡的消費模式，持悠遊卡即可驗票入園、搭乘遊樂設施及園內部分商店消費，園內增設悠遊卡加值機等，方便遊客一卡在手、悠遊樂園。此外，園區內設置美食街、便利超商、紀念品商店等20間販賣店；另規劃室內汽機車停車場及多元化室內親子遊戲空間(免費遊戲區、球池及投幣式遊戲機)，讓遊客不論是晴天或是雨天，都能在兒童新樂園盡情遊玩！兒童新樂園北側為基河路臨雙溪，東側為基河路臨美崙公園，南側為士商路臨科學教育館，未來遊客可搭捷運至劍潭站或士林站，再轉搭接駁公車。,室外
269,臺北市,士林區,臺北市立天文科學教育館,🎨 藝文展館類,臺北市士林區基河路363號,,,886-2-28314551,,https://tam.gov.taipei,展覽場館類,,,,,"{'PositionLon': 121.51830291748047, 'PositionLat': 25.0958309173584, 'GeoHash': 'wsqqv0wcv'}",非古蹟,"{'PictureUrl1': 'https://www.travel.taipei/image/246292', 'PictureDescription1': '臺北市立天文科學教育館'}",,主要參觀場域包含：展示場：展示場佔地三層樓，在充滿宇宙氛圍的廣大空間中，透過多媒體互動模型，循序漸進地介紹天文科學知識，並設有兒童學習專區、自主導覽系統等。宇宙探險：宇宙探險是低速運行的軌道車，遊客可在十分鐘的旅程中經歷太陽系、黑洞與外星接觸等難忘的宇宙之旅，下車後還可參觀未來的太空城市。宇宙劇場：宇宙劇場於巨型球幕上放映全天域影片，提供獨特的視聽效果，並有數位星象儀可投映擬真星空。影片片長約40分鐘，映畢有10分鐘的星象介紹。立體劇場：立體劇場於佩戴專用立體眼鏡後，即可欣賞到躍出銀幕的3D立體影像，為兼具教育與娛樂效果的全新體驗。影片片長約40分鐘。天文臺（觀測室）：位於頂樓的天文臺為免費參觀，白天由專人講解望遠鏡並觀測太陽，週六夜間則安排觀賞適合的星體。臺內同時容納人數上限20人，可排隊參觀。,室內
270,臺北市,士林區,臺北數位藝術中心,🎨 藝文展館類,臺北市士林區福華路180號,,每週二至六，11:00-19:00 週日、一休館,886-2-28345066,,http://dac.taipei/,藝術類,,,,,"{'PositionLon': 121.5222396850586, 'PositionLat': 25.105920791625977, 'GeoHash': 'wsqqv63u9'}",非古蹟,"{'PictureUrl1': 'https://www.travel.taipei/image/102581', 'PictureDescription1': '臺北數位藝術中心'}",,臺北數位藝術中心（DAC）成立於2009年，由臺北市政府文化局委託「數位藝術基金會」開始營運，成立之初以數位藝術的研發實驗作為宗旨。2018年起，由「社團法人台灣視覺藝術協會」（簡稱視盟）承接營運，以其豐富的藝術資源與實務經驗推廣展演活動、加強在地連結。DAC提供藝術家工作和展示空間、媒合技術專業人才，以促進優秀數位藝術計畫的實現與展呈。 DAC以推廣數位藝術為目標，每年舉辦6檔展演活動與臺北數位藝術節，規劃25場以上之論壇與工作坊，致力於開拓數位藝術研究與創作資源，以多元型態推動數位藝術發展，為台灣數位藝術重要的國際交流窗口。(資料來源:臺北市政府文化局官網),室內
271,臺北市,士林區,臺北表演藝術中心,🎨 藝文展館類,臺北市士林區劍潭路1號,,週二至週日12:00-21:00（週一休館）,886-2-77563800,,https://www.tpac-taipei.org/,藝術類,,,,,"{'PositionLon': 121.52436828613281, 'PositionLat': 25.085119247436523, 'GeoHash': 'wsqqtqe77'}",非古蹟,"{'PictureUrl1': 'https://www.travel.taipei/image/468041', 'PictureDescription1': '臺北表演藝術中心'}",,臺北表演藝術中心是一個充滿創意和想像的藝文樞紐，致力於將藝術帶入群眾的日常生活，打造一座全民劇場。秉持「Play Different Together」的核心精神，中心強調藝術共樂、人才培育及多元創新，成為臺灣和國際藝術的創意基地。獨特的劇場設計以「3＋1」劇場設計為核心，包含「藍盒子」、「球劇場」和「大劇院」，這些劇場可以獨立運作，也可彼此連結，形成一座多功能的「超級大劇場」。此外，還設有多個排練場和戶外廣場空間，提供觀眾多樣化的表演體驗。參觀回路參觀回路（Public Loop）是臺北表演藝術中心獨特的環狀參觀路線，貫穿整個建築空間。這條路線不僅揭示了舞台的隱藏角落和演職人員平時的來往路徑，還包括可以俯瞰士林地區周邊景觀的開放式觀景平台。透過參觀回路的特殊設計，觀眾可以全方位地體驗北藝中心的空間魅力。體驗北藝臺北表演藝術中心特製的VR虛擬實境由金獎導演精心打造，透過多維度的視角切換，讓參與者在場館內穿梭。這種沉浸式體驗讓觀眾可以更深入了解北藝中心獨特的空間設計。咖啡廳與書店觀看完劇場表演後，也可以在臺北表演藝術中心內的咖啡廳或開放式空間書店，品嚐一杯香濃的咖啡或尋找一本好書，享受這裡寧靜愜意的下午時光，絕對是個不錯的選擇。,室內
272,臺北市,士林區,臺灣戲曲中心,🌳 都會休閒類,臺北市士林區文林路751號,,,886-2-88669600,,https://tttc.ncfta.gov.tw/home/zh-tw,自然風景類,,,,,"{'PositionLon': 121.5196304321289, 'PositionLat': 25.102319717407227, 'GeoHash': 'wsqqv1xzs'}",非古蹟,"{'PictureUrl1': 'https://www.travel.taipei/image/180550', 'PictureDescription1': '臺灣戲曲中心'}",,臺灣戲曲中心 (Taiwan Traditional Theatre Center) 為國立傳統藝術中心位於臺北的展演場館，國光劇團、臺灣國樂團及臺灣音樂館進駐於此，為國內第一個擁有駐團的專業劇場，兼具藝文展演、藝術教育及文化休閒等用途。建築風格採用簡單寫意卻又蘊含無限可能的戲曲美學，將｢一桌二椅」的傳統元素顛倒翻轉，化為凝練經典的時尚新造型，積極探索戲曲與時俱進的當代新意。臺灣戲曲中心致力於活絡產業生態，以｢傳統表演藝術團隊的家」自許，作為表演團隊堅強的後盾，全面提供製作資源、高水準場域設施、前後臺專業服務。園區內設有大、小表演廳兩座專業劇場，3102多功能廳、國際會議廳、視聽室，以及戶外廣場、戲曲平臺等開放性空間，多元靈活的空間提供最合用的舞臺，使傳統表演藝術團隊無後顧之憂，為觀眾帶來極視聽之娛的精彩演出。(資料來源：臺灣戲曲中心官網),室外
273,臺北市,士林區,芝山公園,⛰️ 自然生態類,臺北市士林區雨聲街120號芝山文化生態綠園,,,886-2-28832130,,https://parks.taipei/parks/m2/pkl_parks_m2C.php?sid=682,都會公園類,自然風景類,,,,"{'PositionLon': 121.5318832397461, 'PositionLat': 25.10434913635254, 'GeoHash': 'wsqqvd0g6'}",非古蹟,"{'PictureUrl1': 'https://www.travel.taipei/image/65772', 'PictureDescription1': '芝山公園'}",,位於士林區至誠路一段與雨聲街交叉口，偎依雙溪河畔，是座充滿綠色生態與文化史蹟的大型自然公園。其名稱由來為清康熙年間，福建漳州移民於淡北、士林一帶墾居，因公園地形與福建漳州境內芝山形勢相當因而得名。該公園至少包含大坌坑文化、芝山岩文化、圓山文化、植物園文化等史前文化，及清代、日治及國民政府時期等歷史文化，人文史蹟豐富。公園內有一百年古剎「惠濟宮」，始建於清乾隆17年間，迄今已達260年，民國68年由內政部指定為第三級古蹟，宮內主祀開漳聖王。因公園屬古蹟經長期保護結果，園內仍保留許多老樹，如位於雨農閱覽室旁的三百年樟樹即為此園鎮園之寶。且園內地形與地貌因長時間風化下產生許多自然景觀，如大象石、蛀洞、洋蔥石、石頭公與蛇蛙石等，均是豐富的地質教材。(文字資料來自臺北公園走透透),室外
274,臺北市,士林區,芝山巖惠濟宮,🏯 歷史人文類,臺北市士林區至誠路一段326巷26號,,,886-2-28315656,,https://cloud.culture.tw/frontsite/inquiry/emapInquiryAction.do?method=showEmapDetail&indexId=44726,廟宇類,自然風景類,,,,"{'PositionLon': 121.53079986572266, 'PositionLat': 25.103099822998047, 'GeoHash': 'wsqqv9bh0'}",非古蹟,"{'PictureUrl1': 'https://www.travel.taipei/image/63881', 'PictureDescription1': '芝山巖惠濟宮'}",,在惠濟宮的山腳下，可以看到一個像草原的廣場，上面有著羊群的模型，好像先民在這裡放牧一樣。循著階梯向上，經過林間，昏暗的感覺，旁邊的岩壁上長著青苔，具有古意，在途中經過一個石頭拱門，是芝山的歷史遺蹟，在其後會發覺道路開闊許多，過一個彎，豁然開朗，平坦的路面，與先前的感覺截然不同，惠濟宮，就座落其間。漳州人來到士林，也把他們的守護神「開漳聖王」一塊兒帶來了。傳說芝山原本是富豪黃善的土地，約兩百年前，其漳州府平和縣的親戚黃澄清，帶著開漳聖王的香火來到臺灣，懸掛在芝山上，傳說有神蹟出現，大家就合力湊錢，在1752年搭建了惠濟宮。不久，因祭祀觀音佛祖，又名芝山巖寺。1840年士林士紳的潘永清在芝山巖上創建了文昌祠，聘請老師教育子弟。到了1874年，3座寺廟合併在一起，從此就統稱為惠濟宮了。目前來到惠濟宮，多半是祈求考試可以順利，這裡有隻文昌筆。傳說若是摸了「文昌筆」會得到保佑，因此家長都會帶著小孩來摸文昌筆，祈求考試順利。,室內
275,臺北市,士林區,芝山文化生態綠園,⛰️ 自然生態類,臺北市士林區雨聲街120號芝山文化生態綠園,,開放時間：週二至週日　09:00～17:00 (最後入園時間：16：30)休園：每週一及春節假期,886-2-88666258,,http://www.zcegarden.org.tw/,生態類,文化類,遊憩類,,,"{'PositionLon': 121.53192138671875, 'PositionLat': 25.104280471801758, 'GeoHash': 'wsqqvd0g5'}",非古蹟,"{'PictureUrl1': 'https://www.travel.taipei/image/63844', 'PictureDescription1': '芝山文化生態綠園'}",,芝山岩有發掘出約2500年前先人遺骸的考古探坑，有著許多重要的寶藏，有許多的考古資源，6000年來發展演繹出7個文化層遺跡，是活的考古教室。1896年曾發生反抗日本的義軍襲擊日籍教師事件，史稱「芝山岩事件」，光復後亦曾為情報局的軍事重地。近年在臺北市文化局的規劃下，利用這裡的彈藥庫改建成為展示館，民眾除了在芝山的自然棧道之中，享受自然外，還可以來這展示館，了解芝山的人文背景，探索臺北城最深層的秘密。芝山岩展示館為內，結合芝山的自然生態及地質景觀，1樓是屬於實體的展示室：地層模型，清楚的看到地層的紋路及每一層的變化；全區模型，鳥瞰芝山岩全貌；陶器復原模型，看看先民所用的器具，從粗糙到細緻的演變過程。1樓有許多的解說看板，像是史前考古走廊，介紹考古的歷程及發現，動物及植物的生態、地質解說、生物解說等等，讓民眾了解芝山的故事。2樓是結合多媒體的教室，有DIY教室、動手畫創意，發揮自己的巧思，放映室不定期的生態影片欣賞、觀察小窗。另外這裡還有一間小小主播體驗棚，讓小朋友體驗播報新聞的樂趣。展示館的設置是保存芝山岩文化的第一步，在參觀過程中，喚起大家對這塊土地的重視與感情，才是展示館最重要的價值。,室外
276,臺北市,士林區,花卉試驗中心,🌳 都會休閒類,臺北市士林區台2甲線161號,,,886-2-28616361,,https://parks.taipei/parks/m2/pkl_parks_m2C.php?sid=596,其他,,,,,"{'PositionLon': 121.5457534790039, 'PositionLat': 25.134069442749023, 'GeoHash': 'wsqqvzdbt'}",非古蹟,"{'PictureUrl1': 'https://www.travel.taipei/image/468048', 'PictureDescription1': '花卉試驗中心'}",,花卉試驗中心位於陽明山區，主園區佔地約4公頃餘，風土條件非常適合低海拔溫帶花木的培植。自民國38年開始，中心從事茶花、杜鵑的品種收集、馴化及栽培技術改進等相關研究試驗工作。後於民國92年開放民眾參觀，目前已轉型為一般公園。研究與展示花卉試驗中心將園區長期經營栽培及試驗研究結果公開展示，讓民眾能夠一覽多年的研究成果。園區內規劃有多個主題區域，包括茶花區、香草區、香花區、原生杜鵑區、楓樹區、針葉樹區、吉野櫻區、蕨類海棠溫室及多肉植物溫室。主題區域漫遊各主題區域營造出不同的景觀特色，讓民眾可以輕鬆漫遊，享受季節更替的美感。每個區域展示不同種類的植物，提供豐富的視覺和感官享受，讓參觀者能夠深入體驗大自然的魅力。,室外
277,臺北市,士林區,菁礐古圳,⛰️ 自然生態類,臺北市士林區菁山路131巷菁礐古圳,,,886-2-27593001,,,自然風景類,,,,,"{'PositionLon': 121.56661224365234, 'PositionLat': 25.1444091796875, 'GeoHash': 'wsqrn36hg'}",非古蹟,"{'PictureUrl1': 'https://www.travel.taipei/image/373505', 'PictureDescription1': '菁礐古圳'}",,位於台北市士林區內雙溪上游的菁礐(ㄑㄩㄝˋ)溪長約2.1公里，流域面積450公頃，溪流豐沛、水質清澈，生態多樣，流域行經士林區菁山、平等、公館及溪山等四個里，是士林區的水源頭，菁礐溪從菁礐橋至竹篙嶺橋間，沿線溪岸景色怡人，溪流生態多樣，向來是溯溪愛好者尋幽景點。菁礐溪流路陡，水流急，以往每逢豪大雨，常導致溪岸沖刷土石流失，臺北市政府工務局大地工程處為兼顧流域安全及生態保育，以集水區整體規劃治理，分年分期編列經費整治完成，大地工程處土石流防治科長黃添進說菁礐溪採用多孔隙砌石工法，於沿線設置親水設施，也維持自然生態平衡，目前頗受愛好溯溪人士親臨體驗。大地工程處表示，菁礐溪整治原則係順沿溪流地形，施設親水平台、步道及固床工等有利生物棲息環境。於溪床高落差處，施設長石塊消能。此外，於溪流平坦處設置沉砂池，兼具有防洪蓄水及親水功能。大地工程處指出，菁礐溪整治，自上游(開心農場附近)至下游支流處，分4段整治。最上游開心農場附近之溪溝，採近自然工法設置魚梯，以利魚類迴游及復育，極具生命力。大地工程處說菁礐溪流經福田園農場旁溪溝，在配合現地生態設置親水平台及步道，搭配近自然固床工及護岸，沿線環境優美、水質清澈，近年來漸受溯溪愛好人士經常攜伴到此一遊。續往下游於青礐橋附近，有親水步道，可蓆地而坐，將雙腳浸泡冰涼溪水，傾聽潺潺流水蜿蜒聲，極具寧靜意境。大地工程處強調下游菁礐溪之支流，整治長約280公尺，沿線種植櫻花林，配合親水設施營造休憩空間，每年冬季櫻花盛開，漫步櫻花盛開溪旁，別有一翻詩意。大地工程處推薦，菁礐溪景色多樣，放眼盡是山巒美景，在綠意盎然的山林，非常適合晴天溯溪，伸展筋骨，不妨攜伴親水。沿菁礐溪溯溪而上，不僅享受清澈的溪流，及溪畔林相美景，置身在鳥類、原生植物豐富的溪流環境中，可見穿梭蜻蜓、豆娘，低頭能欣賞石斑、馬口魚、苦花等魚群悠游。其中，菁礐橋至竹篙嶺橋間，更是團體溯溪的新秘境。資料來源：臺北市政府工務局大地工程處,室外
278,臺北市,士林區,華岡博物館,🎨 藝文展館類,臺北市士林區華岡路55號,,,886-2-28610511,,https://hkm.pccu.edu.tw/,展覽場館類,,,,,"{'PositionLon': 121.54061889648438, 'PositionLat': 25.137479782104492, 'GeoHash': 'wsqrj8phm'}",非古蹟,"{'PictureUrl1': 'https://www.travel.taipei/image/192007', 'PictureDescription1': '華岡博物館'}",,華岡博物館之創議，發軔於華岡學府創校之時。創辦人張其昀先生於民國 51 年(1962) 3 月 1 日訂「創校旨趣書」，揭以「高等教育(大學)學術研究(研究院)服務推廣(企業)三者一體」，為興學創業之方針，採取「圖書館與博物館」並重的原則，而有創設博物館之議。華岡博物館籌備時期歷時 8 年之久，前身為民國 52 年(1963)在大成館成立之「中華文物陳列館」、54 年(1965)遷入大仁館，改為「文物博物館」，58年(1969)改名為「國際華學資料展覽館」。為適應此種演進，經歷三度的充實與發展，在文物徵集保管等日常行政方面，先於圖書館內設立博物館，合稱圖書博物館。隨後在中華學術院內設博物館組，專司其事。    民國 60 年(1971)華岡博物館在大義館 6 樓正式成立，為國內第一所大學綜合博物館，亦是最具規模的大學社區博物館。華岡博物館一方面輔助教學，提供通識教育之資源，同時亦發揮社會教育與社區服務之功能。民國 74 年(1985)起，董事長張鏡湖博士決定籌建新的博物館館舍，與圖書館、資訊中心合併統一規劃為曉峰紀念館，87 年(1998)底硬體建設完成，88 年(1999) 3 月 1 日正式啟用，館名沿用「華岡博物館」。華岡博物館的業務，以功能區分為典藏、展覽、推廣教育三大類。歷任館長潘維和、趙振績、陳國寧、陳明湘、吳瑞秀、嵇若昕、劉梅琴館長與同仁的努力推展之下，頗具規模，成為本校一大特色。(資料來源：華岡博物館官網),室內
279,臺北市,士林區,葫蘆國小跨堤人行陸橋,🏯 歷史人文類,臺北市士林區環河北路三段葫蘆國小跨堤人行陸橋,,,886-2-27208889,,,文化類,遊憩類,,,,"{'PositionLon': 121.50692749023438, 'PositionLat': 25.083480834960938, 'GeoHash': 'wsqqsyq9u'}",非古蹟,"{'PictureUrl1': 'https://www.travel.taipei/image/193316', 'PictureDescription1': '葫蘆國小跨堤人行陸橋'}",,位於葫蘆國小附近的跨堤人行陸橋，因其波浪狀起伏的地面、兩側的玻璃橋面及頂部延伸整座陸橋的Z字形鋼筋有別於一般陸橋設計，整體特殊的造型吸引到社群網美及攝影愛好者的注意，使得葫蘆國小跨堤人行陸橋成為了熱門的打卡地標。天橋建議白天日光充足時前往拍攝，可順道至圓山、劍潭、士林、社子島...等周邊景點順遊，來一趟網美美拍一日遊。,室外
280,臺北市,士林區,郭元益糕餅博物館,🎨 藝文展館類,臺北市士林區文林路556號,,每週一至週日09:00 – 17:00春節休假時間：除夕,886-2-28382700#457,,,展覽場館類,,遊憩類,,,"{'PositionLon': 121.5240478515625, 'PositionLat': 25.097570419311523, 'GeoHash': 'wsqqv2g5g'}",非古蹟,"{'PictureUrl1': 'https://www.travel.taipei/image/90334', 'PictureDescription1': '郭元益糕餅博物館'}",,西元1708年，郭元益先祖自福建漳州渡海來臺，於士林橋頭憑著一根扁擔，開創臺灣傳統糕餅歷史的新頁，經過四代的傳奇經營，使百年老店推陳出新，打響了「糕餅世家」的名號。經過百年淬煉，郭元益先生為了保存臺灣糕餅珍貴的歷史資產，創立了臺灣第一座糕餅博物館，陳列「糕餅世家」百年來的歷史，並介紹臺灣傳統糕餅業的演進以及臺灣傳統婚喪喜慶的禮俗，藉此讓世人對臺灣傳統糕餅有更深的認識及瞭解。2002年成立的郭元益糕餅博物館士林館，是繼2001年楊梅館之後設立的，位於郭元益百年老店的原址，郭元益企業總部的四、五樓。除了博物館陳列展示區介紹臺灣糕餅一百年來的歷史演進和婚喪喜慶的傳統習俗外，設有「快樂烘培屋」，邀請參觀者親手做糕餅，體驗有趣的糕餅世界，另外還有「親子活動區」、「戶外親子遊憩區」讓大人小孩都能透過各活動及設施，對臺灣糕餅有更多的認識。,室內
281,臺北市,士林區,錢穆故居,🏯 歷史人文類,臺北市士林區臨溪路72號,,週二至週日9:00 - 17:00，每週一及國定假日休館,886-2-28805809,,http://chienmu.utaipei.edu.tw/?fbclid=IwAR2GRJPaBLLfEnnxW6avG0ln1XoiFNqjlkOsmrvLLK91MhhV8ucFZ1nKzY0,文化類,,,,,"{'PositionLon': 121.54792785644531, 'PositionLat': 25.094160079956055, 'GeoHash': 'wsqqvbk2p'}",非古蹟,"{'PictureUrl1': 'https://www.travel.taipei/image/63706', 'PictureDescription1': '錢穆故居'}",,※「錢穆故居」於民國113年06月01日起，正式閉館整修，暫停對外開放。工程預計需時兩年。「素書樓」為國學大師錢穆先生生前居所。民國五十六年(1967)，錢先生及夫人自香港來台覓地建屋，得外雙溪今址。為紀念母親生養之恩，錢先生以無錫七房橋五世同堂故居裡，母親居所之「素書堂」作為隱居終老處所之名。樓庭院內的一磚一石、一草一木都是主人多年的心血。錢先生在台期間講學著述不斷，錢先生在課堂上總是神采飛揚，讓聽者能領略中國文化之博大精深，而深受感動，因此素書樓的講堂每每座無虛席。民國七十九年(1990錢先生因故遷出素書樓，不幸在三個月後溘然長逝。民國八十一年(1992)元月六日，政府為紀念錢穆先生，將「素書樓」闢為「錢穆先生紀念館」，並交由台北市立圖書館管理。民國九十年(2001)台北市政府將「素書樓」轉交文化局管理。民國九十年(2001)十二月三十一日，文化局將改名為「錢穆故居」之「素書樓」委託東吳大學經營，民國一百年(2011)一月一日改委託臺北市立大學(原臺北市立教育大學)經營管理。臺北市立大學為重現「素書樓講堂」宏揚中國傳統文化的盛況，在故居開辦一系列與傳統歷史文化相關之講座以享社會大眾。  觀看更多名人故居故事	王大閎建國南路自宅	孫運璿重慶南路寓所	草山行館	林語堂故居	原臺灣軍司令官官邸(孫立人將軍官邸)	摩耶精舍(張大千園邸),室內
282,臺北市,士林區,閻錫山故居,🏯 歷史人文類,臺北市士林區永公路245巷34弄273號,,周二至周日10:00-17:00（週一休館）,886-2-28626853,,,文化類,自然風景類,,,,"{'PositionLon': 121.56051635742188, 'PositionLat': 25.134069442749023, 'GeoHash': 'wsqqypt8t'}",非古蹟,"{'PictureUrl1': 'https://www.travel.taipei/image/376105', 'PictureDescription1': '閻錫山故居'}",,閻錫山(1883-1960)，字伯川，一生經歷了同盟會反清、辛亥革命、洪憲帝制、民國創立、中原大戰、國共合作、抗日戰爭、國共內戰，直至國民黨遷台，幾乎經歷了所有中國近代重大歷史事件，是中國近代史上相當重要人物之一。曾擔任國民政府遷台前的行政院長兼國防部長，卸任後率部屬隱居在陽明山。隱居在陽明山的最後十年，一心研究著述完成《世界大同》《三百年的中國》，是位立德、立功、立言三不朽的儒學實踐者。晚年因懷念家鄉並基於軍事防衛需要，選擇可居高臨下俯視淡水河口與台北盆地的防風山坡上，建造石頭屋「種能洞」及「紅磚屋」。「種能洞」採山西窯洞建築，更融合中、日、西三式建築特長，建築年代、規模格局均與一般古蹟大不相同；是閻氏故居主體建築，是閻氏親自命名，呈現他以種能觀察宇宙變化的「宇宙觀」。這座碉堡式的民居，成為這位近代史上重要人物的最後歸宿。「紅磚屋」則作為防空洞使用，外牆厚達三尺，門窗處還有加厚鋼板，並有偽裝棚、哨兵瞭望等設計。「紅磚屋」及「種能洞」在2004年公告指定為市定古蹟「閻錫山故居」，鄰近的閰錫山墓也於2010年公告指定為古蹟。,室內
283,臺北市,士林區,陽明山國家公園_冷水坑,⛰️ 自然生態類,臺北市士林區菁山路101巷170號,,,886-2-28610036,,https://www.ymsnp.gov.tw/YMSNP_com_tourmap_m.aspx?id=6&aid=13456&sid=13460&n=17918&sms=13461,國家公園類,都會公園類,溫泉類,,,"{'PositionLon': 121.56401062011719, 'PositionLat': 25.165590286254883, 'GeoHash': 'wsqrnm20n'}",非古蹟,"{'PictureUrl1': 'https://www.travel.taipei/image/63378', 'PictureDescription1': '陽明山國家公園_冷水坑'}",,冷水坑溫泉位在七星山與麻瘋山（七股山）間的東側谷地，原是一標準的爆裂口，後遭天然侵蝕及人為開墾，僅剩下不明顯的凹谷外形，主要的岩石為凝灰石角礫岩及紫蘇輝石角閃石安山岩，泉源附近岩質大部分受熱液換質作用，呈黏土化。冷水坑地底湧出的泉水約在攝氏40度左右，遠低於其它溫泉區水溫因而得名。這裡也是台灣唯一的沉澱硫磺礦床，泉水呈現乳白色，因而被稱為牛奶池。冷水坑溫泉是地下水間接傳導加熱而成的，有中性碳酸氫鹽泉及弱酸性硫酸鹽泉兩種不同泉質。附近的涓絲瀑布與夢幻湖生態保護區也是熱門景點之一，在這麼天然的環境中，常常會碰上自然界的朋友，常見的有長腳赤蛙、尖鼻赤蛙（叫聲如鳥鳴的斯文豪氏赤蛙），以及滿身痔瘤的盤古蟾蜍，和一些蛇類和爬蟲類，在顧慮安全之餘外，基於尊重環境，也請不要去打擾它們喔。,室外
284,臺北市,士林區,陽明山夜景,⛰️ 自然生態類,臺北市士林區凱旋路61巷4弄35號,,全天開放,886-2-28613601,,,地標景觀類,自然風景類,自然風景類,,,"{'PositionLon': 121.53810119628906, 'PositionLat': 25.13351058959961, 'GeoHash': 'wsqqvxmm7'}",非古蹟,"{'PictureUrl1': 'https://www.travel.taipei/image/65469', 'PictureDescription1': '陽明山夜景'}",,陽明山的夜景在臺北市頗負盛名，隨著仰德大道直上，沿路都可欣賞到臺北市夜晚燦爛星空與閃爍燈海相映的景象，觀賞夜景的好地方還包括白雲山莊、竹子湖觀景台、永公路前、林語堂故居，及繞過陽明山公園往頂湖或北投地區之處。另外，二子坪遊憩區、擎天崗由於視野遼闊，一望無際，也十分適合觀星賞月。極具代表性的則是文化大學後山，因為離臺北盆地近，加上角度夠陡，如同俯身看夜景般，有種讓人瞬間就墜入萬家燈火夢境裡的感覺。,室外
285,臺北市,士林區,陽明山美軍俱樂部 Brick Yard 33 1/3,⛰️ 自然生態類,臺北市士林區凱旋路49號,,,886-2-28618282,,http://www.by33.com.tw/,遊憩類,自然風景類,遊憩類,,,"{'PositionLon': 121.54341888427734, 'PositionLat': 25.135530471801758, 'GeoHash': 'wsqqvzc1n'}",非古蹟,"{'PictureUrl1': 'https://www.travel.taipei/image/89021', 'PictureDescription1': '陽明山美軍俱樂部 Brick Yard 33 1/3'}",,陽明山美軍俱樂部位於文化大學旁美軍宿舍群內，在1950~1960年代駐台美軍及其眷屬社區的重要社交活動空間，這裡原本是陽明山聯誼社舊址的場地。在台北市文化局推動「老房子文化運動」的媒合下，鈺德科技接下了重建陽明山美軍俱樂部的任務，將這裡變成一個結合文創展演和餐廳的藝文空間，平日有免費開放參觀的時段，假日則需入內消費，是一個富有文化歷史意義的地方。(部分資料來源：陽明山美軍俱樂部官方網站),室外
286,臺北市,士林區,雙溪公園,⛰️ 自然生態類,臺北市士林區福林路307號,,,886-2-28812512,,https://parks.taipei/parks/m2/pkl_parks_m2C.php?sid=469,都會公園類,自然風景類,,,,"{'PositionLon': 121.53610229492188, 'PositionLat': 25.098499298095703, 'GeoHash': 'wsqqv95ck'}",非古蹟,"{'PictureUrl1': 'https://www.travel.taipei/image/105598', 'PictureDescription1': '雙溪公園'}",,雙溪公園因外雙溪與內雙溪從北向南延流，並在士林匯流而得名，地處於福林路與至善路的交叉口，是士林往陽明山、故宮及內、外雙溪的必經之地，民國63年闢建完成，開放區域約2公頃，是一座自然山水景觀的園林。園內地形平坦，呈三角形，仿照中國庭園格局佈置，呈現自然風貌，園內迴廊與池中心之涼亭、水榭、石洞、九曲橋、假山瀑布相互連結，雙溪公園不僅俱有現代的美感又保有古樸之美，是鬧中取靜值得一遊的公園。,室外
287,臺北市,士林區,雙溪生活水岸自行車道,⛰️ 自然生態類,臺北市士林區福林路雙溪河濱公園,,開放空間,886-2-27258149,,https://heo.gov.taipei/cp.aspx?n=91B06D74F48EA0A4,遊憩類,自然風景類,,,,"{'PositionLon': 121.52802276611328, 'PositionLat': 25.09992027282715, 'GeoHash': 'wsqqv3q18'}",非古蹟,"{'PictureUrl1': 'https://www.travel.taipei/image/96282', 'PictureDescription1': '雙溪生活水岸自行車道'}",,從陽明山國家公園發源的雙溪，流經東吳大學之後，轉往公路北側，河濱綠地公園也由此綿延展開，河濱自行車道順勢闢建於左右兩岸，成為臺北市河川單車路網中，最貼近住宅區也維護得極為完善的短小精緻路徑。景色優美的雙溪河畔，引領平日生活繁忙的都市人，找到一條解放疲憊身心的綠色隧道，由雙溪左岸在銜接百齡橋右岸自行車道，百齡橋右岸河濱公園是玩橄欖球愛好者聚集之處，也常見足球隊伍相互較勁，單車族群也可加入這片青青草原，一路踏騎到承德橋下，順路造訪臺北市最後舢舨碼頭「三腳渡」。,室外
288,臺北市,士林區,順益台灣原住民博物館,🎨 藝文展館類,臺北市士林區至善路二段282號,,週二至週日09:00~17:00，遇國定假日開放參觀。公休日：週一暨每年農曆春節假期,886-2-28412611,,https://www.museum.org.tw/?fbclid=IwY2xjawE6aLVleHRuA2FlbQIxMAABHbUqGA_qPRfHV4SBk_cRY-RCXO3TQdG9_1QK20bUnexfBNwlS_7V-bIKig_aem_E7PML6YjzSqvRGmv4aigiA,展覽場館類,自然風景類,,,,"{'PositionLon': 121.55197143554688, 'PositionLat': 25.100969314575195, 'GeoHash': 'wsqqvcrrw'}",非古蹟,"{'PictureUrl1': 'https://www.travel.taipei/image/161457', 'PictureDescription1': '順益台灣原住民博物館'}",,順益台灣原住民博物館，是國內第一座以原住民為主題的私人博物館。行經過它的時候，你很難忽略那特殊的建築造型──沉穩的灰色梯形建築，整面玻璃窗的彩繪裝飾，正中央矗立著刻滿原住民圖騰的石柱，帶著點神秘的氣息，彷彿有種魔力，召喚邀請著人們，快快大步邁入台灣原住民的精采世界。博物館內的典藏文物共有4個主題，詳敘台灣原住民各族的分佈區域，以及建築、工藝、狩獵器具……等傳統日常生活物件的介紹，還有各族美麗的傳統服飾，與原住民族最重要的祖靈信仰。館方也會不定期舉辦各種相關活動及課程，讓民眾能以更活潑而輕鬆的方式，親自體驗原住民的文化，領略他們崇敬祖靈、與自然山川共生息的生活智慧。,室內
289,臺北市,大同區,Art Space 金魚空間,🎨 藝文展館類,臺北市大同區承德路二段1巷20號,,周三至周日 13：00～18：00，周一、周二及換展休館,886-975-123-960,,,其他,,,,,"{'PositionLon': 121.51854705810547, 'PositionLat': 25.053529739379883, 'GeoHash': 'wsqqt0z57'}",非古蹟,"{'PictureUrl1': 'https://www.travel.taipei/image/103006', 'PictureDescription1': 'Art Space 金魚空間'}",,日本人2012年於台北開設的主要是舉辦日籍藝術家的展覽的藝廊。「Kin Gyo」和「Koo Kan」分別是「金魚」和「空間」的日文發音。本藝廊始終堅持專為具有紮實素描等的美術基礎的藝術家提供一個空間，展示略顯不協調但令人怦然心動且獨一無二的原創作品。(資料來源:Art Space 金魚空間),室外
290,臺北市,大同區,保密局北所(舊址),🏯 歷史人文類,臺北市大同區伊寧街46 之1號,,,886-2-22182438,,https://tcmb.culture.tw/zh-tw/detail?indexCode=Culture_Place&id=112571,古蹟類,,,,,"{'PositionLon': 121.51170349121094, 'PositionLat': 25.064659118652344, 'GeoHash': 'wsqqt4fh5'}",非古蹟,"{'PictureUrl1': 'https://www.travel.taipei/image/362267', 'PictureDescription1': '保密局北所(舊址)'}",,原址最初為日治時期1917年鹿港辜家投資的「株式會社高砂鐵工廠」（高砂鑄造株式會社），之後由辜顯榮的媳婦辜顏碧霞（辜岳甫之妻）負責工廠運作事務。戰後，國民政府接收，工廠因辜顏碧霞涉案通匪被強制關閉。而後改由國防部保密局使用，是1950年代白恐初期，作為政治犯偵訊監獄重點要地。,室外
291,臺北市,大同區,十方樂集音樂劇場,🏯 歷史人文類,臺北市大同區民族西路187巷4號,,週一至週五　9:00-18:00,886-2-25935811,,https://musforum.com.tw,文化類,,,,,"{'PositionLon': 121.5147476196289, 'PositionLat': 25.068979263305664, 'GeoHash': 'wsqqt5sm6'}",非古蹟,"{'PictureUrl1': 'https://www.travel.taipei/image/102576', 'PictureDescription1': '十方樂集音樂劇場'}",,十方樂集音樂劇場，適合舉辦打擊演奏會、獨奏會/獨唱會、室內音樂會、發表會、多媒體實驗音樂劇場演出。另外，也適合舉行正式典禮與各類講座。牆壁隔間為專業隔音建材，厚實堅固，徹底隔絕外部環境噪音。劇場內部裝潢，為高級實木橡木建材，反響效果良好，可以製造聲線清晰的音場。為了表現音樂中「休止符」、「極弱音量」的美感，空調系統是十方樂集音樂劇場之重要設計之一，完全沒有一般小型表演場地、多功能中大型表演場地空調風管之風切噪音。觀眾席為階梯式坐席，使用活動式折疊座椅，可以依照每個表演團隊的需求靈活運用空間，約可容納100人。1997年，留法打擊樂家徐伯年老師及鋼琴家羅玫雅老師，帶著對藝術的滿腔熱情，回到台灣-這塊他們深愛的土地上，想要開闢一個人文藝術的花園。有鑑於當時台灣可供專業音樂人表演的場地實在不多，尤其是適合演奏'現代音樂'的場地更少，於是他們選定位於台北市大同區一個小巷子裡面的工廠，把它改造為台灣第一個民營的藝術殿堂。挑高三米六的小型音樂劇場，擁有黃金比例的聲響空間，為了讓這裡成為音樂人的家，音樂劇場外面設有瑪多咖啡廳，供應咖啡美酒與餐點，以美食拉近人與音樂藝術的距離。如今，十方樂集音樂劇場已經成立二十多年了，接待過無數國際級的大師，也與無數留學回國的新銳音樂家們合作。這裡是許多專業音樂人及金曲獎得主，製作專輯、錄製唱片的地方；這裡是很多音樂教師心目中，舉辦師生音樂會的最佳選擇；這裡是台灣當代作曲家發芽生根茁壯的園地，舉辦現代音樂論壇；這裡有滿滿對藝術的愛和情感。這裡的故事，歡迎您跟我們一起，繼續傳講下去。(資料來源:十方樂集),室內
292,臺北市,大同區,台北地下街,🛍️ 商圈市集類,台北市大同區重慶北路一段1之1號10樓,,星期一~五  11:00-21:30星期六~日  11:00-22:00,886-2-25594566,,http://www.taipeimall.com.tw/zh-TW,其他,,,,,"{'PositionLon': 121.5138931274414, 'PositionLat': 25.049560546875, 'GeoHash': 'wsqqt05sq'}",非古蹟,"{'PictureUrl1': 'https://www.travel.taipei/image/491993', 'PictureDescription1': '台北地下街'}",,台北地下街位於臺北市中正區，屬於臺北車站地下街系統的重要組成部分，連接臺北車站、臺北捷運以及周邊商圈，是臺灣具有相當規模的地下街之一。作為臺北市的交通樞紐，它不僅是旅客的必經之地，還是集購物、休閒與娛樂於一身的多功能場所，深受遊客們喜愛。地下街的店鋪琳瑯滿目，涵蓋時尚服飾、電子產品、文創商品、手工藝品等多樣商品。對於動漫迷來說，台北地下街更是必訪聖地，擁有眾多動漫周邊專賣店，吸引大批粉絲前來尋找珍貴的收藏品或最新的動漫周邊商品。每年八月，台北地下街會舉辦「浴衣祭」，帶來濃厚的日本風情。場地特別布置成日式主題場景，讓遊客可以體驗穿浴衣的樂趣，還有各式日式元素可供拍照打卡，成為夏季人氣極高的活動之一。除了購物，台北地下街也設有豐富的娛樂設施，包括遊戲機台和扭蛋機等，成為親子同遊的理想場所。,室內
293,臺北市,大同區,台北大橋,🌳 都會休閒類,臺北市大同區環河北路二段5號,,開放空間,886-2-29603456,,,遊憩類,,,,,"{'PositionLon': 121.50778198242188, 'PositionLat': 25.06352996826172, 'GeoHash': 'wsqqsfxm8'}",非古蹟,"{'PictureUrl1': 'https://www.travel.taipei/image/362266', 'PictureDescription1': '台北大橋'}",,1889年8月，由首任台灣巡撫劉銘傳興建完工，連結了三重埔（今三重區）與台北大稻埕埠頭。1895年稱該橋為淡水橋，在當時是大龍峒和大稻埕一帶的重要轉口港。1947年2月27日發生天馬茶房緝私煙事件，隔日2月28日發起遊行抗議，就是在目前台北大橋橋頭集結出發。,室外
294,臺北市,大同區,台北當代藝術館,🎨 藝文展館類,臺北市大同區長安西路39號,,每周一休館，每周二至周日開放時間為10:00 - 18:00，且售票於當日17:30停止服務。,886-2-25523721,,http://www.mocataipei.org.tw/,藝術類,,,,,"{'PositionLon': 121.5189208984375, 'PositionLat': 25.05072021484375, 'GeoHash': 'wsqqt0r7h'}",非古蹟,"{'PictureUrl1': 'https://www.travel.taipei/image/63661', 'PictureDescription1': '台北當代藝術館'}",,台北當代藝術館為古蹟建築，紅磚表面，木造屋架，垂直長條型的窗，黑瓦洋風斜屋頂，在日本時期是臺北市建成小學校校舍，臺灣光復後為臺北市政府辦公處，1994年臺北市政府遷往信義計畫區，市府大樓正面建築作為美術館使用，東、西側兩翼部份為建成國中校舍。美術館名稱本為「臺北第二美術館」，後由「北美館」獨立出來，在2000年正式更名為「台北當代藝術館」，展示各種當代藝術作品。為更讓民眾理解作品內涵，館內提供免費語音導覽下載、免費語音導覽借用、免費團體導覽服務，週末有座談會、系列演講、工作坊活動，不時舉辦研習營，歡迎民眾報名參加。,室內
295,臺北市,大同區,台北霞海城隍廟,🏯 歷史人文類,臺北市大同區永昌街27號,,每日早上6:16分至晚上7:47時，全年無休。(除公告之颱風、天然災害外),886-2-25580346,,http://www.tpecitygod.org/hot-news.html,廟宇類,自然風景類,,,,"{'PositionLon': 121.51016998291016, 'PositionLat': 25.055599212646484, 'GeoHash': 'wsqqt11p2'}",非古蹟,"{'PictureUrl1': 'https://www.travel.taipei/image/208666', 'PictureDescription1': '台北霞海城隍廟'}",,位於迪化街一段的霞海城隍廟，建於西元1856（咸豐六年），占地約46餘坪，雖沒有巍峨之廟貌，然其信仰圈極廣、香火鼎盛，每逢迎神賽會總是熱鬧非凡、蔚為地方大事，與大稻埕的地方發展息息相關。城隍廟內主祀霞海城隍老爺，從祀二判官（文、武判）、謝范二將軍（七、八爺），配祀三十八義勇公。城隍夫人、八司官、八將軍、馬使爺、及月下老人等，這座著名的古廟，目前有200尊左右的神像，是臺灣神像密度最高的廟。在霞海城隍廟中，除了城隍爺之外，最吸引遊客的，莫過於拜月老，每年帶著禮餅來答謝者超過6000對，而其中最搶手的就是馭夫鞋（又名幸福鞋），是臺北市有名的「愛情御守」，平均每年到霞海城隍廟「求鞋」民眾更超過200對家庭。相傳城隍爺和城隍夫人相差約70歲，「老夫疼少妻」下，民間深信這對「神仙伴侶」可為家庭帶來幸福，造就了「馭夫鞋」的由來。城隍廟在坊間傳說中，還有著1段神蹟故事。1884年，中法戰爭時，法軍來攻臺灣，當時的臺北人來此虔誠祈禱霞海城隍爺的保護。城隍爺果然大顯靈赫，最終法軍只到五堵為止就被擊敗，未能攻佔臺北，所以民間都尊稱霞海城隍為威靈公。,室內
296,臺北市,大同區,台灣基督長老教會大稻埕教會,🏯 歷史人文類,臺北市大同區甘州街38號,,需先以電話洽詢,886-2-25539741,,http://www.tttchurch.org.tw/aboutus.html,廟宇類,自然風景類,遊憩類,,,"{'PositionLon': 121.51261138916016, 'PositionLat': 25.05954933166504, 'GeoHash': 'wsqqt1fy3'}",非古蹟,"{'PictureUrl1': 'https://www.travel.taipei/image/65660', 'PictureDescription1': '台灣基督長老教會大稻埕教會'}",,台灣基督長老教會大稻埕教會由臺灣近代史重要人物李春生先生捐地獻建，教堂坐落於大稻埕老市區，主體建築樣式據悉為李春生先生參考福建廈門一帶，西方傳教士所建之教堂，以宏揚教義，氣質典雅；以加強磚造為主結構，採質地優良的大正初年清水紅磚砌成，施工品質優良，立面佐以中西特色之藝術裝飾。因當時民風保守，禮拜堂男女分坐，並各由左、右入口進出，種種特徵事蹟，見證了十九世紀末迄廿世紀初年，臺北地區基督教發展過程。古蹟建築樣式雖模仿西方教堂圖樣建造，但立面洗石子裝飾，仍然呈現出臺灣傳統圖案，融會中西風格，建築尺度莊重可親，有其自創特色，在臺灣近代建築中，誠屬罕見，獲古蹟界高度評價，列為臺北市第一百處古蹟。教堂裡更隱藏了由25個大大小小的鐘組成「音樂鐘」，每天中午12點定時播放音樂鐘聲，7種不同的鐘聲輪流播放，如果您剛好路過於此，不妨佇足聆聽一下喔！欣賞完大稻埕教會建築之美，也可以一同走訪鄰近的慈聖宮和小吃街哦！(部份內容摘自臺北市文化局網站),室內
297,臺北市,大同區,台灣省政治建設協會辦公處(舊址),🏯 歷史人文類,臺北市大同區延平北路二段88號十四樓號,,,886-2-23326228,,,古蹟類,自然風景類,,,,"{'PositionLon': 121.51155090332031, 'PositionLat': 25.056039810180664, 'GeoHash': 'wsqqt1640'}",非古蹟,"{'PictureUrl1': 'https://www.travel.taipei/image/362270', 'PictureDescription1': '台灣省政治建設協會辦公處(舊址)'}",,二二八事件爆發後，台灣省政治建設協會積極於政府與民眾間協調，並參與處理委員會，於3月8日協會發布「告同胞書」，提出政治改革原則與方針。鎮壓開始後，官方以共產組織與煽惑民眾反叛為由，逮捕、殺害協會成員。協會以台北市大同區延平北路二段三民書局二樓為事務所，一樓為三民書局，蔣渭川也因為參與協助長官公署調解處理二二八事件，被列為逮捕對象。,室外
298,臺北市,大同區,國立臺灣博物館_鐵道部園區,🎨 藝文展館類,臺北市大同區延平北路一段2號,,,886-2-25589790,,https://www.ntm.gov.tw/submenu_373.html,展覽場館類,古蹟類,,,,"{'PositionLon': 121.51138305664062, 'PositionLat': 25.048830032348633, 'GeoHash': 'wsqqt01bh'}",非古蹟,"{'PictureUrl1': 'https://www.travel.taipei/image/207889', 'PictureDescription1': '國立臺灣博物館_鐵道部園區'}",,國定古蹟臺灣總督府鐵道部位於忠孝西路、塔城街、鄭州路、延平北路間，屬國營臺灣鐵路股份有限公司管轄。1885年臺灣巡撫劉銘傳聘請英國與德國顧問，於淡水河碼頭內建造機器局，組裝槍砲彈藥及鑄造貨幣，內有鎔鐵所、鍛工場等。1895年日本軍方接收機器局，改為臺北兵器修理所，製造並修理陸軍所管兵器，可製造彈丸、信管、小銃丸及藥筴、船舶、鐵道鐵橋等，之後改稱為臺灣砲兵工廠，1900年由陸軍省移交鐵道部，同年改為臺北工場。1908年臺灣西部縱貫鐵路開通，鐵路交通運量與車輛維修需求大增，1909年臺北工場向東擴張，新建車輛修理工場、塗工場。1915年起拆除基地南邊原有建物，1918年新建鐵道部廳舍，與臺北工場並存，成為南廳舍、北工廠配置，直到1934年臺北工場搬遷至松山(今國定古蹟臺北機廠)為止，街廓內原有將近四十棟建物，歷經2005年興建捷運以及2013古蹟修復拆除不保存者，目前尚餘十棟，其中包含八處法定文化資產：鐵道部、食堂、八角樓男廁、電源室、工務室、戰時指揮中心、清代機器局遺構以及臺北工場(不在鐵道部園區範圍內)。戰後鐵道部改為臺灣鐵路管理局。因都市計畫劃道路塔城街於1967年開通，切斷與西側鐵道部官舍群連結形成今日所見的街廓。1992年臺北市政府指定鐵道部廳舍為三級古蹟，1993年臺鐵總局遷移至臺北車站新廈。2005年文建會委託東海大學、中原大學進行古蹟調查研究及再利用規劃，2006年交通部與臺灣鐵路管理局，以及文建會與國立臺灣博物館簽訂臺灣博物館系統聯盟協議書，鐵道部古蹟修復再利用工作正式開始，以「鐵道部博物館園區」為基礎概念，目標為建置現代性展示主題之複合使用園區，並整合周邊都市及歷史涵構。2007年文建會指定為國定古蹟，並納入八角樓、食堂、電源室、工務室、戰時指揮中心為古蹟範圍，臺北工場及清代機器局遺址則分別由臺北市於2008年及2010年指定為市定古蹟，2009年起由臺博館代管此區土地建物。規劃中的鐵道博物館展示主題將主要架構在古蹟與基地、鐵道文化及現代性等相關議題之上，未來也將涉及整合西側原機器局工廠範圍內E1E2街廓。(資料來源：國立臺灣博物館),室內
299,臺北市,大同區,國際書局(舊址),🏯 歷史人文類,臺北市大同區延平北路一段155號,,,886-2-27208889,,,古蹟類,,,,,"{'PositionLon': 121.51188659667969, 'PositionLat': 25.05377960205078, 'GeoHash': 'wsqqt0fkb'}",非古蹟,"{'PictureUrl1': 'https://www.travel.taipei/image/362271', 'PictureDescription1': '國際書局(舊址)'}",,謝雪紅早年由上海大學後赴莫斯科留學，因奉共產國際指示，回台發展組織，為掩護身決定經營書局同時引入共產思想。1929年國際書局創立，主要販賣左派思想書刊，同時也做為左翼台共的秘密聯絡點。在二二八事件中，國際書局扮演台共重要的聯絡渠道，與二七部隊組織和相關革命團體有著直接或間接的關係。,室外
300,臺北市,大同區,大橋教會(枋隙教會原址),🏯 歷史人文類,臺北市大同區迪化街二段67號,,星期一  休息星期二  休息星期三  09:00–18:00星期四  09:00–18:00星期五  09:00–18:00星期六  13:00–19:00星期日  09:00–18:00,886-2-25974784,,https://sites.google.com/view/pctc0267/%E9%A6%96%E9%A0%81,廟宇類,遊憩類,,,,"{'PositionLon': 121.50965118408203, 'PositionLat': 25.064950942993164, 'GeoHash': 'wsqqt4btu'}",非古蹟,"{'PictureUrl1': 'https://www.travel.taipei/image/337301', 'PictureDescription1': '大橋教會(枋隙教會原址)'}",,清法戰爭期間台灣社會瀰漫一股排外氣氛，馬偕博士的教堂也因此受到暴徒的反對而被拆毀。枋隙教會即為馬偕博士於1885年出面交涉，使用由劉銘傳欽差賠償的墨銀一萬兩，所建造的四所尖塔禮拜堂之一。馬偕博士認為枋隙教會是他設計的多所教堂中最美麗的石造教堂。1915年因信眾人數增多，教堂空間不敷使用，李春生長老獨資奉獻大稻埕新禮拜堂，由此枋隙教會的信徒則移轉到新址聚會，教會也隨之改稱為大稻埕教會。而枋隙舊址則先後出租為日語傳習所及寶香齋糕餅工廠之用。而後閒置至1950年代時，孫理蓮牧師娘見此地荒廢可惜，便鼓勵台灣基督長老會於此地重建教會。最終在1956年新教堂竣工並開始聚會，名為大橋教會。教堂本體經歷多次重建，如今只存北側建物及外側石牆為枋隙教會原建築體，為北市唯一遺留馬偕傳教之實體見證。仍可見到用唭哩岸岩堆砌成的厚實石牆，以及具古典特色的尖拱門窗。教堂南側則可見到糕餅工廠時期用洗石子工法建造的仿羅馬柱及花瓶欄杆，和清水紅磚堆砌而成的空花欄杆。下次經過時，不妨進來看看經歷時代風霜的文化建築們。,室內
301,臺北市,大同區,大稻埕公園,🌳 都會休閒類,臺北市大同區歸綏街243號大稻埕公園,,開放空間,886-2-27208889,,https://parks.taipei/parks/m2/pkl_parks_m2C.php?sid=478,都會公園類,,,,,"{'PositionLon': 121.5103530883789, 'PositionLat': 25.058610916137695, 'GeoHash': 'wsqqt1c0u'}",非古蹟,"{'PictureUrl1': 'https://www.travel.taipei/image/213874', 'PictureDescription1': '大稻埕公園'}",,大稻埕公園位於歸綏街216號對面，鄰近為迪化街年貨大街，逢年過節時，有著濃厚之過節氣氛，平日也有豐富之南北雜貨飄香氣味；係因鄰近李臨秋先生故居，故文化局於園內設置李臨秋先生生平簡介播放機組，提供來往民眾觀看。(資料來源：公園走透透臺北新花漾),室外
302,臺北市,大同區,大稻埕慈聖宮,🏯 歷史人文類,臺北市大同區保安街49巷17號,,,886-2-25539978,,,廟宇類,,,,,"{'PositionLon': 121.51217651367188, 'PositionLat': 25.06024932861328, 'GeoHash': 'wsqqt446w'}",非古蹟,"{'PictureUrl1': 'https://www.travel.taipei/image/66073', 'PictureDescription1': '大稻埕慈聖宮'}",,大稻埕慈聖宮俗稱大稻埕媽祖宮，供奉天上聖母，即俗稱的媽祖或天后，是航海的守護神，與法主宮、霞海城隍廟共稱大稻埕三大廟宇。正門上的對聯寫著：「第一門開觀音山拱秀，數千艇聚奎府水流輝」，點出慈聖宮位址今昔之變遷。同治五年(西元1866年)時，慈聖宮原本建於今日的西寧北路和民生西路交界處，廟前正是貿易對渡碼頭，可望由南向北流的淡水河岸，而八里的觀音山就橫亙在慈聖宮右前方。1910年日本官府實施市區改正，拆除廟宇，當地同安人士乃集資遷移至延平北路現址，並利用原始的樑柱與石材重建廟寺，1914年重建完成，原貌留存至今。(資料來源：臺北旅遊網 聽廟宇說故事),室內
303,臺北市,大同區,大稻埕戲苑,🎨 藝文展館類,臺北市大同區迪化街一段21號,,週二~週日 9:00~17:00逢週一、國定假期為休館日(8樓/9樓劇場皆含一間無障礙廁所),886-2-25569101,,,其他,,,,,"{'PositionLon': 121.51046752929688, 'PositionLat': 25.054819107055664, 'GeoHash': 'wsqqt114z'}",非古蹟,"{'PictureUrl1': 'https://www.travel.taipei/image/182496', 'PictureDescription1': '大稻埕戲苑'}",,大稻埕戲苑，座落於永樂市場8、9樓。1908年前原為一座花園，日治時期改建為市場，昔日匯集近千家布行，為全臺灣最大的布料中心，而大稻埕更是傳統戲曲的孕育搖籃，有「戲窟」之稱。大稻埕戲苑以演出、推廣、保存傳統戲曲為宗旨，九樓劇場辦理各項傳統戲曲如歌仔戲、京劇、南管、北管、客家戲、說唱…等演出，八樓曲藝場則規劃常態性布袋戲、南管、說唱節目、一樓廣場安排「遊於戲」藝文活動；本苑春、秋兩季皆開設文化藝術研習班辦理戲曲、茶藝、布藝等課程、另亦安排免費藝文講座、戲曲影片播放等服務；八樓廊道展示區規劃布袋戲常設展及不定期之特展，團體滿十人以上即可預約導覽服務；各排練室、多功能簡報室亦提供藝文團體租借使用。此外，尚規劃戲曲校園推廣演出、校園藝術教育傳習計畫、附設青年歌仔戲團培訓及演出等業務，有計畫的傳承傳統戲曲，培育青年人才。,室外
304,臺北市,大同區,大稻埕碼頭_大稻埕碼頭貨櫃市集,🛍️ 商圈市集類,臺北市大同區大稻埕碼頭,,平常日以團體預約包船為主，例假日行駛固定航次，請洽詢各船公司。強烈季風、漲退潮水位差影響航行及靠泊安全，當日實際航班得由現場公告或網站預告調整。,886-2-66057338,,,小吃/特產類,遊憩類,小吃/特產類,,,"{'PositionLon': 121.50760650634766, 'PositionLat': 25.056400299072266, 'GeoHash': 'wsqqscrhh'}",非古蹟,"{'PictureUrl1': 'https://www.travel.taipei/image/223127', 'PictureDescription1': '大稻埕碼頭_大稻埕碼頭貨櫃市集'}",,大稻埕原是平埔族的居住地，因萬華（艋舺）同安人發生激烈的械鬥，造成族人移至大稻埕定居，開始大稻埕淡水河旁商店和房屋的興建，淡水港開放後，大稻埕在劉銘傳的治理下成為臺北城最繁華的物資集散中心，當中以茶葉、布料為主要貿易交易，當時的延平北路及貴德街一帶便是商業活動的重心，也讓大稻埕早年的歷史多采多姿、令人回味。,室外
305,臺北市,大同區,大稻埕街區_迪化街店屋,🛍️ 商圈市集類,臺北市大同區迪化街一段272號,,開放空間,886-2-27208889,,,其他,,,,,"{'PositionLon': 121.50926208496094, 'PositionLat': 25.06085968017578, 'GeoHash': 'wsqqt40q5'}",非古蹟,"{'PictureUrl1': 'https://www.travel.taipei/image/223217', 'PictureDescription1': '大稻埕街區_迪化街店屋'}",,舊時淡水河旁沒有河堤，貴德街就直接面河，渡海而來的大陸南北貨下船後，就在貴德街後面的迪化街陳列販賣，很多迪化街商人都因貿易而成一時鉅富，他們蓋的房子就格外漂亮，這些房子為了適應臺灣多雨的天氣都有騎樓，但是房屋對外的牆面卻多為仿西式建築的裝飾，造成獨特的中西式混合的建築。這些老店屋最大的特色，就是店屋深度的十分狹長，前面做為店鋪之用，後頭就是工廠或倉庫，呈現早期聚集式街屋的特色。大稻埕內最著名的街道為迪化街，街區內的店家販售著各式各樣的乾貨、中藥材、編織商品等，同時也是年節時重要的年貨大街。另有許多市定古蹟，如台北霞海城隍廟、慈聖宮、辜宅、新芳春茶行等，保留著歷史的痕跡，皆值得走訪。而大稻埕碼頭內的貨櫃市集駐有多種美食，可以在享用美食的同時邊享受美景及夕陽，不定時還會舉辦各項活動及表演。現今的大稻埕還保有傳統建築，紅磚瓦屋、復古的街道，與周邊新建的建物呈現新舊交織的畫面。周末時間不妨到大稻埕走走逛逛，租套古服一同沉浸在歷史的氛圍中。,室外
306,臺北市,大同區,大稻埕辜宅,🏯 歷史人文類,臺北市大同區歸綏街303巷9號,,,886-2-27208889,,,古蹟類,,,,,"{'PositionLon': 121.50874328613281, 'PositionLat': 25.058759689331055, 'GeoHash': 'wsqqsczcy'}",非古蹟,"{'PictureUrl1': 'https://www.travel.taipei/image/182510', 'PictureDescription1': '大稻埕辜宅'}",,位於歸綏街303巷9號的辜家鹽館，是前海基會董事長辜振甫的父親辜顯榮於1910年所興建的。由於辜家當時經營鹽業，因此這棟辜家大宅，也一直被稱為「鹽館」。它就面對著當時的淡水河碼頭，原來是為了做生意，房子建在河邊，船就可以直接在屋前靠岸。1961年辜家遷出大宅，1963年現址設立榮星幼稚園，一直到今天。這棟建築相當有特色，仿西洋後期文藝復興式風格，前面設拱廊，外表是淡黃色面磚，還有典雅的拱窗與釉花欄杆，正面中央山牆上的繁瑣勳章與浮雕裝飾，反映了那個時代西風東漸的風潮，是當時富豪之家的代表。走進屋內，大量檜木精工打造的天花、樓梯都保存得相當完好，牆上還有辜顯榮經營的大和洋行標記。辜家鹽館不但見證了辜家的興盛，也成為了臺北的一頁歷史。,室內
307,臺北市,大同區,大頭鼓亭,🌳 都會休閒類,臺北市大同區安西街134號,,,886-2-25573906,,,其他,,,,,"{'PositionLon': 121.50971984863281, 'PositionLat': 25.061870574951172, 'GeoHash': 'wsqqt42ev'}",非古蹟,"{'PictureUrl1': 'https://www.travel.taipei/image/362269', 'PictureDescription1': '大頭鼓亭'}",,運用「大鼓、一副鈔、一支嗩吶」來組成新類型的樂隊，為方便於鄉間田埂路行進而創設了「鼓亭陣」。而我們目前常見的木雕鼓亭，便是以此改良所發展的鼓亭形式。1947年2月28日遊行當日，因為有了陳財鼓亭陣的加入，吸引很多人加入抗議的遊行隊伍，可說是當時最重要的宣傳工具。,室外
308,臺北市,大同區,大龍峒保安宮,🏯 歷史人文類,臺北市大同區哈密街61號,,每日06:00~22:00,886-2-25951676,,http://www.baoan.org.tw/,廟宇類,,,,,"{'PositionLon': 121.51554107666016, 'PositionLat': 25.073209762573242, 'GeoHash': 'wsqqthkyj'}",非古蹟,"{'PictureUrl1': 'https://www.travel.taipei/image/208665', 'PictureDescription1': '大龍峒保安宮'}",,"大龍峒保安宮，肇建於1742年，1805年重建，主祀保生大帝，俗稱「大浪泵宮」或「大道公廟」，為國定古蹟。每年農曆3月15日，為慶祝保生大帝聖誕，特別舉辦為期2個月，結合宗教祭祀、民俗技藝、古蹟導覽、藝文研習、美學競賽、家姓戲、遶境踩街、過火、健康關懷與學術研討會的「保生文化祭」活動；是北臺灣最盛大、最熱鬧，人氣最旺的廟會活動，也使大龍峒成為北臺灣重要的文化重鎮。大龍峒保安宮廟宇的裝飾藝術，如石獅、龍柱、花鳥、剪黏、泥塑、交趾陶、木雕、彩繪壁畫等，這些遠近馳名的藝術瑰寶，每一件都具有歷史及藝術的價值。保安宮在興建時，就聘請郭塔及陳應彬兩位匠師，各自創作木雕，這種良性競爭就是當時流行的對場作。因此欣賞保安宮的裝飾藝術時，可同時欣賞左右兩邊，不同匠師的作品。正殿迴廊的7幅壁畫，是國寶級彩繪大師潘麗水的作品，吸引國內外的遊客流連忘返，讚嘆不已。大龍峒保安宮已從地方宮廟，轉型為集宗教、文化、教育、藝術於一身的廟宇，對於臺北市大同區地方文化的活化，產生深遠的影響。特別是古蹟建築與修復更是深受國內外矚目。保安宮重建以來雖經過多次整修增建，但由於建造年代已久，更遭風吹、日曬、蟲噬，嚴重影響建築本體，不復昔日丰采，更有安全之虞。為了維護文化資產，1995年，保安宮進行重建以來規模最大的修復工程，保安宮自力籌措全部經費，並自行統籌、監造，成為全國首宗民間籌資主導古蹟修復的案例；修復工程更於2003年獲得聯合國教科文組織「2003年亞太文化資產保存獎」，並於民國108指定為國定古蹟。四十四坎街位於保安宮前以西的哈密街，嘉慶七年(1802)創建，次年落成。當時大隆同王智記、陳蘭記等業戸，合資立「金同成」商號，於本街建造閩南式連棟店鋪南北各二十二間。因河洛話稱店一間為一坎，故稱四十四坎。每間店鋪大小相同，闊一丈七七尺半，縱深各為一進三落帶過水(天井)，而亭仔脚(騎樓)相互連通，形成整齊劃一之街面。東西各設有一隘門以防盗,東書「小邑絃歌」，西書「大隆同」。其後因市面繁榮，又逐漸往西發展至「内土地公」(和安宮)，因此，原四十四坎街稱為「頂街」，新的街肆稱為「下街」。延伸閱讀四十四坎街周邊介紹—台北畫刊615期(大龍峒街區散策 找尋老街巷裡的燦爛時光)",室內
309,臺北市,大同區,大龍街夜市,🛍️ 商圈市集類,臺北市大同區大龍街296-298號號,,每日18:00~24:00,886-2-25981918,,,小吃/特產類,,,,,"{'PositionLon': 121.51589965820312, 'PositionLat': 25.071449279785156, 'GeoHash': 'wsqqthj5v'}",非古蹟,"{'PictureUrl1': 'https://www.travel.taipei/image/123808', 'PictureDescription1': '大龍街夜市'}",,位於孔廟、保安宮等歷史古蹟旁的大龍街夜市，早晚皆有不同的美味小吃，早晨有多家販售燒餅豆漿、炸蛋餅及飯、麵、粥等各種臺式早餐的攤販商家，到了夜晚，則有許多傳統特色老店，有得過獎的滷肉飯、香濃不甜膩的甜品、大排長龍的鵝肉，以及肉圓、鹹酥雞、炒飯等人氣小吃，來一趟大龍峒歷史城區，探訪歷史古蹟之餘，順便享受夜市小吃的獨到魅力吧！遊孔廟品儒家菜由知名美食家設計結合臺北市孔廟先儒故事的「臺北儒家菜」，在大龍夜市也可以吃的到喔！有小李子海產店的「欺君子魚」和「藏珍豆腐」(須預約) 、蔡家沙茶羊肉的「告朔餼羊」，還有「關市之雞」、「陽貨饋豚」、「釁鐘大牛」及「君臣啜粥」等，琳瑯滿目的菜式讓遊客一嚐儒家滋味。,室外
310,臺北市,大同區,天馬茶房,🌳 都會休閒類,臺北市大同區南京西路189號,,,886-2-25558508,,https://memory.culture.tw/Home/Detail?Id=476225&IndexCode=Culture_Place,其他,,,,,"{'PositionLon': 121.51216125488281, 'PositionLat': 25.054019927978516, 'GeoHash': 'wsqqt0fqn'}",非古蹟,"{'PictureUrl1': 'https://www.travel.taipei/image/362272', 'PictureDescription1': '天馬茶房'}",,由詹天馬所創設之著名咖啡廳，詹天馬為日治時期著名的電影辯士。1947年2月27日專賣局查緝員於天馬茶房一帶查緝，菸販林江邁遭逮並沒收錢財與香菸。林氏與群眾求情，爭吵中查緝員葉得根打傷林氏，群眾激憤，查緝員傅學通開槍示威誤殺路人陳文溪，造成事件進一步激化事態，民眾於隔日從台北大橋集結出發至專賣局陳情，遂演變為二二八事件。,室外
311,臺北市,大同區,太平國小,🏯 歷史人文類,臺北市大同區延平北路二段239號,,,886-2-25532229,,,文化類,,,,,"{'PositionLon': 121.5114517211914, 'PositionLat': 25.06138038635254, 'GeoHash': 'wsqqt43cn'}",非古蹟,"{'PictureUrl1': 'https://www.travel.taipei/image/374113', 'PictureDescription1': '太平國小'}",,原為1898年設立的大稻埕公學校，1909年因闢建太平町通（今延平北路），校地一分為二，東校區成立大稻埕第一公學校（今太平國小），西校區為現今的永樂國小。太平國小也有許多知名校友，如藝術家黃土水、楊三郎以及知名企業家辜振甫。1947年二二八事件爆發後，太平國小曾作為被逮捕人犯的收容場所。,室內
312,臺北市,大同區,寧夏觀光夜市,🛍️ 商圈市集類,臺北市大同區寧夏路58號3樓,,每日18:00~24:00,886-2-25505220,,https://www.tcma.gov.taipei/News_Content.aspx?n=FAC14AD2DE4E01A4&sms=32F7BA052C5CA548&s=0C985156C3DB7335,小吃/特產類,,,,,"{'PositionLon': 121.5153579711914, 'PositionLat': 25.05668067932129, 'GeoHash': 'wsqqt1kv9'}",非古蹟,"{'PictureUrl1': 'https://www.travel.taipei/image/221820', 'PictureDescription1': '寧夏觀光夜市'}",,以「千歲宴」打響國際名聲，且獲得眾多美食雜誌和網路爭相報導的寧夏觀光夜市，包含民生西路、南京西路與重慶北路中間的路段，以臺灣傳統小吃為主，其中以大同區圓環附近令人懷念的古早味，最讓老臺北人津津樂道。夜市首先將人車分道，方便民眾吃飯與購物，貼心的服務，而隨著科技進步，許多攤販及店家也開始轉型，能夠使用悠遊卡及行動支付，遊客們帶著手機就能吃遍夜市美食。知名的「千歲宴」由2010年開始舉辦，名稱由來是因寧夏夜市攤販大多都已超過50年，加起來超過千歲，故取名為千歲宴。如要一嚐寧夏夜市美食「千歲宴」可電話預約或至官網預訂，建議人數7-10人，利用辦桌合菜的方式，讓遊客可以輕鬆享用20道臺灣在地小吃。寧夏夜市的小吃充滿濃濃的臺灣味，香噴噴的滷肉飯和雞肉飯、清甜鮮美的蚵仔煎和大腸蚵仔麵線、現炒入味的沙茶牛肉、滋補養顏的豬肝湯、來自府城的臺南碗粿、吳郭魚湯、蛋黃芋餅等等，都讓人忍不住食指大動。夜市另一邊的攤販，以新奇好玩的雜貨和玩具為主，販售的商品頗具流行感，價格不貴，在飽嚐美食之餘，不妨也來走走逛逛。,室外
313,臺北市,大同區,延三觀光夜市,🛍️ 商圈市集類,臺北市大同區延平北路三段3號二樓號,,每日17:00~23:00,886-2-25505220,,https://www.tcma.gov.taipei/News_Content.aspx?n=FAC14AD2DE4E01A4&sms=32F7BA052C5CA548&s=3465654D959E7A0E,小吃/特產類,,,,,"{'PositionLon': 121.51117706298828, 'PositionLat': 25.0633602142334, 'GeoHash': 'wsqqt49sx'}",非古蹟,"{'PictureUrl1': 'https://www.travel.taipei/content/images/attractions/574193/480x360_attractions-image-owjtfo-ojk2pzutyrfd6gw.jpg', 'PictureDescription1': '延三觀光夜市'}",,因位處於臺北橋旁，早期有人稱為「大橋頭夜市」、「臺北橋夜市」，攤位分布在兩側道路上，雖然延平北路上車輛往來頻繁，但因為在這裡有許多經營三、四十年以上的傳統美食小吃，如雞捲、旗魚米粉、筒仔米糕、大腸煎、純糖麻糬、鮮肉湯圓、刈包、牛肉麵等，仍是吸引很多饕客前來品嚐，尋訪記憶中的老味道，讓延三夜市的魅力依舊！,室外
314,臺北市,大同區,延平河濱公園,🌳 都會休閒類,臺北市大同區堤外道路延平河濱公園,,全天開放,886-2-27258149,,https://heo.gov.taipei/News_Content.aspx?n=E65DBD99C91AEAC4&sms=3A0FD6D3764BFBA7&s=092AD6C9EF3ABCB0,都會公園類,,都會公園類,,,"{'PositionLon': 121.50707244873047, 'PositionLat': 25.054119110107422, 'GeoHash': 'wsqqsbywz'}",非古蹟,"{'PictureUrl1': 'https://www.travel.taipei/image/336867/?r=1666938432479', 'PictureDescription1': '延平河濱公園'}",,臺北市延平河濱公園位於忠孝橋至延平北路9段中洲抽水站之間堤外高灘地，這一帶在民國40年代曾是臺北人的休憩用地。延平河濱公園靠近忠孝橋至民生西路底，有大片腹地，自南京西路底(四號)進入，即看見大片濃郁樹林，綠草地和成蔭的大樹，這裡自古即是大同區居民的後花園，清晨廣場上不時有跳土風舞的婆婆媽媽，和散步、打太極拳的老爺爺。進入南京西路底(四號)水門有座「延平宮」到現在仍是當地耆老們的聚會之地，牌匾上刻有乙己年臘月，估計約在1905年所建，廟埕大供桌下，虎爺的造形古樸靈動，似乎見證了當地的興衰演變。民生西路底(五號) 水門外即是大稻埕碼頭，一進水門，即可看到色彩鮮豔的唐山帆船、線條優雅的拱橋、並設有藍色公路乘船碼頭，目前有可以帶大家走水路到關渡或是八里，感受與陸路不一樣的風情。大稻埕碼頭(五號水門)設置了藍色公路乘船碼頭、咖啡廣場、唐山帆船，乘著自行車沿河北行，一路伴隨著陽明山景、淡水河夕照；對比著數座跨河大橋上的車陣川流，眼下的悠閒顯得格外難得。騎士們還可沿路走訪相鄰文化古蹟，包括大稻埕、迪化街、霞海城隍廟、臺北孔廟、大龍峒保安宮、永樂市場等景點，大稻埕昔日的繁華，也就能略窺一二。,室外
315,臺北市,大同區,建成圓環,🏯 歷史人文類,臺北市大同區南京西路103號建成圓環,圓環段3小段493-2地號,開放空間,886-2-28805456,,,其他,,,,,"{'PositionLon': 121.51468658447266, 'PositionLat': 25.053810119628906, 'GeoHash': 'wsqqt0um1'}",非古蹟,"{'PictureUrl1': 'https://www.travel.taipei/image/91806', 'PictureDescription1': '建成圓環'}",,在臺北市舊城區的發展歷史中，「建成圓環」扮演一個重要的角色，當年的設置如同大稻埕鬧區的心臟，位於重慶北路、南京西路、寧夏路與天水路等4條路匯集的圓點，不僅帶動當地的工商繁榮，擴展到周邊舊建成區，更是許多成功企業人士孕育的搖籃。幾經歷史變遷，從早期2002年重建工程開挖地基時所發現的大稻埕圓環防空蓄水池古蹟，到許多人舌尖美食記憶的建成圓環。建成圓環如今蛻變為都市綠洲，除保留原有古井外，將打造噴泉休憩及都市綠蔭廣場，並結合基金會捐贈4組件公共藝術作品緬懷過去展望未來，讓忙碌的市民也能透過藝術作品，陶冶身心，增加與市民之文化對談，提供休憩、嬉戲、及緬懷、回憶的空間，共同為西區繁榮、發展盡一份力。,室外
316,臺北市,大同區,後站商圈,🛍️ 商圈市集類,臺北市大同區後車站,,依商圈各店情形不同,886-2-25594495,,https://tapf888.com/,小吃/特產類,,,,,"{'PositionLon': 121.5135726928711, 'PositionLat': 25.05038070678711, 'GeoHash': 'wsqqt073p'}",非古蹟,"{'PictureUrl1': 'https://dynamic-media-cdn.tripadvisor.com/media/photo-o/25/49/56/e3/caption.jpg?w=900&h=500&s=1', 'PictureDescription1': '後站商圈'}",,早年時期，臺北車站後站商圈曾是國內外知名的百貨批發集散地，如今這塊繁華熱鬧街廓變身為創意材料的批發零售專賣店。商圈內可以找到做藝術品的各項材料，不管是工具、雕刀、鋸子、砂紙，甚至還能買到做彩繪玻璃的材料。其他像是服飾店、皮革店、化妝品店、家飾品店、節慶用品店、DIY手工藝的材料行比鄰而居，令人目不暇給，從穿的、用的、玩的、裝飾的、居家的，所有物品應有盡有，而且物美價廉、物超所值，是手工藝品愛好者挖寶的好所在，也是學生、婦女或上班族購物的好天堂。,室外
317,臺北市,大同區,慈聖宮前小吃區,🏯 歷史人文類,臺北市大同區保安街49巷34號,,,886-2-25505220,,,廟宇類,,,,,"{'PositionLon': 121.51187896728516, 'PositionLat': 25.060470581054688, 'GeoHash': 'wsqqt445z'}",非古蹟,"{'PictureUrl1': 'https://www.travel.taipei/image/89124', 'PictureDescription1': '慈聖宮前小吃區'}",,大稻埕的慈聖宮前是臺北傳統生活的起點，也是附近居民熟知的美食聚集地，廟埕前的小吃攤一大清早就開始吆喝，長長一條巷子，小吃種類多樣、各領風騷，讓人味覺驚豔。這裡聚集的小吃攤，不僅攤攤歷史悠久，重疊性也不高，專賣如燙魷魚、四神湯、肉包、牛肉湯、肉粥等令老臺北人垂涎的精典早午餐。上午開賣、傍晚收攤、固定顧客多，是此處的三大特色，而如此的廟口小吃極能呈現在地生活的真實滋味，更是不少臺北人魂牽夢縈的家鄉味。,室內
318,臺北市,大同區,憲兵第四團(舊址),🏯 歷史人文類,臺北市大同區涼州街30號2樓,,開放空間*現為停車場及大樓,886-2-23326228,,,古蹟類,,,,,"{'PositionLon': 121.51271057128906, 'PositionLat': 25.060720443725586, 'GeoHash': 'wsqqt44v7'}",非古蹟,"{'PictureUrl1': 'https://www.travel.taipei/image/362268', 'PictureDescription1': '憲兵第四團(舊址)'}",,二二八事件中，憲四團負責北部綏靖掃蕩，亦曾與其他部隊合力「掃蕩」基隆市區。3月10日宣布戒嚴後憲四團負責新竹以北清鄉掃蕩任務，團長張慕陶少將兼任北部綏靖區司令指揮。憲四團原址最初為林清月醫師開設的宏濟醫院，之後由台灣總督府接手成立更生院，作為戒治、收容鴉片癮者和麻藥中毒患者的治療院所，戰後搬遷後由憲兵第四團進駐。,室外
319,臺北市,大同區,捷運中山地下書街_誠品R79,🛍️ 商圈市集類,臺北市大同區南京西路16號B1,,週一至週日11：00~22：00,886-2-25639818,,https://meet.eslite.com/tw/tc/store/20180220044,自然風景類,,,,,"{'PositionLon': 121.52057647705078, 'PositionLat': 25.054990768432617, 'GeoHash': 'wsqqt30ef'}",非古蹟,"{'PictureUrl1': 'https://meet.eslite.com/Content/Images/Store/%E5%AE%98%E7%B6%B203.jpg', 'PictureDescription1': '捷運中山地下書街_誠品R79'}",,中山地下街全長815公尺，地下街總面積約4446坪，包括廣場、通道及店鋪等使用空間，出入口共有7處、廣場共有4座。位於捷運中山站及雙連站間的中山地下書街，提供愛書人更明亮、舒適、豐富的閱覽及購書休閒環境，是串聯中山、雙連捷運站的樞紐，也是全台最長書街。除了書店、文具館與音樂館之外，書街內還有許多文創小店及不定期的展覽，看書之餘也能吹冷氣逛街。,室外
321,臺北市,大同區,捷運綠廊,🌳 都會休閒類,臺北市大同區民族西路31巷17號,,開放空間,886-2-21812345,,,其他,,,,,"{'PositionLon': 121.51976013183594, 'PositionLat': 25.06926918029785, 'GeoHash': 'wsqqt5xzp'}",非古蹟,"{'PictureUrl1': 'https://www.travel.taipei/image/373688', 'PictureDescription1': '捷運綠廊'}",,台北捷運綠廊係貫穿台北車站至淡水站沿線的生活圈，乘載了居民及旅客的共同記憶，也記載著台北城市發展的軌跡。不論是心中山線形公園、心雙連線形公園、圓山線形公園或是台北捷運線形公園等，都導入都市空間縫合概念，搭配周邊整體環境，進行該段線形公園設施優化及區域特色亮點營造，提供居民一個舒適、嶄新的休閒空間。,室外
322,臺北市,大同區,新芳春茶行,🏯 歷史人文類,臺北市大同區民生西路309號2樓,,,886-2-77563910,,https://openmuseum.tw/museum/sinhongchoon,其他,,,,,"{'PositionLon': 121.5125503540039, 'PositionLat': 25.057079315185547, 'GeoHash': 'wsqqt1d8p'}",非古蹟,"{'PictureUrl1': 'https://www.travel.taipei/image/181535', 'PictureDescription1': '新芳春茶行'}",,大稻埕曾經是昔日臺灣走向國際的門戶，透過茶葉與樟腦的外銷貿易，近代西方文明與傳統漢人文化在稻江畔激盪出精彩的火花，無論是現代新劇或子弟戲班的登臺競演；亦或是咖啡沙龍與品茶文化的交相爭艷，二十世紀的上半葉，大稻埕方興未歇。見證這一段榮景的「新芳春茶行」興建於1934年，為大稻埕茶商王連河隨父親舉家自福建安溪來臺發展的起家厝，這棟融和中西特色的日治時期建築，是臺北市少數被完整保存下來的住商混合洋樓，經2009年指定為市定古蹟，自2011年至2015年歷時為期4年的古蹟修復工程，並於同年由原屋主將這棟富有歷史價值的古蹟建築捐贈予臺北市政府。臺北市政府文化局自2016年5月正式接管「新芳春茶行」後，於2016年9月20率先推出「重回大稻埕老茶行的璀燦榮光」、「新芳春老建築的故事」、「紫色大稻埕美學展」以及「再現大稻埕茶香歲月風華」等特展，再現產業時空與文化脈絡，向社會大眾介紹這棟古蹟以及大稻埕茶商的風華歲月。2018年，臺北市政府文化局將古蹟委由財團法人台灣文創發展基金會經營，以「活的茶葉故事館」、「茶文創發展平台」、「以茶會友」三大主軸為新芳春茶行注入創新、活化能量。茶行運用展售合一概念重現往日商售場景，針對國內外遊客、民眾規劃「書、文創商品、茶飲、展覽活動」四合一的複合式茶書別境空間。開幕主題展「芳春茶徑—臺茶流金歲月展」傳承台茶外銷歐美、風靡世界博覽會的事蹟；更以新芳春茶行豐富的貿易往來文物，娓娓道來茶行深耕南洋市場的歷程，使訪客更了解大稻埕、一睹新芳春茶行的歷史風采。(資料來源:臺北市政府文化局 ),室外
323,臺北市,大同區,李春生紀念教會,🏯 歷史人文類,臺北市大同區貴德街44號,,,886-2-25580753,,http://www.pct.org.tw/churchdata.aspx?strOrgNo=C03001,廟宇類,,,,,"{'PositionLon': 121.50824737548828, 'PositionLat': 25.055110931396484, 'GeoHash': 'wsqqscpse'}",非古蹟,"{'PictureUrl1': 'https://www.travel.taipei/image/64065', 'PictureDescription1': '李春生紀念教會'}",,著名的大稻埕富商李春生，是因做洋行買辦起家而致富的大稻埕傳奇人物，他幫助英商經營臺灣北部茶葉產銷，成效甚佳，被稱為「臺灣茶葉之父」，是外銷臺灣茶到歐美各地的先驅者。，見證大稻埕昔日繁華的布業發展。如今則轉型為文創與時尚的交流中心，保留了傳統與創新的融合氛圍。一樓設有生鮮超市，提供新鮮的蔬果、肉品以及各式各樣的本地食材，滿足你的需求。此外，還有小吃攤位匯聚充滿臺灣味的美食，包括香濃的油飯、手工包子及現切生魚片，讓人食慾大開！二樓至三樓是布料愛好者的天堂，這裡提供棉布、絲綢、亞麻等多種布料，無論是衣物製作、居家裝飾還是創意手作，都能找到理想材料。除了布料，還有販售裁縫工具、花邊、拉鍊等的專門店鋪，並提供客製化服務，是設計師及手作愛好者必訪之地。四樓為時尚實驗基地，展示著新銳設計師的創作，成為時尚愛好者交流靈感的重要平台。在這裡，你能欣賞到設計師打造的獨特服飾，也能參與相關的工作坊或活動，親身感受時尚文化的魅力。八樓與九樓是「大稻埕戲苑」的所在地，這裡展出傳統戲曲舞台道具、布袋戲偶與皮影戲藏品，讓人深入了解臺灣的傳統藝術。戲苑內還設有小型劇場，定期舉辦戲劇演出、音樂會及文化講座，是欣賞臺灣傳統戲曲文化的絕佳場域。永樂布業商場不僅是一個購物地標，還結合了美食與文化體驗。無論是漫步於迪化街的懷舊氣氛中，還是深入探索這座建築內的多元魅力，都能讓你感受到大稻埕獨有的迷人風情。,室內
326,臺北市,大同區,渭水驛站,🌳 都會休閒類,臺北市大同區延平北路二段29號二樓號,,,886-2-25566015,,,遊憩類,,,,,"{'PositionLon': 121.51177978515625, 'PositionLat': 25.054719924926758, 'GeoHash': 'wsqqt144m'}",非古蹟,"{'PictureUrl1': 'https://www.travel.taipei/image/374133', 'PictureDescription1': '渭水驛站'}",,座落於大稻埕街區，緊鄰當年蔣渭水在大稻埕開設的大安醫院舊址，大安醫院是蔣渭水當年行醫所在，亦是台灣民報的總批發處，可謂是推動台灣新文化運動的根據地，常設展覽《你好，渭水》、展出蔣渭水的生平經歷及其致力推動台灣新文化運動中的經歷過程，以紀念這位台灣自由民主思潮的重要推手。,室外因為他本身是基督徒、也是當地知名富商，常出面為外商與本地居民協調並解決糾紛，讓事情圓滿落幕，且為人樂善好施、熱心公益，在民間享有極高的聲望。除此之外，在劉銘傳推動現代化建設時，他亦有不少的貢獻。由後代捐建的李春生紀念教會，即是為了紀念這位不朽的商人。這棟2層樓的建築，位在貴德街上，這裡在清末是外國人居住的地區，富商、洋行聚集，是大稻埕最繁華的街區。因為在淡水河邊，河水經常氾濫成災，所以這裡的房屋地基比一般高。雖已重新翻修過建築的外部面磚，但其正面特徵保存尚稱完好，彷彿人的臉龐，入口為嘴，兩個牛耳窗為眼睛。此建築樣式為臺北市僅有，十分具有特色。
324,臺北市,大同區,李臨秋故居,🏯 歷史人文類,臺北市大同區西寧北路86巷6號,,,886-9-1063-2286,,,文化類,,,,,"{'PositionLon': 121.50871276855469, 'PositionLat': 25.055179595947266, 'GeoHash': 'wsqqscpuy'}",非古蹟,"{'PictureUrl1': 'https://www.travel.taipei/image/66097', 'PictureDescription1': '李臨秋故居'}",,李臨秋先生為「望春風」、「四季紅」等多首臺灣著名歌謠的作詞者，係臺灣流行歌謠史上重要代表人物，其創作亦為珍貴之無形文化資產。本建物作為名人故居當可展現其歷史及藝術價值。(資料來源：臺北市政府文化局),室內
325,臺北市,大同區,永樂布業商場_永樂市場,🛍️ 商圈市集類,臺北市大同區迪化街一段21號永樂市場1F 1507攤,,*一樓(永樂市場)：08:00-16:00，週一休市*二三樓(永樂布業商場)：9:00-18:00，週日休市,886-2-25588846,,,購物娛樂類,小吃/特產類,,,,"{'PositionLon': 121.510498046875, 'PositionLat': 25.055049896240234, 'GeoHash': 'wsqqt11hp'}",非古蹟,"{'PictureUrl1': 'https://www.travel.taipei/image/491968', 'PictureDescription1': '永樂布業商場_永樂市場'}",,永樂布業商場，坐落於歷史悠久的迪化街，是臺北販售布料與手作材料集中地。商場以其獨具特色的紅磚牆為建築風格，展現濃厚的復古氛圍,
327,臺北市,大同區,甘州街_茶葉街,🛍️ 商圈市集類,臺北市大同區甘州街5號,,開放空間,886-2-25557598,,http://www.taipeitea.org.tw/findtea/t5.html,其他,,,,,"{'PositionLon': 121.51296997070312, 'PositionLat': 25.058399200439453, 'GeoHash': 'wsqqt1epc'}",非古蹟,"{'PictureUrl1': 'https://www.travel.taipei/image/98635', 'PictureDescription1': '甘州街_茶葉街'}",,甘州街俗稱茶葉街，在大稻埕的茶葉歷史上佔了很重要的地位，極盛時期，光是甘州街和鄰近的歸綏街就聚集了十幾家茶行。此外當時貴德街的「錦記茶行」、民生西路的「新芳春茶行」、西寧北路現為全祥茶廠的「南興茶行」、重慶北路的「有記名茶」，也都是茶葉發展開拓的重要功臣。現在甘州街雖然沒落，但是還有5、6家茶行，循著傳統的製茶技術，有著道地的茶文化，每一分的茶之中，都是經過製茶的繁複程序，讓茶泡起來更加的清香及回味。並且這裡的茶葉絕不會偷工減料，有著老一輩人傳承下來的誠實待客精神。另外，在重慶北路上的朝陽公園，現在是茶業主題公園，記錄了茶產業過去的貢獻，並希望透過茶與文化、休閒、觀光的結合，重振老社區商機。,室外
328,臺北市,大同區,臺北市交通資訊中心,🌳 都會休閒類,臺北市大同區華陰街32號,,,886-2-27208889,,https://www.dot.gov.taipei/News.aspx?n=1180D99284AB3AA3&sms=2ECFC3AAA53706ED,其他,,,,,"{'PositionLon': 121.51873016357422, 'PositionLat': 25.04924964904785, 'GeoHash': 'wsqqt0p4r'}",非古蹟,"{'PictureUrl1': 'https://www.travel.taipei/image/106943', 'PictureDescription1': '臺北市交通資訊中心'}",,臺北市交通資訊中心展示本市智慧型運輸發展成果歷程與交通規劃的過去、現在與未來展示呈現讓民眾參觀，以增進民眾瞭解本市交通控制設施及智慧型運輸發展。該中心目前主要包含十大展示區，分別為智慧型運輸系統區、歷史回顧區、交通工程區、停車資訊系統導引系統區、自行車區、交控中心控制台、大眾運輸系統區、公車候車亭區、系統操作區、資料介接成果展示區等生動活潑的展示導覽與互動體驗，歡迎民眾來體驗微笑單車競速遊戲、交通紅綠燈號誌互動感應、低地板公車乘坐等體驗，適合國小以上各種不同年齡層民眾，來此探索瞭解臺北市交通的發展與歷程。,室外
329,臺北市,大同區,臺北市孔廟,🏯 歷史人文類,臺北市大同區哈密街70號,,週二至週日(含國定假日)08:30-21:00  公休日：周一,886-2-25923934,,https://www.tctcc.taipei/,廟宇類,文化類,,,,"{'PositionLon': 121.5166015625, 'PositionLat': 25.07295036315918, 'GeoHash': 'wsqqthmsw'}",非古蹟,"{'PictureUrl1': 'https://www.travel.taipei/image/292839', 'PictureDescription1': '臺北市孔廟'}",,臺北市孔廟於1927年興工，座落於文風丕盛的大龍峒老街裡，在臺北市政府規劃推動的都市更新下，與大龍國小、保安宮形成「廟、學、宮」的大龍峒文化園區，具有典儀場所、儒學象徵與市定古蹟等多重意涵。臺北市孔廟採曲阜本廟建築形式，樑柱門窗皆未刻字顯得樸實又莊嚴，其布局依序為萬仞宮牆、泮池、櫺星門、儀門、大成殿及崇聖祠，另外可發現孔廟裡所有的柱子、門窗和其他寺廟不同，上面都沒有聯對，據說這表示沒人敢在至聖先師孔夫子門前賣弄文章；且因為民間興築，除形制與規格外，亦加入了區域性裝飾風格，即閩南地區特有之交趾陶與剪粘裝飾，尤以交趾陶裝飾為臺灣地區孔廟建築裡較特殊的一例。孔廟的主殿為大成殿，正中央神龕奉祀至聖先師孔子牌位，上方高懸「有教無類」之黑底金字匾額，左右牆奉祀四配(復聖顏子、宗聖曾子、述聖子思、亞聖孟子)與12哲等牌位，瀰漫著莊嚴肅穆的氣息。孔廟的氣氛予人肅敬莊嚴之美，這也是中國儒家文化行事剛正之精神。另大成殿裡豐富的交趾陶水車堵飾，是所有臺灣孔廟建築中獨樹一格的特色，值得細細觀賞建築之美。孔廟雖然沒有眾多的神像與祭具，但卻擁有不少遵照古制所作的禮器與樂器，每逢9月28日釋奠典禮時表演音樂、舞蹈，並且呈獻牲、酒等祭品，以表達對於孔子的崇敬，每年都吸引了眾多國內外參觀人潮，也讓大家體驗中國傳統祭孔典禮之莊嚴氣氛。近年來，孔廟積極活化古蹟，建置了文物展示室、多媒體展示室等設施，可具體瞭解孔廟之美及各項釋奠典禮的禮器、樂器等，還設置了新奇的八佾樂器展示中心，在圖說上輕輕一按，就可以聽到這些樂器的多元聲音，有些低沉，有些清脆高昂，讓遊人在平時就可體會八佾之音，甚至建置全臺孔廟唯一的華語、英語、日語、韓語導覽系統，以服務各國遊客，不僅如此，孔廟更常辦理各項結合傳統與現代藝術的創新活動，每年舉辦的大龍峒文化季系列活動，更可體驗祭禮文化與增進儒學的瞭解，更帶來參觀孔廟的新一波人潮。除此之外，在孔廟的明倫堂裡另設有4D虛擬實境劇院，將孔廟的歷史沿革與孔子的生平事蹟以高科技影像技術輔以身歷其境的特效體驗，讓觀眾瞭解孔子與孔廟的故事，除了增添趣味之外，更以嶄新的形式延續了孔廟所代表的教育意義。,室內
330,臺北市,大同區,臺北迪化街郵局,🛍️ 商圈市集類,臺北市大同區迪化街一段38號,,郵務:08:30-17:30 儲匯:08:30-17:00,886-2-25560519,,https://www.post.gov.tw/post/internet/I_location/index_post.jsp?prsb_no=000110-1,其他,,,,,"{'PositionLon': 121.5099868774414, 'PositionLat': 25.054790496826172, 'GeoHash': 'wsqqt10fe'}",非古蹟,"{'PictureUrl1': 'https://www.travel.taipei/image/89256', 'PictureDescription1': '臺北迪化街郵局'}",,中華郵政臺北迪化街郵局(38號)位於年貨迪化街中。迪化街為大稻埕商圈重要的市街，大部分建築為被列為歷史建築，並刻意留存，因而成為臺北市保留最完整的老街。,室外
331,臺北市,大同區,臺灣新文化運動紀念館,🏯 歷史人文類,臺北市大同區寧夏路87號,,每週二至日 09:30-17:30｜每周一休館,886-2-25570087,,https://tncmmm.gov.taipei/,體育健身類,展覽場館類,,,,"{'PositionLon': 121.5150375366211, 'PositionLat': 25.05933952331543, 'GeoHash': 'wsqqt1ut1'}",非古蹟,"{'PictureUrl1': 'https://www.travel.taipei/image/180668', 'PictureDescription1': '臺灣新文化運動紀念館'}",,大稻埕是臺灣現代化思潮的主要發源地，大稻埕的仁人志士，展現開闊的世界觀與新文化的深厚素養，在日本殖民統治的高壓下，仍然播下新文化的種子，且開出韌性極強的新文化花朵。臺灣新文化運動紀念館將重現大稻埕的絕代歷史風華，追憶當年大無畏的新文化先覺，除積極收藏與展覽新文化運動的史料外，並持續對大稻埕相關的珍貴文化資產，進行各種整合與活化工作，考據重要歷史人物的活動據點與故居，串聯成文化歷史步道，並營造成為「大稻埕歷史與藝文中心」，讓大稻埕成為一個開放的文化史生態博物館。將來在大稻埕的街道上可以聆聽文史工作者講述自覺年代仁人志士、文人雅士的動人歷史事蹟，更可在館內重塑當代的歷史氛圍，在不同的展演廳中品味當代的新文學、聆聽當代的新歌謠，觀賞當代的新劇，欣賞當代的新藝術。(資料來源：臺北市政府文化局 網站),室內
332,臺北市,大同區,蔣渭水紀念公園,🌳 都會休閒類,臺北市大同區錦西街51號,,開放空間,886-2-25850192,,https://parks.taipei/parks/m2/pkl_parks_m2C.php?sid=340,都會公園類,,,,,"{'PositionLon': 121.51673889160156, 'PositionLat': 25.05994987487793, 'GeoHash': 'wsqqt4jbc'}",非古蹟,"{'PictureUrl1': 'https://www.travel.taipei/image/65684', 'PictureDescription1': '蔣渭水紀念公園'}",,"蔣渭水紀念公園原名為「錦西公園」，位於大稻埕地區，面積計5,060平方公尺，為大同區面積最大之鄰里公園。蔣渭水先生為臺灣民主鬥士及文化先鋒，一生事蹟多發生於大稻埕地區，如創設大安醫院、創立文化協會及成立民報總批發處等，臺北市政府為紀念蔣渭水先生，將鄰近之錦西公園更名為「蔣渭水紀念公園」。「蔣渭水紀念公園」內設置入口意象方碑及紀念樓牌一座，入口意象方碑側牆上刻有文史學者莊永明先生所撰有關蔣渭水先生生平介紹，其內容有中、英、日文版本，方便四方遊歷之旅客參訪。紀念牌樓外觀設計係仿照迪化街之巴洛克建築風格，重現當地特色風貌；另正面題字牆面上方嵌入「蔣渭水紀念碑」之牌匾，兩側立柱則嵌入書法家潘慶忠先生所書之「同胞須團結、團結真有力」標語，整體景觀莊嚴肅穆，足以彰顯紀念意義。公園內亦設置涼亭、園椅及遊具等設備，讓大家放慢腳步一同探訪蔣渭水的故事。(部份內容摘自臺北後花園網站)",室外
333,臺北市,大同區,赤峰街,🛍️ 商圈市集類,臺北市大同區赤峰街16 之2號,,開放空間,886-2-27208889,,,其他,,,,,"{'PositionLon': 121.51960754394531, 'PositionLat': 25.055349349975586, 'GeoHash': 'wsqqt1pvu'}",非古蹟,"{'PictureUrl1': 'https://www.travel.taipei/image/292380', 'PictureDescription1': '赤峰街'}",,赤峰街位於捷運雙連站及捷運中山站之間，由許多小巷互相連接而成，過去曾經是以販賣汽車零件及五金為主，又被稱為「打鐵街」。近年來進駐了許多充滿特色的復古寫真館、古著店、獨立書店及咖啡廳，為舊街古宅區增添了不少文藝氣息，同時也讓赤峰街的景致充滿復古與現代的交錯感。同時也吸引不少年輕遊客到此逛街，想要悠閒的喝杯下午茶感受文藝氣息，那就來赤峰街走走吧！,室外
334,臺北市,大同區,迪化街年貨大街,🛍️ 商圈市集類,臺北市大同區迪化街一段,,11:00~22:00  (詳細營業時間以各店家公告為主),886-935-113-256,,,其他,,,,,"{'PositionLon': 121.51032257080078, 'PositionLat': 25.05491065979004, 'GeoHash': 'wsqqt1157'}",非古蹟,"{'PictureUrl1': 'https://www.travel.taipei/image/491961', 'PictureDescription1': '迪化街年貨大街'}",,迪化街位於大稻埕地區，是臺北傳統市場文化的縮影，也是臺灣商業歷史的重要地標。這條街道以南北乾貨、中藥材、布匹與茶葉的批發零售聞名，至今仍保留著傳統市場的熱鬧與人情味。  迪化街的建築風格以巴洛克式為主，多數建於清末及日治時期，巧妙地將歐洲華麗設計融入臺灣當地建材，展現獨特的東西合璧美感。街道兩旁的紅磚建築上布滿細緻雕花、優雅拱門與繁複裝飾，讓人彷彿置身於百年前的繁榮市集。  農曆新年期間，迪化街更搖身一變成為「年貨大街」。商家沿街設攤，售賣年節必需品，包括糖果零食、伴手禮及年菜食材。紅燈籠高掛，街道充滿喜慶氛圍，熱鬧的叫賣聲與熙來攘往的人群交織成充滿臺灣味的過年場景。  即便平日，迪化街仍是吸引人的旅遊景點。傳統建築中穿插著別出心裁的文創小店和咖啡館，成為年輕人流連的潮流熱點。這裡不僅提供古早味的商品與美食，更成為結合古今中外的文化交流平台。  無論是為了探索歷史建築，體驗在地市集，還是拍下絕美照片，迪化街都會帶給你豐富多元的感官享受，是臺北旅行的必訪之地！,室外
335,臺北市,大同區,迪化運動公園跨堤景觀平臺,🌳 都會休閒類,臺北市大同區老師里,,開放空間,886-2-25973183,,https://www.sso.gov.taipei/News_Content.aspx?n=CAA4BD1E5077C5D7&s=C2A12155956AA515,體育健身類,都會公園類,都會公園類,,,"{'PositionLon': 121.5087890625, 'PositionLat': 25.075300216674805, 'GeoHash': 'wsqqsuzfp'}",非古蹟,"{'PictureUrl1': 'https://www.travel.taipei/image/89414', 'PictureDescription1': '迪化運動公園跨堤景觀平臺'}",,"迪化運動公園跨堤景觀平臺面積為2,796平方公尺，可容納3,000人，為臺北市第二座景觀平臺。景觀平臺延伸橫跨環河北路至堤外，提供絕佳視野，從平臺可盡覽淡水河風光，亦可欣賞大稻埕碼頭煙火秀，除此之外，景觀平臺內提供如親子活動景觀戲水設施、活動舞台區等。跨堤景觀平臺上地坪巧妙設置了臺北先期的三市街「大稻埕、艋舺、台北城」。入口處立了銘石，其上刻了「氣象維新」，似乎見證經由海、陸、空，預見臺北市的未來。平臺主要結構以RC柱及鋼骨構造建構，欄杆以鋼構+強化玻璃設置，整體建築物顏色以白色為基調，整個平臺吊起弧形鋼索，並設置夜間照明，可望成為臺北市西區新入口意象。(資料來源：臺北市政府工務局衛生下水道工程處)",室外
336,臺北市,大同區,阿嬤家-和平與女性人權館,🏯 歷史人文類,臺北市大同區承德路三段32號5樓,,,886-2-25537133,,https://www.amamuseum.org.tw/,其他,,,,,"{'PositionLon': 121.51805877685547, 'PositionLat': 25.06446075439453, 'GeoHash': 'wsqqt4yep'}",非古蹟,"{'PictureUrl1': 'https://www.travel.taipei/image/455184', 'PictureDescription1': '阿嬤家-和平與女性人權館'}",,"一棟近百年的建築  一場歷經25年的人權運動  一個匯集女性生命力的所在婦女救援基金會自1992年起，展開前臺籍「慰安婦」調查工作以及進行對日求償行動。25年來，陪伴與照顧阿嬤們的身心，保存了5,042件「慰安婦」的相關影音、書籍，以及730件文物。在歷經12年的籌備與努力下，於2016年3月8日揭牌，12月10日正式成立「阿嬤家：和平與女性人權館」，收錄了臺灣59位「慰安婦」阿嬤們經過苦難淬煉後的生命故事。是臺灣首座以「慰安婦」人權運動為基礎，集結當代女性人權議題展示及婦女培力的多功能社會教育基地。「阿嬤家」記憶歷史，持續關注當代女性人權，並期許超越生命創傷、激發前行力量、讓歷史傷痕成為和平基石，以實現尊重、平權、無暴力的未來。",室外
337,臺北市,大同區,陳天來故居,🏯 歷史人文類,臺北市大同區貴德街60號,,參觀外觀,886-2-77052399,,,文化類,,遊憩類,,,"{'PositionLon': 121.5083999633789, 'PositionLat': 25.05600929260254, 'GeoHash': 'wsqqscr9y'}",非古蹟,"{'PictureUrl1': 'https://www.travel.taipei/image/89350', 'PictureDescription1': '陳天來故居'}",,※2024年3月27日文化資產修復-暫停營業中 建築本體修復預計115年底至116年初竣工大稻埕早期為全臺最繁華的都會之一，貴德街更「因茶而貴」。從事茶葉貿易的商賈，很多都成為富人，陳天來就是其中一位。陳天來創立錦記茶行，並投資經營娛樂事業如蓬萊閣、第一劇場、永樂座……等。位於貴德街73號的陳天來故居，即是昔日的「錦記茶行」，這棟仿巴洛克風格的3層樓建築物興建於西元1920年，1樓為交易空間，2樓為茶商招待所，3樓為住家之用，外觀氣派、歐式風格，建築體分為中央主體與兩側衛塔，主體上有垂花、拖架等裝飾，還有古典立柱、大拱廊等結構，十足浪漫情調。過去是大稻埕茶商固定聚會品茗、遠眺淡水河碼頭的招待所，名聞遐邇；後方並有私人花園毗鄰港仔溝（今西寧北路），是大稻埕20世紀上半葉風華歲月的重要見證。,室內
338,臺北市,大同區,陳德星堂,🏯 歷史人文類,臺北市大同區寧夏路27號,,,886-2-25567150,,,廟宇類,,,,,"{'PositionLon': 121.51592254638672, 'PositionLat': 25.055639266967773, 'GeoHash': 'wsqqt1jpw'}",非古蹟,"{'PictureUrl1': 'https://www.travel.taipei/image/89405', 'PictureDescription1': '陳德星堂'}",,陳德星堂為臺北地區陳氏大宗祠，為臺灣著名匠師陳應彬設計建造，其前殿的重簷歇山式屋頂、木結構及斗拱精美，屋簷及屋脊曲線流暢，具有很高的藝術價值；前殿石雕雙龍柱，被認為是近代臺灣較早出現「一柱雙龍」之例，對後來的寺廟興建有深遠的影響；正殿內神龕尺寸巨大，木雕豐富，以精雕的鉤欄為其特點；龕前的錫製祭具與仙人燭檯保存完整，造型精湛，為臺灣罕見之例。現今除了作為陳氏祠堂外，平日作為幼稚園使用，維護相當不錯；更獲得2014文化部第3屆國家文化資產保存獎中保存貢獻獎，值得大家走訪一探究竟。探訪陳德星堂後，亦可至鄰近且充滿濃濃臺灣味的寧夏夜市走走喲！(部份內容摘自臺北市文化局網站),室內
339,臺北市,大安區,The Wall Live House 這牆音樂藝文展演空間,🎨 藝文展館類,臺北市大安區羅斯福路四段200-2號,,依活動而定,886-2-29300162,,,展覽場館類,文化類,,,,"{'PositionLon': 121.53665924072266, 'PositionLat': 25.010910034179688, 'GeoHash': 'wsqqm9h71'}",非古蹟,"{'PictureUrl1': 'https://www.travel.taipei/image/102592', 'PictureDescription1': 'The Wall Live House 這牆音樂藝文展演空間'}",,THE WALL MUSIC提供無以數計飢渴的音樂靈魂持續養分，開拓音樂產業未曾想像過的 LIVE狂潮！The Wall Live House 這牆成立於 2003 年，為台灣最國際化音樂品味與專業規格的音樂空間，樹立了台灣樂團風潮，領先建立了亞洲最具代表性的音樂節點並提供無以數計飢渴的音樂靈魂整整十多年的持續養分，不斷開拓音樂環境未曾實現的美麗場景。(資料來源:臺北市文化局),室內
340,臺北市,大安區,亞典藝術書店,🎨 藝文展館類,臺北市大安區仁愛路3段122號B1,,每日 : 10:00~21:00；週三公休,"886-2-27845166#21, #22","捷運忠孝復興站2號出口右轉見江太太包子店後,繼續直走到福華飯店後右轉至仁愛路,繼續直走過彰化銀行後可見書店招牌(總計步行約15分)， 捷運大安站1號出口右邊巷子(信義路三段147巷)直走至仁愛路三段後左轉,過彰化銀行後可見招牌 (總計約10分鐘)",,藝術類,,,,,"{'PositionLon': 121.5403823852539, 'PositionLat': 25.037412643432617, 'GeoHash': 'wsqqmtzj2'}",,{'PictureUrl1': 'https://cloud.culture.tw/e_upload_ccacloud/festival/image/A0/B0/C0/D0/E0/F21/101307b0-ca39-4d70-b34d-836b1f9597d7.JPG'},,是一家專售藝術、設計類等外文書的書店。2000年遷移到仁愛路現址，書籍種類也拓展到建築、空間、數位藝術、攝影、應用美術、流行文化等。雖然95年於重慶南路開設的分店已結束，但亞典依然是尋找、發現上述各類外文書籍的重要寶庫。,室內
341,臺北市,大安區,光華玉市,🛍️ 商圈市集類,臺北市大安區新生北路一段1號之1號,,,886-2-27213127,,,其他,,,,,"{'PositionLon': 121.5331802368164, 'PositionLat': 25.044710159301758, 'GeoHash': 'wsqqmx3b0'}",非古蹟,"{'PictureUrl1': 'https://www.travel.taipei/image/66265', 'PictureDescription1': '光華玉市'}",,玉是中國人最喜愛的一種寶石，在中國文化中佔很重要的一部分，古代中國人就常常繫玉於腰間，而君王的璽印，也是用玉製成，今天更有很多玉刻製成佛像，做成項鍊，手機掛飾等，帶在身上，有保佑的意思，成為許多人的最愛。在光華商圈周邊，長久以來有許多商家、小販在此販賣玉和古董，由於為數不少，漸漸成為玉器的商區，形成了光華玉市，是臺北市除了建國假日玉市之外，大眾化玉石的集中市場。這裡販賣的玉器，大小皆有，價格便宜，但是品質多樣，所以有意在此選購玉器，最好先培養鑑賞知識，且購買時要貨比3家，才不會吃虧，總之，多看多聽多問多學，精心的挑選，一定會找到寶貝的。,室外
342,臺北市,大安區,台北市建國假日玉市,🛍️ 商圈市集類,臺北市大安區仁愛路三段55號,,星期日: 09:00 – 18:00星期一: 休息星期二: 休息星期三: 休息星期四: 休息星期五: 休息星期六: 09:00 – 20:00,886-2-27085931,,https://www.tcma.gov.taipei/News_Content.aspx?n=FAC14AD2DE4E01A4&sms=32F7BA052C5CA548&s=0890E203237B99DC,其他,,,,,"{'PositionLon': 121.53787994384766, 'PositionLat': 25.038360595703125, 'GeoHash': 'wsqqmwj5j'}",非古蹟,"{'PictureUrl1': 'https://www.travel.taipei/image/491990', 'PictureDescription1': '台北市建國假日玉市'}",,建國假日玉市位於建國高架橋下，東南亞具有相當規模的玉石市場之一，也是臺灣玉石收藏家的朝聖地。這裡的前身為光華假日玉市，位於舊光華商場旁，1989年遷至現址後，繼續承載著豐富的文化與商業價值。市場內展售的商品種類繁多，包括具有歷史價值的中國古玉、晶瑩剔透的水晶、出自臺灣東海岸的特色臺灣玉，以及宗教文物和裝飾品。還有廣受歡迎的珍珠、瑪瑙等珠寶飾品，讓遊客無論是購物還是欣賞，都能滿足需求。建國假日玉市就像一座開放式的玉石博物館，充滿文化內涵與藝術氛圍。每件玉器和文物背後都有獨特的故事，不僅展示玉石工藝的精湛技術，還傳遞東方文化中對玉的深厚情感與象徵意義。週末來到建國假日玉市，無論是尋找一件心儀的收藏品，還是僅僅欣賞玉石的細膩之美，這裡都能帶給你一段充實而愉快的文化體驗。如果你熱愛藝術、文物或收藏，這裡是臺北旅遊不可錯過的一站！,室外
343,臺北市,大安區,台新銀行文化藝術基金會,🎨 藝文展館類,臺北市大安區仁愛路四段1號,,週一至週五  8:30~5:30,886-2-37076955,,http://www.taishinart.org.tw/index.php,藝術類,文化類,,,,"{'PositionLon': 121.54408264160156, 'PositionLat': 25.038259506225586, 'GeoHash': 'wsqqmy1dq'}",非古蹟,"{'PictureUrl1': 'https://www.travel.taipei/image/102555', 'PictureDescription1': '台新銀行文化藝術基金會'}",,一個安定又充滿創意與活力的文化社會，無疑是企業維持恆常和進步的最佳要件。有鑑於此，台新集團領航人吳東亮先生於2001年5月成立了「財團法人台新銀行文化藝術基金會」，以「提昇文化生活品質，健全藝術發展環境」為創會宗旨，矢志發揮「播種‧灌溉‧分享」的淑世精神，落實民間企業的社會責任與文化使命。本基金會自許為專業藝術文化活動的支持與贊助機構，展望二十一世紀多元而快速發展的社會趨勢，全球化與在地化的平行並進，決定以推動台灣當代藝術文化為首要目標，致力於本土藝術的觀察、評論與獎助。除了協助台灣當代藝術躍升為世界創意文化的一個發光體，也希望藉由藝術的推廣，讓國人的生活充滿更多創意的活力與感性的想像。2002年開辦的「台新藝術獎」，為基金會業務主軸，涵括了視覺、表演及跨領域藝術活動之關照，其主動提名及跨領域評選機制，均為國內首創。為兼顧此一獎項的廣度、深度與國際能見度，提名過程中專責提名觀察人的設置、觀點的互動討論與跨域對話、ARTalks專網建立公眾討論的管道，繼而邀請國際具影響力之藝文人士參與決選；打造這個國產藝術桂冠的過程中，除了不斷向大眾推介具有創新視野的優秀藝術創作，也希望藉由綿密的批評論述和相關的推廣教育活動，回應藝術本身並非以獎項為標準或終極成果，台新藝術獎是台灣多元文化的重要折射，讓優秀作品再度與社會共鳴互振，而基金會在藝術家與大眾之間，希望能稱職地擔任溝通與跨越的橋樑，以及企業回饋社會的使者。(資料來源:台新藝術基金會),室內
344,臺北市,大安區,國立臺灣大學,🏯 歷史人文類,臺北市大安區羅斯福路四段1號,,全天開放,886-2-33668900,,http://www.law.ntu.edu.tw/,文化類,自然風景類,,,,"{'PositionLon': 121.5435791015625, 'PositionLat': 25.020549774169922, 'GeoHash': 'wsqqmfc76'}",非古蹟,"{'PictureUrl1': 'https://www.travel.taipei/image/65337', 'PictureDescription1': '國立臺灣大學法律學院'}",,位於徐州路的臺大法學院，前身為日據時期臺北高等商業學校的校舍，建築風格皆為精緻的西洋古典式樣，校門構造採用臺北所產砂岩砌成，上置銅製燈具，形態古樸，門內廣場仍保有水池及花園。行政大樓則為華麗的巴洛克風格，從建築正面望去，可見典雅希臘柱式跟半圓拱造型，屋頂鋪著日本黑瓦，中西合璧的創意與巧思，具有獨特美感。室內方面，大禮堂的跨度大，講壇與座椅多為原物，殊為可貴。另平面呈四合院形態，中央留設天井，天井及校園內綠意繁茂，花草水池互相輝映，構成一幅寧靜而典雅的畫面，值得保存與珍惜。,室內
345,臺北市,大安區,大安森林公園,⛰️ 自然生態類,臺北市大安區新生南路二段1號,,全天開放,886-2-27003830,,https://parks.taipei/parks/m2/pkl_parks_m2C.php?sid=154,都會公園類,自然風景類,都會公園類,,,"{'PositionLon': 121.53489685058594, 'PositionLat': 25.032440185546875, 'GeoHash': 'wsqqmt508'}",非古蹟,"{'PictureUrl1': 'https://www.travel.taipei/image/222058', 'PictureDescription1': '大安森林公園'}",,大安森林公園位於大安區，地處市中心，面積25.9293公頃，擁有「都市之肺」的美稱。園內主出入口廣場內花壇密植草花、觀葉植物，並結合佛像雕塑區及往南之竹林區(植有葫蘆竹、綠竹、金絲竹、桂竹及四方竹)連成具特色園景。公園西北側有一座自然水池，面積達0.7公頃，水池周圍及水中小島植有金露華、紅葉鐵莧、美人蕉、軟枝黃蟬，並飾以薜荔懸攀島內石壁，池中錦鯉魚游嬉其間，常常吸引遊人駐足池邊欣賞良久。公園中央佈有一座露天音樂舞台，具自然斜波式，可容納近千民觀眾，為臺北市藝文表演的重鎮，音樂台四周栽植香花植物區，植有玉蘭、梔子花、七里香、含笑、桂花等香花植物，一臨其處，清香撲鼻，亦為園區內無障礙休閒區。公園東南邊，可看到頗具南洋風味之棕櫚，植有大王椰子、亞歷山大椰子、酒瓶椰子、孔雀椰子、美人蕉等植物，行走其間有如置身熱帶椰林一般。公園以2條主園路貫穿東西，1條主園路貫穿南北，沿途遍植喬灌木，其間並佈有花壇，以點飾園內景觀，公園以森林型態為建構主軸，入園休憩除有賞心悅目綠化植栽，並有多座涼亭、休憩亭，提供遊客休憩。以建國南路沿線植有馬纓丹，每逢花開彩色繽紛，似如彩帶牽繫，益盛公園美景。大安森林公園由於位處市中心區，每日遊人如織，尤以晨間及夕陽初照之際，吸引附近居民絡繹園內，無論運動、散步、跳舞、嬉戲自得其樂，公園內設有兒童遊戲運動場，下方建有地下停車場，分地下2層可停放小型車，能夠紓解遠來遊人停車之困。在擁擠、嚴重污染及「熱島效應」帶來高溫的臺北市，26公頃純休閒性「都市森林」型態的公園，無異是清新的「都市之肺」，可以滌塵淨化空氣、降低噪音、調節氣溫，來園休憩，有花看並可以欣賞音樂台演出，享受「森林浴」舒暢身心，漫步園內，處處美景，可將公園功能發揮盡致。,室外
346,臺北市,大安區,大院子,🏯 歷史人文類,臺北市大安區和平東路一段248巷10號,,,886-2-23697357,,,其他,,,,,"{'PositionLon': 121.53234100341797, 'PositionLat': 25.02412986755371, 'GeoHash': 'wsqqme90h'}",非古蹟,"{'PictureUrl1': 'https://www.travel.taipei/image/210102', 'PictureDescription1': '大院子'}",,101年11月1日經臺北市政府文化局審議通過，登錄為歷史建物，定名為「臺灣大學公共宿舍」，102年2月5日凌晨，突遭祝融之災。104年由力麒建設郭淑珍董事長取得台大的ROT案，歷時近三年半修復完成。由於附近住民將此建築群稱為「大院子」，故修復完成後對外開放即以『大院子』為名。公共宿舍的建築背景沿革大院子建於日治時期，根據舊有棟札所示，建築由臺灣總督府官房會計課設計發包，塜本與之助為營造商，並於昭和6年（1931）3月8日舉行「上棟式」，即上樑典禮。關於臺灣大學公共宿舍之歷史背景說法有二。其一為依據文化部文化資產資訊網之官方紀錄所示，創建初期屬日本海軍之「水交社」，即海軍軍官之「招待所」或「俱樂部」。而第二種說法則屬日治時期臺北帝國大學之單身教職員官舍。無論是「水交社」或「單身官舍」，目前皆無一手史料得以佐證其創建目的與功能，加深臺灣大學公共宿舍之神秘性與歷史深度。資料參考：大院子（日本海軍招待所）官方網站,室外
347,臺北市,大安區,天主教台北聖家堂,🏯 歷史人文類,臺北市大安區新生南路二段52號,,彌撒時間請參考網站，來訪前請先致電詢問。,886-2-23920701,,http://www.holyfamilytaipei.org/,廟宇類,,,,,"{'PositionLon': 121.53395080566406, 'PositionLat': 25.028879165649414, 'GeoHash': 'wsqqms67f'}",非古蹟,"{'PictureUrl1': 'https://www.travel.taipei/image/64024', 'PictureDescription1': '天主教台北聖家堂'}",,新生南路素有「天堂之路」的稱號，因為許多宗教的聖堂、寺廟、佛堂及禮拜所都聚集在此，從南到北計有懷恩堂、真理堂、清真寺、聖家堂、臺北教會、衛理堂等，不同宗教都在同一條新生南路上，而不同的宗教有其不同的特色，值得人們前去拜訪。聖家堂位於大安森林公園對面，鳥瞰呈十字架型，夜晚在燈光的照射下，發出淡淡的白光，有著高貴潔淨引人走向天主的氣氛。聖家堂高約63尺，無樑柱，屬於帳棚式的建築，使人無空間壓迫感，無視覺障礙的建築特色，是為了幫助人靜心靈修，舉心向上。堂內妙運用彩色玻璃及天光，使聖家堂呈現自然神聖的氛圍，好像進入神聖的聖地，可掃除人內心世俗的煩擾。於1998年從比利時運來，已有百餘年歷史的18幅聖經故事的彩繪鑲嵌玻璃，是法國著名的藝術家李維克的作品，在彩繪玻璃的下端還有解釋每段聖經小故事，值得去閱讀其中的知識及欣賞美麗的藝術作品。,室內
348,臺北市,大安區,女書店,🎨 藝文展館類,臺北市  大安區新生南路3段56巷7號2樓,,周二至周日 11:00-21:00，周一及國定假日公休,886-2-23638244,捷運：一、台電大樓站2號出口，步行7分鐘。二、捷運公館站3號出口，步行9分鐘。  公車：臺大綜合體育館站，0南、52、109、236區間車、251區間車、280、280直達車、284、311、505、530、643、668、671、675、676、907、907通勤、棕11、綠11、綠13、松江新生幹線。,http://www.fembooks.com.tw,藝術類,,,,,"{'PositionLon': 121.5336685180664, 'PositionLat': 25.020532608032227, 'GeoHash': 'wsqqmdf55'}",,{'PictureUrl1': 'https://cloud.culture.tw/h_upload_ccacloud/festival/image/A0/B0/C0/D0/E0/F1/576da6f0-2cb4-417d-810f-93959f744198.JPG'},,華文地區第一家女性主義專業書店，由一群婦女運動工作者及關心性別平等議題人士所共同催生。店內收集中文地區最完整的女性、性別議題圖書與影音產品，希望能提供一個看見女性書寫、聆聽女性聲音、交流女性經驗的自在場所。女書店經常舉辦座談、展覽等活動，1996年更成立女書出版文化，是台灣不可或缺的性別議題發聲空間。,室內
349,臺北市,大安區,富陽自然生態公園,⛰️ 自然生態類,臺北市大安區臥龍街272巷富陽自然生態公園,,全天開放,886-2-23032451,,https://parks.taipei/parks/m2/pkl_parks_m2C.php?sid=310,生態類,都會公園類,,,,"{'PositionLon': 121.55750274658203, 'PositionLat': 25.016719818115234, 'GeoHash': 'wsqqq45kz'}",非古蹟,"{'PictureUrl1': 'https://www.travel.taipei/image/325684', 'PictureDescription1': '富陽自然生態公園'}",,富陽自然生態公園位於臺北市大安區富陽街底，離捷運麟光站僅5分鐘路程，佔地3.8公頃。自日據時代即以該地做為彈藥庫，光復以後，為國軍駐守，迄至民國77年撤出，至民國89年臺北市政府將現址公告為公園用地並逐年辦理土地撥用事宜，於民國94~95年由工務局公園路燈工程管理處進行新建工程的規劃設計及闢建。公園共有8大主題區，包括：入口解說區、生態溪流復育區、人文史蹟展示區、自然演替區、賞蝶區、大赤鼯鼠觀察區、台北樹蛙觀察區、戀戀蟬聲休憩區等。其中，自然生態演替區、賞蝶區、大赤鼯鼠觀察區及台北樹蛙觀察區共擁有包括香楠、相思樹、白匏子、血桐等多種植物，數千株喬木以及包含樹蛙、蝴蝶與大赤鼯鼠等動物。而外圍的眷村住宅、保留的碉堡、涵洞、滄桑的石階，可見官兵辛苦一斧一斧開鑿的刻點，置身其間彷彿與舊世代心靈交流。由於公園受到長久軍事管制，隔絕人為干擾之故，整個山谷維持幾乎與百年多前同樣的生態景觀。園內林相豐富、蟲鳴鳥叫，保留低海拔森林及溪流等自然資源，是城市中難得的生態樂園。,室外
350,臺北市,大安區,師大龍泉商圈,🛍️ 商圈市集類,臺北市大安區師大路39巷28 樓2號,,請依各店家營業時間為主,886-930-099-833,,,小吃/特產類,,,,,"{'PositionLon': 121.52934265136719, 'PositionLat': 25.02450942993164, 'GeoHash': 'wsqqm7wfq'}",非古蹟,"{'PictureUrl1': 'https://www.travel.taipei/image/373682', 'PictureDescription1': '師大龍泉商圈'}",,因位於師範大學旁而得名，主要道路為師大路及龍泉街，因往內延伸的巷道多，狹長型道路形成徒步區，以學區為中心帶動商圈美食、平價服飾店及特色咖啡店大量聚集，以供應南北各地學生及來台學習華語之外籍人士的日常生活需求。,室外
351,臺北市,大安區,建國假日花市,🛍️ 商圈市集類,臺北市大安區建國南路一段324號,,週六週日09:00~18:00週一至週五公休(週五或週一逢連續假日也開放展售),886-2-23256995、886-2-27026493,,https://www.fafa.org.tw/?fbclid=IwAR3jPvC4_meIlvO7qwYnOFB8i_nLxlyPHlXhBrzf4M5dNp4Thho8O5M1uEg,小吃/特產類,,,,,"{'PositionLon': 121.53782653808594, 'PositionLat': 25.03519058227539, 'GeoHash': 'wsqqmtt0s'}",非古蹟,"{'PictureUrl1': 'https://www.travel.taipei/image/222362', 'PictureDescription1': '建國假日花市'}",,建國假日花市占地8000餘平方公尺，約兩百多個展售位，提供各式各樣的盆栽花卉、鮮花、苗木，茶葉、種子、肥料、園藝資材，應有盡有，還可以跟商家請教相關的花卉知識與寶貴經驗。原本高架橋下冷冰冰的停車場，到週末假日搖身一變，成為花園、草原、針葉林、闊葉林等不同面貌。各家園藝老闆帶著自己精心挑選的植物，讓假日花市就像是都市的花園，每週吸引上萬的人潮來逛花市。不論是浪漫的玫瑰、高雅的蘭花、大器的觀葉植物、小巧可愛的多肉植物、精緻的花器等你所想的到或想不到的皆可在建國花市內找到。不管是休閒、賞花、買花、品茗等，到此一遊必有收獲。此外偶有街頭畫家，在此人像素描，一筆一畫中，吸引人們的目光，也算是花市裡特殊的人文景觀。不定時舉辦的DIY親子教學活動，讓爸爸媽媽可以跟孩子們一起同樂，想上一堂植物的寶貴課程嗎？假日時不妨來這裡走走吧！,室外
352,臺北市,大安區,忠泰美術館,🎨 藝文展館類,臺北市大安區市民大道三段178號,,,886-2-87726178,,http://jam.jutfoundation.org.tw/,展覽場館類,,,,,"{'PositionLon': 121.53730773925781, 'PositionLat': 25.044300079345703, 'GeoHash': 'wsqqmxhv8'}",非古蹟,"{'PictureUrl1': 'https://www.travel.taipei/content/images/attractions/572759/1024x768_attractions-image-uh4os76tue6odrncipizka.jpg', 'PictureDescription1': '忠泰美術館'}",,忠泰美術館成立於2016年，是忠泰建設成立三十週年、忠泰基金會設立十週年，在台灣建築文化推廣之路的重要里程碑。忠泰美術館期許成為一座肩負企業社會責任，並回應21世紀社會需求的新形態智庫、觸媒與平台；延續忠泰建築文化藝術基金會之「A better tomorrow」信念，成為台灣首座聚焦「未來」與「城市」議題的美術館。忠泰美術館位處台北都會區，同時也是基金會第一檔明日博物館展覽之地點，經過十年在城市中游移展演，回到出發地落地生根成為「在城市與生活中心的美術館」。忠泰美術館作為一座年輕的新美術館，將會是一座探索未來、跨領域的美術館。未來的活動規劃將聚焦於三大方向：「未來議題」、「城市建築」、「當代藝術」。忠泰美術館室內空間由日本設計大師青木淳操刀，識別系統則由菊地敦己設計，是二位在台灣首座聯手合作的美術館。忠泰美術館擁有精緻穩健之品味與年輕前衛的活力，將成為台北建築與文化藝術新地標，帶動城市文化活力。 （資料來源：忠泰美術館臉書）,室內
353,臺北市,大安區,敦安公園,🌳 都會休閒類,臺北市大安區信義路四段265巷12弄敦安公園,,全天開放,886-2-23032451,,https://parks.taipei/parks/m2/pkl_parks_m2C.php?sid=248,都會公園類,,,,,"{'PositionLon': 121.55381774902344, 'PositionLat': 25.03449058532715, 'GeoHash': 'wsqqqj2u3'}",非古蹟,"{'PictureUrl1': 'https://www.travel.taipei/image/66016', 'PictureDescription1': '敦安公園'}",,敦安公園成立於民國70年，並於民國90年改造。位於大安區敦煌里，公園面積2820平方公尺。敦安公園四周均為住宅區，並有正聲兒童才藝班及幼苗幼稚園，公園早晨有氧氣功及有氧韻律體操等晨間社團，下午則是鄰近幼稚園兒童使用率較高，敦煌里辦公處除睦鄰互助聯誼活動之外，並結合社區資源不定期在公園內辦理各項活動。公園中有氣派凜然的涼亭，使敦安公園中有畫龍點睛之妙。此外，公園小徑旁的石雕也讓公園充滿了古樸的意境。溜冰場及兒童遊戲區上茂密的大樹，為在此活動的居民提供最好的遮陰效果。如此舒適美麗的活動空間，讓公園在下午時分變為熱鬧非凡的遊憩、散步場所。休憩設施：涼亭。遊樂設施：搖搖樂、滑梯、鞦韆、攀登架。運動設施：高低槓、溜冰場。(資料來源：臺北市政府民政局),室外
354,臺北市,大安區,文昌街_家具街,🛍️ 商圈市集類,臺北市大安區文昌街272 樓2號,,開放空間,886-2-27074529,,https://wf-tpe.weebly.com/?fbclid=IwAR2zWbrmGGbDDlG0Try9dzTvOqNoiOoWI6oPpffqc8PR86t94I1EMv2cLlU,其他,,,,,"{'PositionLon': 121.55647277832031, 'PositionLat': 25.03219985961914, 'GeoHash': 'wsqqqhfxp'}",非古蹟,"{'PictureUrl1': 'https://www.travel.taipei/image/181687', 'PictureDescription1': '文昌街_家具街'}",,文昌街位處信義路及臨江街傳統市場之中心，是臺北著名的家具街。早期這裡多半是木材、五金、水泥等裝潢建材行，家具行寥寥無幾，有些家具行還會在門口敲敲打打，現場釘製沙發販售。後來由於大安森林公園的違建拆除，鄰近的家具業者紛紛遷徙至此，才漸漸形成今日有百餘間家具行的特殊街景，家具街的稱號也由此產生。如今這條家具街在市政府的規劃下，有著傳統街道及現代裝潢的交錯感，呈現出獨特的人文、經濟背景，同時兼顧休閒與購物的需求。這裡的家具相當多元，無論是歐式、中式、流行、仿古，從大型家具到迷你家飾，應有盡有，想找到適合自己個性的創意家具，來這裡準沒錯。,室外
355,臺北市,大安區,旅人書房Zeelandia Travel & Books,🎨 藝文展館類,臺北市  大安區青田街12巷12-2號2樓,,週五：12:00-21:00，週六、 週日、週一：12:00-19:00，週二 - 週四：公休,886-2-23224772,捷運東門站或可搭北市公車0南、15、18、235、237、254、278、295、530、662、663、671、672、673、74、907、949、和平幹線、棕11、棕12、棕22及綠11至「溫州街口」站下車。,http://zeelandiabookshop.blogspot.tw/,藝術類,,,,,"{'PositionLon': 121.53120422363281, 'PositionLat': 25.02699851989746, 'GeoHash': 'wsqqms02f'}",,{'PictureUrl1': 'https://cloud.culture.tw/e_upload_ccacloud/festival/image/A0/B0/C0/D0/E0/F25/5e5224fa-feb2-4521-a0a4-de5b28803c98.jpg'},,旅人書房以Zeelandia為名，是師大巷弄裡的一個以旅遊為主題的二手書店。店裡有各式依照類型、區域詳細分類的旅行書籍。旅人不賣咖啡，只有幾款淡雅的臺灣好茶。這裡舉辦座談，邀請各地的旅人相聚交換故鄉的故事。就在雜貨店樓上，旅行就是生活。,室內
356,臺北市,大安區,朝代畫廊 Dynasty Gallery,🎨 藝文展館類,臺北市大安區樂利路39-1號,,週一至週六11:00~19:00，週日休館,886-2-23770838,,http://www.dynastyart.com,藝術類,,,,,"{'PositionLon': 121.55168914794922, 'PositionLat': 25.026939392089844, 'GeoHash': 'wsqqmup0r'}",非古蹟,"{'PictureUrl1': 'https://www.travel.taipei/image/103022', 'PictureDescription1': '朝代畫廊 Dynasty Gallery'}",,朝代畫廊創立於1984年，為台灣畫廊協會資深會員，負責人曾多屆擔任理事及常務理事，積極推動台灣藝術產業與改善市場環境。90年代開始代理兩岸優秀中青輩藝術家，並於2006年開始經營台灣及亞洲當代藝術，2007年與同業合組「台灣當代藝術連線」，旨在對於台灣當代藝術家的加強推廣，2009年成立'Young Art Taipei 台北國際當代藝術博覽會'，並將於2019年成立'One Art Taipei'，為共同創辦人。目前朝代畫廊營運方向分為兩方面：經營經典名家作品，例如朱德群、草間彌生、丁雄泉、村上隆...等；以及培養優秀亞洲青年當代藝術家，每年以5-7檔的展覽，積極發掘未來新秀。(資料來源:朝代畫廊),室內
357,臺北市,大安區,東區商圈,🛍️ 商圈市集類,臺北市大安區頂好市場,,約10：00~22：00 依各商家而定,886-2-87716300,,https://www.eastdistrictplus.com/?fbclid=IwAR06OUCabbw7vKFk-BFk1tyiA8wo4c3lPL6LjXTEwGhhmmMqa0zQmk_rICU,小吃/特產類,,,,,"{'PositionLon': 121.54656982421875, 'PositionLat': 25.041790008544922, 'GeoHash': 'wsqqmyewb'}",非古蹟,"{'PictureUrl1': 'https://www.travel.taipei/image/492050', 'PictureDescription1': '東區商圈'}",,東區商圈是臺北市的時尚與夜生活中心，以「五夜城」概念，提供多元的夜間活動。擁有便捷交通、豐富商店與娛樂設施，這裡融合餐廳、酒吧和精品店，無論白天還是夜晚，都展現出獨特的都市魅力。五夜城的多樣魅力• 夜食：東區的巷弄內隱藏著無數創意料理店，從傳統的台灣小吃到世界各地的國際美食，滿足你各種口味需求。• 夜遊：隨著夜色降臨，東區的商店和咖啡館依然熱鬧，讓你邊逛邊享受城市的夜景，這裡還有眾多精品酒店，無論是遊客還是當地人，都能在這裡度過一個難忘的夜晚。• 夜享：對於喜愛夜生活的人來說，東區的酒吧和夜店在週末格外熱鬧，充滿年輕人和上班族的身影，這裡的夜生活充滿了多元和活力，適合放鬆心情，享受音樂與舞蹈的節奏。• 夜時尚：東區匯聚了國際品牌和高端精品，無論是設計師品牌、限量商品，還是新興獨立品牌，都是時尚愛好者的購物天堂。• 夜讀：對於愛好文藝的人，東區也有許多充滿藝術氛圍的酒吧和咖啡館，為你的夜晚增添一份靜謐與藝術氣息。東區商圈不僅是時尚購物的熱點，也是美食和夜生活的重鎮，無論白天還是夜晚，都能在這裡找到屬於自己的樂趣與驚喜。從時尚的街頭巷尾到充滿活力的夜晚場景，這裡是臺北最具魅力的地區之一，是每個來訪者都不容錯過的熱點。,室外
358,臺北市,大安區,東區地下街,🛍️ 商圈市集類,臺北市大安區頂好市場,,週一至週日11：00~22：00,886-2-25363001,,,其他,,,,,"{'PositionLon': 121.54646301269531, 'PositionLat': 25.041690826416016, 'GeoHash': 'wsqqmyeqm'}",非古蹟,"{'PictureUrl1': 'https://www.travel.taipei/image/282395', 'PictureDescription1': '東區地下街'}",,東區地下街全長725公尺，連接捷運忠孝復興站至忠孝敦化站，出入口共有17處、廣場共有7座，交通十分便利。寬敞明亮的東區地下街融合著東區特有PARTY元素，全區分為生活百貨、流行服飾、潮流精品，美妝飾品、3C電子、美食等6大主軸業種，琳瑯滿目的商品，無論選物雜貨或設計品牌皆會讓人驚艷不已。各出入口連接周邊商圈、廣場，像是百貨公司、頂好廣場、統領商圈、龍門廣場等，提供民眾優質的購物及休憩空間。另連接東區地下街的頂好及龍門廣場，結合當地瑠公圳與商圈等獨特之人文歷史及地理環境特質，於地下街出入口設置「瀑布」及「噴泉」之裝飾藝術，融合在地人文藝術。(部分資料來源：臺北捷運公司網站),室內
359,臺北市,大安區,梁實秋故居,🏯 歷史人文類,臺北市大安區雲和街11號,,週四至週日11：30至17：00。週一至週三暨國定假日不開放。,886-2-23622165,,,文化類,,,,,"{'PositionLon': 121.52787780761719, 'PositionLat': 25.02383041381836, 'GeoHash': 'wsqqm7myk'}",非古蹟,"{'PictureUrl1': 'https://www.travel.taipei/image/64949', 'PictureDescription1': '梁實秋故居'}",,梁實秋故居建於1933年間，最早是臺北高等學校英語教授富田義介宿舍。光復後，改制為省立師範學院教職員宿舍，陸續由張儒林、梁實秋、甯杼等人入住使用。2003年臺北市政府市政會議通過「梁實秋故居」為歷史建築。國立臺灣師範大學於2005年進行梁實秋故居調查研究，並於2010年至2011年進行修復並保持故居基本風貌。現已成為深具歷史人文意涵的著名地標。 文字提供：國立臺灣師範大學,室內
360,臺北市,大安區,殷海光故居,🏯 歷史人文類,臺北市大安區溫州街18巷16弄1-1號,,週二、四、六：11:00-17:00週三、五：13:00-17:00,886-2-23645310,,http://www.yin.org.tw/,文化類,自然風景類,,,,"{'PositionLon': 121.53199005126953, 'PositionLat': 25.024179458618164, 'GeoHash': 'wsqqme8bk'}",非古蹟,"{'PictureUrl1': 'https://www.travel.taipei/image/64810', 'PictureDescription1': '殷海光故居'}",,殷海光故居位於溫州街十八巷十六弄內，西元1945年所建，此區日據時代為台大教授的宿舍群，植物濃綠青翠，充滿濃厚的文藝學術氣息。殷海光先生1949年從中國大陸遷居來台，一方面在台北帝國大學(現台灣大學)哲學系授課，另一方面為《自由中國》撰寫政論文章，秉持『寧鳴而死，不默而生』的精神，以文筆對抗言論思想禁制，勇於對抗威權、批評時政，是中國自由主義重要傳承人物，對台灣後來的民主政治發展產生很大的影響。此棟屋舍為一層樓之日式木造房屋，基地呈現一三角形，與周遭其他宿舍相連。臺北市政府於2003年5月正式指定此故居為市定古蹟，內保存了殷海光先生重要的文化資產。台灣大學近年來開放殷海光故居供學校做校外教學之用，並於2008年11月委任財團法人紀念殷海光先生學術基金會經營管理。,室內
361,臺北市,大安區,永康街區,🛍️ 商圈市集類,臺北市大安區永康街1號三樓號,,依商圈各店情況不同,886-2-23515793,,https://www.taipeiyongkang.com.tw/travel.html,其他,,,,,"{'PositionLon': 121.52987670898438, 'PositionLat': 25.03326988220215, 'GeoHash': 'wsqqmmpm7'}",非古蹟,"{'PictureUrl1': 'https://www.travel.taipei/image/185649', 'PictureDescription1': '永康街區'}",,永康街是位於臺灣臺北市大安區信義路二段上的著名美食街，大致為南北走向，介於金山南路與新生南路之間，北起信義路，南至和平東路，愛國東路口以北為單線雙向道，以南為單行道。因巷弄之間有許多著名餐館或小吃而聞名。永康街是臺北巷弄文化的發源地，對觀光客而言，也是美食薈萃的精華所在，最初以傳統飲食出名，例如鼎泰豐小籠包、秀蘭小館等，開業20幾年的回留餐廳，則是健康飲食風潮的代表，結合了茶店和素食餐廳的特色，且室內可見耀眼裝潢，並有古典音樂繚繞，頗有休閒風尚。另外還有許多文人喜愛的聚所，包括講究臺灣正統茶道的冶堂茶館，與現今康青龍一帶的咖啡廳、茶館，這些巷弄小店的店主對於生活都有一種獨特的經營模式，樂於與人們交談分享生活所醞釀的人文美學。永康街商圈是以「永康公園」為中心，涵蓋永康街、麗水街、部分的金華街，以及街口附近的信義路商店。商圈原先聚集了許多臺灣小吃與餐廳，後來亦漸漸開設了不少異國美食餐廳、許多風格獨具的咖啡館，以及一些精品小店。由於鄰近大安森林公園，再加上擁有許多著名的美食，夜晚或假日往往吸引許多人潮前來。,室外
362,臺北市,大安區,福州山公園,⛰️ 自然生態類,臺北市大安區黎元里,,,886-2-23032451,,https://parks.taipei/parks/m2/pkl_parks_m2C.php?sid=684,都會公園類,自然風景類,自然風景類,,,"{'PositionLon': 121.55484008789062, 'PositionLat': 25.016010284423828, 'GeoHash': 'wsqqq418c'}",非古蹟,"{'PictureUrl1': 'https://www.travel.taipei/image/65996', 'PictureDescription1': '福州山公園'}",,"公園處於90年間接管福州山公園，並於93年度編列預算辦理地上物拆除，陸續拆除地上物後以保持原始風貌方式綠美化，並參考山友意見增建涼亭，與原有公園連成一氣，讓臺北市民又添新衣，多一處休閒最佳去處。公園位於辛亥路、臥龍街旁山坡地，面積約達172,488平方公尺，海拔約105公尺，原為福州山公墓，闢建成公園以來，規劃以朝向自然生態保育為主，廣植林木，林相完整，生態豐富，景色宜人、園內除必要之水土保持及防災設施外，其餘人工設施以最小化且易於管理維護為原則，設置登山步道，沿途蟲鳴鳥叫，空氣清新，並有設置涼亭可供休憩，可遠眺觀音山、大屯山，鳥瞰大安區市景，亦為觀賞101全貌之最佳地點，實為鬧中取靜之桃花源。植栽規劃以保存園區內自然風貌為原則，僅於登山步道入口、休憩平台及涼亭等處重點栽植具遮蔭、誘鳥引蝶、開花性喬木、灌木等，昔日之墓園，今日已成為登山客經常造訪之園地及生態教學的好去處。(資料來源：臺北市政府工務局 公園走透透網站)",室外
363,臺北市,大安區,紫藤廬,🏯 歷史人文類,臺北市大安區新生南路三段16-1號,,古蹟開放參觀：11:30-17:00茶館服務：周二公休、週一至周四11:30 - 18:30、週五至週日11:00 - 19:30,886-2-23637375,,http://www.wistariateahouse.com/,其他,,,,,"{'PositionLon': 121.53441619873047, 'PositionLat': 25.024599075317383, 'GeoHash': 'wsqqmeddv'}",非古蹟,"{'PictureUrl1': 'https://www.travel.taipei/image/63742', 'PictureDescription1': '紫藤廬'}",,紫藤廬是一個茶館，卻不只是茶館，它是全台灣第一處市定古蹟，也是台北市第一處以人文歷史精神及公共空間內涵為特定而指定的活古蹟：「其為台灣民主運動、反對運動及自由學者的聚場所，所散發的人文氣息，具有教育、文化、政治等功能及特色，並強烈展現市民生活文化意義，具有保存價值。」紫藤廬為日式住宅集中區的一座古雅的木造建築，始建於1920年代，獨門獨院，環境寧靜而清雅；戰後由財政部接收，再由居住者後代開設茶藝館，因屋前的老紫藤緣著屋簷蔓伸，遂命名為「紫藤廬」。整棟古屋充滿了文藝氣息，吸引了許多關心時政人士、前衛文化及藝術工作者常來聚會，緣此，此處逐漸成為自由主義及社會、政治改革運動的空間代名詞。為彰顯紫藤廬的文化價值，經過藝文界人士及業者奔走，紫藤廬於1997年被指定為定古蹟而獲保存，此非因樹老，也非屋老，乃取其精神之故。(部分資料來源：紫藤廬),室外
364,臺北市,大安區,義芳居古厝,🏯 歷史人文類,臺北市大安區基隆路三段155巷128-2號,,開放空間,886-2-27208889,,,古蹟類,,,,,"{'PositionLon': 121.54736328125, 'PositionLat': 25.011669158935547, 'GeoHash': 'wsqqmchpd'}",非古蹟,"{'PictureUrl1': 'https://www.travel.taipei/image/64675', 'PictureDescription1': '義芳居古厝'}",,義芳居古厝為臺北早期開拓者陳氏族人所建，義芳居陳氏家族，原籍屬福建省泉州府安溪縣，清乾隆年間，其始祖渡海來臺開墾。先前他們已有住屋，至清光緒初年才投下鉅資，建造義芳居。這座三合院古宅為典型的臺北盆地古宅，正身入口作凹壽式，正身及護龍之牆壁皆為堅固之磚石厚牆，門窗開口較少，另在外護龍建二層樓的銃櫃，備盜匪來犯時可以還擊自保。此外他的窗子多用石材，取自臺北所產砂岩，亦具地方性特色。其門額題「義芳居」落款為丙子年，據推算為清光緒二年所建。近代臺北市發展迅速，像義芳居這類清代古宅第已經愈來愈少，它對臺北之開拓有歷史見證作用。,室外
365,臺北市,大安區,聯經書房 上海書店,🎨 藝文展館類,臺北市  大安區新生南路三段94號1樓、B1,,週一~週五：11:00-20:00；週六、週日：12:00-21:00,02-23620308#10(聯經書房);#15(上海書店),離聯經書房最近的捷運站是新店線(綠線)的公館站，從三號出口出來後沿著臺灣大學的圍牆往前走，走到臺大正門後就能看到位於校門斜前方的聯經書房了。,http://www.linkingbooks.com.tw/LNB/index.aspx,藝術類,自然風景類,,,,"{'PositionLon': 121.53315734863281, 'PositionLat': 25.01752471923828, 'GeoHash': 'wsqqmd39x'}",,{'PictureUrl1': 'https://cloud.culture.tw/h_upload_ccacloud/festival/image/A0/B0/C0/D0/E0/F125/d472d173-bc0b-4eec-aa0c-44bf46e17e63.jpg'},,聯經出版公司位於新生南路上的門市，不過並不侷限於自家出版品。一樓聯經書房的書籍以人文社科類為主，地下室的上海書店則是銷售簡體字書籍。除台北外，聯經在台中等地亦設有門市書店。,室內
366,臺北市,大安區,臨江街觀光夜市,🛍️ 商圈市集類,臺北市大安區通化街106號,,每日18:00~24:00,886-2-25505220,,https://www.tcma.gov.taipei/News_Content.aspx?n=FAC14AD2DE4E01A4&sms=32F7BA052C5CA548&s=9A5FBF2E607D28CA,小吃/特產類,,,,,"{'PositionLon': 121.55423736572266, 'PositionLat': 25.03019905090332, 'GeoHash': 'wsqqqh957'}",非古蹟,"{'PictureUrl1': 'https://www.travel.taipei/image/457990', 'PictureDescription1': '臨江街觀光夜市'}",,位於大安區住宅區內的臨江街觀光夜市，提供各種美食小吃，是許多臺北人流連忘返的好去處。特別是附近的上班族，幾乎天天在這裡享用晚餐，既省錢又美味。必嘗美食臨江街夜市的美食攤位眾多，每個攤位都有其獨特的風味和招牌料理。來到這裡，絕不能錯過以下幾樣必吃的美食：古早味乾伴麵加肉羹湯、香滑順口的蚵仔麵線、臺式蚵仔煎、烤香腸、滷味、豬血糕、刈包、米粉湯、雞蛋糕。購物樂趣沿著文昌街走下去，不僅能滿足味蕾，還能逛逛流行時尚的中、西式家具店，這裡的家具店風格各異，新穎獨特的設計讓人眼前一亮。臨江街夜市不僅是美食的天堂，也是體驗客家文化、探索流行時尚的好地方。無論是與朋友一起大快朵頤，還是家庭休閒漫步，都能在這裡找到屬於自己的快樂時光。,室外
367,臺北市,大安區,臺北清真寺,🏯 歷史人文類,臺北市大安區新生南路二段62號,,每日09:00~20:00,886-2-23219445,,http://www.taipeimosque.org.tw/,廟宇類,,,,,"{'PositionLon': 121.53402709960938, 'PositionLat': 25.02790069580078, 'GeoHash': 'wsqqms4qh'}",非古蹟,"{'PictureUrl1': 'https://www.travel.taipei/image/64078', 'PictureDescription1': '臺北清真寺'}",,"走在新生南路上，一定會看到一棟特殊的建築，它有著15公尺高的圓拱頂，每個人經過它，都無法不轉過頭去多看兩眼，這就是臺北的大清真寺。清真寺是伊斯蘭教（回教）的禮拜場所。臺北大清真寺面積2,747平方公尺，落成於1960年4月13日，由臺灣與沙烏地阿拉伯共同籌募興建，建築設計者為知名建築師楊卓成先生，他也是圓山飯店的設計師。其主體結構採鋼筋混凝土永久式樑柱，外牆加強磚並敷以水泥細石、表面處理及馬賽克圖案裝飾。圓形石柱以斬石加工，主要門窗採大型落地式設計。另外一大特點是大殿之內的圓頂離地有15公尺高，跨距15公尺，中間卻無樑柱支撐。大殿內鋪設友邦國王贈送之手工波斯羊毛地毯與懸掛宮廷吊燈，外側之兩座喚拜塔樓高逾20公尺，建築壯觀宏偉。40餘年來，世界各回教國家國王、總統及各界領袖來華訪問，均將蒞臨清真寺為重要行程之一，充分發揮國際外交與民間交流之功能。參觀清真寺，需注意禮貌，大禮拜堂和2樓的女士禮拜堂，限回教徒才可以進入。",室內
368,臺北市,大安區,臺北監獄圍牆遺蹟,🏯 歷史人文類,臺北市大安區金山南路二段52號中華電信金山大樓3樓,,,886-2-23511711,,http://dado.gov.taipei/ct.asp?xItem=28613&CtNode=38543&mp=124021,其他,,,,,"{'PositionLon': 121.5267562866211, 'PositionLat': 25.03274917602539, 'GeoHash': 'wsqqmmj46'}",非古蹟,"{'PictureUrl1': 'https://www.travel.taipei/image/91868', 'PictureDescription1': '臺北監獄圍牆遺蹟'}",,市定古蹟「臺北監獄圍牆遺址」位於大安區金山南路電信局邊牆，初建於一九一０年代前後的日據時期，當時臺灣各地抗日義軍蜂起不斷，日本統治者乃在臺北與臺南首建規模龐大的監獄，臺北監獄即是臺灣近代獄政史的具體見證。如今其遺蹟只剩北面與南面幾堵高牆，但仍令人感受到沉悶肅殺的氣氛。臺北監獄的平面呈輻射形，此為十九世紀各國監獄的潮流，它的四周圍以高牆，所用石材大多取自一九一０年代拆除的臺北府城牆，主要為安山岩及唭哩岸石，這些都是清末光緒年間從大直與內湖附近石場運來建造臺北府城之材料，當時先自山上運至基隆河邊，再以舟船經過淡水河運至河溝頭碼頭。於今視之也具有深遠的古蹟價值。,室外
369,臺北市,大安區,蟾蜍山煥民新村,⛰️ 自然生態類,臺北市大安區羅斯福路四段119巷66弄12號,,,886-2-23777300,,https://huanminvillage.taipei/,文化類,自然風景類,,,,"{'PositionLon': 121.5393295288086, 'PositionLat': 25.009410858154297, 'GeoHash': 'wsqqm8y4r'}",非古蹟,"{'PictureUrl1': 'https://www.travel.taipei/image/374132', 'PictureDescription1': '蟾蜍山煥民新村'}",,依水而生的聚落-蟾蜍山煥民新村蟾蜍山聚落位於台北盆地南端、台大公館商圈旁。沿山而建的煥民新村，是台北市目前唯一完整保留的空軍眷村，社區內文化保存意識豐沛，是實踐「以社區方式呈現歷史面貌」的最佳場域。在生態、社造、教育、建築等特殊的空間質地上，從回顧眷村時代故事、保存鄰里互助機能，到導入自然資源，開展環境學習路徑，煥民新村將發展為永續山城眷村，成為台北山城眷村的最佳典範，豐厚城南地區的文化內涵和在地記憶。,室外
370,臺北市,大安區,赤粒藝術,🎨 藝文展館類,臺北市大安區仁愛路四段27巷16號地下號,,週二至週日11:00~19:00，週一公休,886-2-87725887,,http://www.redgoldfineart.com/,藝術類,,,,,"{'PositionLon': 121.54508209228516, 'PositionLat': 25.03990936279297, 'GeoHash': 'wsqqmy6kj'}",非古蹟,"{'PictureUrl1': 'https://www.travel.taipei/image/103031', 'PictureDescription1': '赤粒藝術'}",,「十年」是怎麼樣的時間概念？如果以天數來計算，是3650天，如果以小時來算，那就是87600小時，那麼如果用分來計算，那就是5256000分，這是一個多麼龐大的數字概念，而赤粒藝術正是跨越了這個十年漫長的時間，回顧過往，以誠懇多角經營的理念和態度，拓展開闊的藝術視野，而這十年也代表一個畫廊執著的理想呈現，當然也是堅持的成果。 赤粒藝術座落於台北大安路的幽靜巷內，畫廊的空間動線呈現出當代多元的藝術氛圍，這裡已策劃了上百檔展次的藝術經典展覽，內容從平面的水墨、繪畫到立體的雕塑等類別。赤粒藝術以策展的概念延伸主題，針對不同型態與類別的藝術進行展出規畫，重要的是除了舉辦知名藝術家個展與聯展外，也針對當前世界東方水墨趨勢，策畫新水墨藝術家聯展，試圖表達並反映台灣當代水墨的文化語境，這些新世代的年輕藝術家，呈現出不拘泥於傳統筆法和構圖的表現形式，展現不同於以往的水墨脈絡新視野。例如：2014年於台北赤粒藝術舉辦「台水韓墨：當代水墨的兩地面相」，2015年協助韓國國立首爾大學美術館舉辦「巨視與微視：韓國．台灣水墨畫的現象」；而在抽象藝術領域，2015年策畫「另類抽象，冷熱相交地帶～台灣與韓國的抽象藝術展」，藉由邀請韓國美術研究所首席研究員文貞姬策展，邀請台韓兩國當代重要水墨及抽象藝術家共同舉行聯展，策展的動機在於探討台韓兩國在不同的民族性及內在創作驅動差異下，當代水墨及抽象藝術的不同樣貌，也期望讓台韓兩國藝術家及學者藉此機會深化文化和藝術交流，提供畫廊、藝術家及藏家的互動過程，並且刺激藝術市場與收藏，創造更蓬勃的藝術生態。十年的經營理念讓赤粒藝術成長茁壯，並朝向學術性、時代性和國際性的方向邁進。總經理陳慧君表示：「十年磨一劍」。現在面對大環境的不景氣，即使面對挫折或低潮，但對於我們而言，熱情的理念是不會澆熄，且更加朝向國際性的大格局發展，而第二個十年才將開始…。(資料來源:非池中藝術),室內
371,臺北市,大安區,郭木生文教基金會美術中心,🎨 藝文展館類,臺北市大安區和平東路一段113號,,周日休館，週一至週日 10:00~18:00,886-2-23925161,,,其他,,,,,"{'PositionLon': 121.52691650390625, 'PositionLat': 25.026920318603516, 'GeoHash': 'wsqqmkj0q'}",非古蹟,"{'PictureUrl1': 'https://www.travel.taipei/image/103036', 'PictureDescription1': '郭木生文教基金會美術中心'}",,為推動文化教育及推廣藝術創作，郭木生文教基金會於1997年成立美術中心(簡稱郭木生美術中心)，位於師範大學正對面，場館約200坪，分為大小兩空間，大的展覽空間供知名藝術家舉辦個展或聯展；小空間(新銳空間)可展20-30張4開作品，專門提供給年輕藝術家舉辦個展之用。美術中心從1997年7月開始，定期舉辦藝術展覽活動；截至目前為止，舉辦過國內外藝術家的展覽超過100場，在台北市的私人展覽空間，備受矚目。郭木生美術中心過去舉辦過許多國內外著名藝術家個展及重要聯展，未來也會繼續邀請更多年輕藝術家在此展覽，也會藉由參與國內、外藝術博覽會，將經紀藝術家介紹到國際舞台。(資料來源:臺北市文化局),室外
372,臺北市,大安區,錦町日式宿舍群,🏯 歷史人文類,臺北市大安區金華街84號,,,886-2-27208889,,,古蹟類,,,,,"{'PositionLon': 121.52497100830078, 'PositionLat': 25.0302791595459, 'GeoHash': 'wsqqmkegc'}",非古蹟,"{'PictureUrl1': 'https://www.travel.taipei/image/163282', 'PictureDescription1': '錦町日式宿舍群'}",,錦町日式宿舍群，是臺灣日治時代建於臺北市錦町的中等階級官舍群，建築年份約為昭和時代。錦町的日本宿舍屬於台灣總督府殖產局山林課的員工宿舍，在當時稱為「錦町六條通」。錦町日式宿舍群位在臺北市大安區金華街84及86號、金華街90號、杭州南路2段61巷33、35號、杭州南路2段61巷37、39號、杭州南路2段61巷43號、杭州南路2段61巷49、51號區域的錦町日式宿舍群，全區建築配置為南北向，且群落規模大，整體配置完整，依據文化資產保存法，已登錄為「臺北市歷史建築」。錦町日式宿舍群之空間格局為日式住宅風格，外觀特徵係編竹泥牆外貼雨淋板、屋架為木桁架、屋面舖日式黑瓦。總體建築構造為木結構形式，總體保有日式建築之特色。(資料來源：臺北市政府文化局),室外
373,臺北市,大安區,雅痞書店,🎨 藝文展館類,臺北市  大安區復興南路一段126巷1號3樓之一(丰居旅店旁),,週二~週日 12：00~21：30,02-27317477,http://www.yup.com.tw/p/blog-page_16.html,http://www.yup.com.tw/,藝術類,,,,,"{'PositionLon': 121.5431137084961, 'PositionLat': 25.04317855834961, 'GeoHash': 'wsqqmybzp'}",,"{'PictureUrl1': 'https://s3-media0.fl.yelpcdn.com/bphoto/B6g4qTuW3VrZkiDs1IRglA/348s.jpg', 'PictureDescription1': '雅痞書店'}",,雅痞書店是一個複合著電影、音樂、餐飲、藝術展覽等功能的書店空間。店裡不時會更動擺設，讓空間因著藝術化、生活化的衝突而擁有更多的可能性與包容性。,室內
374,臺北市,大安區,馬廷英故居_青田七六,🏯 歷史人文類,臺北市大安區青田街7巷6號,,每月第一個週一休館 開放時間：09:30-21:00 餐飲時間：午餐：11:30–14:00；午茶：14:30–17:00；晚餐：17:30–21:00,886-2-23916676,,https://www.qingtian76.tw/,文化類,,,,,"{'PositionLon': 121.53260803222656, 'PositionLat': 25.027950286865234, 'GeoHash': 'wsqqms1q7'}",非古蹟,"{'PictureUrl1': 'https://www.travel.taipei/image/162956', 'PictureDescription1': '馬廷英故居_青田七六'}",,"位於台北市青田街七巷六號，故又名「青田七六」，此區域為日式歷史住宅「營宅」最集中之處，為1931年由足立仁教授，所興建的居所，整棟建築主要用檜木建成，屋內左側為為接應室、書齋及食堂，其書櫃、玻璃凸窗、戶外的歐式花壇及前庭皆採洋式風格，而屋內右側的臥室及子供房則採日式榻榻米設計，整棟建築融合了日式及洋式建築優點。1945年由其好友台大地質系教授馬廷英入住，2006年由市政府正式列為市定古蹟，並在2011年由台大校友向管理單位台灣大學承租，正式對外開放。現在除了開放免費導覽和科普活動之外，屋內客廳、飯廳、書房等也開放販售餐點及文創商品。馬廷英教授為遼寧省金縣人，字雪峰，英文名字Ma, Ting Ying H.中的H就是雪峰。1899年出生，為著名地質學家、古生物學家及海洋地質學家。一生治學嚴謹、思考嚴密，研究工作遍及世界各地，實地考察與驗證，是今日重要理論的先驅。馬教授於1979年辭世後，1980年2月，總統蔣經國特頒褒揚令表彰馬廷英教授。中華民國地質學會則於1987年7月16日通過設立「馬廷英青年論文獎」，以紀念這位地質學大師，並表彰馬氏一生奉獻於地質學研究的成就。1945年，由接手台灣大學學者馬廷英教授住進此處，而從該年起至2007年為止，一直都是馬家。另外於1947年秋天，從上海來臺灣、在臺大外文系擔任助教的齊邦媛，亦曾一度寄居於此。青田七六於2006年5月2日，由台北市政府公告，正式成為直轄市定古蹟，名為「國立臺灣大學日式宿舍-馬廷英故居」。",室內
375,臺北市,大安區,｢花現台北杜鵑花季｣ 溫羅汀咖啡街區巷弄,🛍️ 商圈市集類,臺北市大安區溫州街30巷2號,,,886-2-27208889,,,文化類,,,,,"{'PositionLon': 121.53323364257812, 'PositionLat': 25.02260971069336, 'GeoHash': 'wsqqme1z3'}",非古蹟,"{'PictureUrl1': 'https://www.travel.taipei/image/218146', 'PictureDescription1': '｢花現台北杜鵑花季｣ 溫羅汀咖啡街區巷弄'}",,春風微拂、陽光和煦的3月份，正是台北杜鵑花盛開的時刻，沿著台北杜鵑花的賞花地圖，來到溫羅汀街區巷弄漫步，在這一帶安靜的街道中，每條巷弄都隱身著具有質感、文青、復古、清新、溫馨、文藝氣息等各式各樣的書店、咖啡廳、文創小店。但你/妳有沒有發現有些不一樣呢？每年台北杜鵑花季，在地店家開始紛紛妝點上繽紛的杜鵑花窗貼，當人們一走進巷弄中，彷彿置身於粉紅杜鵑花海中，浪漫的杜鵑花語訴說著「我們的約定」，今年也一起相約來參與台北杜鵑花季吧！快準備好你的相機，跟著杜鵑花散步在粉色浪漫的咖啡巷弄，一起拍一波網美照吧！咖啡香、書香、浪漫杜鵑花，等著與你一起共度美好、幸福、有愛的台北杜鵑花季~,室內
376,臺北市,文山區,12生肖步道,⛰️ 自然生態類,臺北市文山區貓纜指南宮站,,開放空間,886-2-27593001,,,自然風景類,,,,,"{'PositionLon': 121.58995819091797, 'PositionLat': 24.97895050048828, 'GeoHash': 'wsqqng70g'}",非古蹟,"{'PictureUrl1': 'https://www.travel.taipei/image/373648', 'PictureDescription1': '12生肖步道'}",,十二生肖步道位在貓纜指南宮站旁邊，由底下的迎仙亭出發，步道沿著山坡而建，最高處可以看到指南宮月下老人，為「指南風景區」內規劃的「情人聖地」，又稱「情人步道」。,室外
377,臺北市,文山區,140高地公園,🌳 都會休閒類,臺北市文山區萬寧街125號140高地公園,,,886-2-27884255,,https://parks.taipei/parks/m2/pkl_parks_m2C.php?sid=147,都會公園類,,,,,"{'PositionLon': 121.56661224365234, 'PositionLat': 25.004289627075195, 'GeoHash': 'wsqqnrfhe'}",非古蹟,"{'PictureUrl1': 'https://www.travel.taipei/image/65988', 'PictureDescription1': '140高地公園'}",,140高地公園面積5.6公頃，位於臺北市文山區萬美里境內，萬寧街北側，介於萬寧街與萬美街2段間的丘陵地，最高海拔為138公尺的枹子腳山位於萬寧街旁的140高地公園，在尚未有萬芳社區之前，該公園用地稱為抱仔腳，是個只有45戶人家居住的廣大丘陵地，如今，海拔138公尺的抱仔腳山下，山頂視野遼闊；93年間闢建了文山（木柵）80號公園（面積約2.2公頃），96年闢建了文山（木柵）30號公園（面積約3.4公頃），兩者倂稱「140高地公園」。公園登山口分位於萬寧街125號及225號旁，沿蜿蜒的木棧階梯往上，登上稜線後轉為碎石階梯步道，循稜線而行，林相豐富，沿途設有觀景平臺及涼亭，視野極佳，可俯瞰山下景觀，遙望101大樓與萬家燈火，可遠眺文山區山光水色，為觀星賞月的最佳地點。為營造永續的生態環境，在公園開闢時儘可能維持原有地貌，避免破壞動植物棲地，園內僅設置必要的設施及步道串聯周邊綠地，提供市民ㄧ處自然的運動與休憩場所。當地民眾在萬寧街23巷自費建造ㄧ個混凝土水池，利用原有電力系統，設置簡易過濾槽過濾池水，池深約有100公分，為維遊客安全及整體景觀，將原有池壁打除，改以石頭堆圈圍水池，已於96年3月完工，目前已成功吸引蛙類棲息，蛙鳴響亮，更顯清幽。本公園並設有全臺北市唯一的「山岳標示導覽圖」，可認識山岳並知名稱、高度。還有簡易的體健設施，運動器材，伸展椅等，在登山賞景之餘，也可在清幽的山中體驗伸展筋骨之樂。(資料來源：臺北市政府工務局公園路燈工程管理處),室外
378,臺北市,文山區,二格山系_仙跡岩親山步道,⛰️ 自然生態類,臺北市文山區景興路243巷1號景美仙跡岩,,開放空間,886-2-27593001,,,自然風景類,,體育健身類,,,"{'PositionLon': 121.54353332519531, 'PositionLat': 24.990970611572266, 'GeoHash': 'wsqqjv3qc'}",非古蹟,"{'PictureUrl1': 'https://www.travel.taipei/image/64374', 'PictureDescription1': '二格山系_仙跡岩親山步道'}",,仙跡岩位於景美地區，亦稱溪子口山，周邊視野景觀良好，傳說八仙中的呂洞賓曾至此留下足跡，使得仙跡岩聲名大噪，常吸引目睹神跡的好奇者前來遊賞，這裡也是附近居民健行運動的最佳去處。仙跡岩與七星山一樣，擁有一顆一等衛星控制點，自景美景興路243巷牌樓拾級而上，經過78階的長壽梯與100階的登仙坡後，就是濃蔭密佈的綠色步道，沿途種類繁多的綠色植被、山頂的仙跡岩大石上、健康步道及仙岩廟皆可遠眺臺北盆地街景，景色幽靜而宜人。山不在高 小而美就好仙跡岩位在景美地區，這山自然別名「景美山」，再因為地處景美溪匯入新店溪的溪口附近，所以也有個「溪子口山」的小名。它的海拔高度雖然只有144公尺，但放眼四周視野良好，別看它只是座小山，可也和七星山一樣，擁有一顆一等衛星控制點。擁有開闊的視野，再加上附近交通便捷，山頂附近因此還能找到繪製地形圖的三角測量基點、而且還是一顆二等三角點基石呢。仙跡岩山勢不高，不但是附近居民可親的「後花園」，全家一起爬山也很適合。雖說一開始要花點力氣先爬完78階的長壽梯，接著再走100階的登仙坡，兩旁濃密樹林喚來的清涼山風，很快就能為你消弭剛才爬坡的疲勞。之後的步道一路平緩易行，沿途又設有多處涼亭可歇腳或觀景，循著新設的小鳥造型指標向前行，就可以好整以暇、輕輕鬆鬆地走完全程。由主婦聯盟設計規劃的生態解說牌一路隨行，讓這趟旅程更具「看頭」。只消按圖索驥，就能在行旅途中一探這裡的生態樣貌和自然環境。就連仙跡岩的地質、以及附近山坡地濫墾的嚴重性，也能從中略窺一二，讓趣味盎然的步道之旅又多了份知性。在不經意間，生態教育的常識也深深烙印在來訪小朋友的腦海中，成為兒時記憶的豐富寶藏。春夏秋冬　四季賞趣樂這裡是最佳的自然生態戶外觀察教室。隨著四季更迭輪轉，精彩動人的動植物生態絕對會讓你不虛此行。仙跡岩的生態環境獨立完整、自成一體，二月見雪白的曼陀羅花和緋紅的山櫻花。倒垂的曼陀羅姿態特殊，全株都含有毒素，是典型的「不可近褻玩」花種；山櫻花冬季先開花，春天才長出嫩葉和果實，冬、春之交經常吸引鳥類與昆蟲來訪。春天以後，扁鍬形蟲、象鼻蟲、星天牛等昆蟲經常會出來活動；台灣常見的斯文豪氏攀蜥也是步道旁的常客。四、五月間是「五月雪」油桐花紛飛的時節，在油桐花叢中最容易發現紅肩粉蝶的豔麗身影。從五月開始，喜歡攀附樹冠上享受日光浴的酸藤開滿粉紅花朵，為樹木披上粉彩外衣；滿是金黃小花的相思樹花海也為初夏山丘憑添幾分繽紛色彩。六月黃蕊白花的月桃花盛放，結有果實的樹種則是山龍眼和構樹；沿路上的野桐花也招來不少蝴蝶、天牛和金龜子，這可是一年一度近距離觀察許多昆蟲的好時機。視野開闊的仙巖廟前人工栽培的綠籬植物，像鳳仙花、朱槿花等，總會吸引為數可觀的鳳蝶前來採蜜。仙跡岩常見的蝴蝶多達二、三十種，蝶影飛舞好不熱鬧；賣力高唱「求偶曲」的五色鳥、綠繡眼也來參一腳，不時出沒林間的鳥伴還有白頭翁、畫眉、山紅頭等。進入繁殖高峰期的赤腹松鼠急著找伴侶，自然也會加入大自然的樂音之中。十一月楓紅映山頭，時序進入深秋，仙跡岩豐厚的生命力也許漸漸休養生息去了，但居高臨下的美景仍聚足相當人氣，有人說遊仙跡岩最佳的時刻是在黃昏，看完滿天彩霞後，緊接著璀璨的台北市夜景就展現眼前。這位於景美溪畔的小山真是令人嘖嘖驚奇，標準的「麻雀雖小、五臟俱全」，無怪乎魅力十足，假日總是遊人如織。,室外
379,臺北市,文山區,仙岩公園,🌳 都會休閒類,臺北市文山區仙岩路16巷36號仙岩公園,,,886-2-27853819,,https://parks.taipei/parks/m2/pkl_parks_m2C.php?sid=578,都會公園類,自然風景類,,,,"{'PositionLon': 121.5496826171875, 'PositionLat': 24.998029708862305, 'GeoHash': 'wsqqjyvb0'}",非古蹟,"{'PictureUrl1': 'https://www.travel.taipei/image/178712', 'PictureDescription1': '仙岩公園'}",,公園外圍四邊型植栽區域形成公園環狀綠色廊道，園內廣場以兒童遊戲區為主體，圍繞遊戲區之步道及植栽空間層次清楚，有座山丘上環山步道環繞，提供附近居民登高健行之樂。,室外
380,臺北市,文山區,優人神鼓山上劇場,⛰️ 自然生態類,臺北市文山區老泉里,,,886-2-29100528,,http://www.utheatre.org.tw/,文化類,自然風景類,,,,"{'PositionLon': 121.57379150390625, 'PositionLat': 24.965810775756836, 'GeoHash': 'wsqqn2zk6'}",非古蹟,"{'PictureUrl1': 'https://www.travel.taipei/image/374550', 'PictureDescription1': '優人神鼓山上劇場'}",,優人神鼓-山上劇場座落在貓空的老泉山上，2007年登錄為文化景觀，不僅是劇團的家園、創作與工作場域，更是靈感的來源與生命的根基。在此可以找到純粹與豐富的自然與生命交流經驗。,室內
381,臺北市,文山區,大成殿步道,⛰️ 自然生態類,臺北市文山區指南路三段157巷223號,,開放空間,886-2-27593001,,,廟宇類,自然風景類,,,,"{'PositionLon': 121.59224700927734, 'PositionLat': 24.976730346679688, 'GeoHash': 'wsqqnfugb'}",非古蹟,"{'PictureUrl1': 'https://www.travel.taipei/image/373638', 'PictureDescription1': '大成殿步道'}",,僅有700公尺的大成殿步道連接指南宮和指南路，是台北茶鄉大縱走中的其中一段路。步道沿途種植了許多山櫻花，是著名的春遊賞櫻景點，四、五月間還可來此賞桐花，落英繽紛地散落在綠意盎然的森林中，更覺浪漫唯美。,室外
382,臺北市,文山區,天恩宮,🏯 歷史人文類,臺北市文山區指南路三段38巷37-2號,,每日7:00-18:00,886-2-29382888,,,廟宇類,,,,,"{'PositionLon': 121.59220123291016, 'PositionLat': 24.9702091217041, 'GeoHash': 'wsqqncswp'}",非古蹟,"{'PictureUrl1': 'https://www.travel.taipei/image/107623', 'PictureDescription1': '天恩宮'}",,「天恩宮」位於貓空的內彎一帶，屬於「一貫道」的道場。外觀是傳統中國宮殿式的建築，有三層樓高，白欄橙瓦紅柱，莊嚴肅穆。據說天恩宮建廟之初，曾請掘井公司在廟地找水，掘井公司挖了好幾處，甚至深至二十尺仍找不到水。於是當時的主任委員通知台灣各地所屬信徒，在同一天晚上叩求上天慈悲賜水，三日後，在後方擋土牆處竟奇蹟式的冒出泉水，清澈甘甜，水質極佳。因感謝上天鴻恩賜水，故取名：「天恩泉」。「天恩宮」一樓大殿中間供奉著笑口常開、快樂無憂的彌勒佛，兩邊分別是觀世音菩薩及關聖帝君。在假日設有各種修道的課程及活動，並以恢復本性之自然，啟發良知良能之至善，己立立人，己達達人為各種課程、活動之宗旨。另外「天恩宮」亦推廣素食，旁邊有販賣部，有著各式口味的素餅及茶點，很受大眾歡迎。,室內
383,臺北市,文山區,慈音休閒農莊,🌳 都會休閒類,臺北市文山區老泉街26巷11號,,開放時間：07:00-19:00 ，以店家公告為準,886-2-29375256,,,其他,,其他,,,"{'PositionLon': 121.56625366210938, 'PositionLat': 24.96623992919922, 'GeoHash': 'wsqqn2cyg'}",非古蹟,"{'PictureUrl1': 'https://www.travel.taipei/image/373942', 'PictureDescription1': '慈音休閒農莊'}",,橘黃色的金針花花朵，朵朵盛開，不用遠赴花蓮也能看到，在台北木柵山區也可看到隱藏版金黃花海唷！每年9月到10月中旬是金針花盛開期。秋天感受金黃花魅力正是時候！素有一日美人之稱的金針花，姿態萬千，黃色格外亮眼閃耀！色彩鮮豔、充滿活力的金針花，每年一到8、9月就會盛開綻放，其景之美，總讓許多民眾不辭辛苦走訪一趟，感受滿山金色花海的美景盛況。能看到一大片金針花海，是一種幸福喔！金針花的別名又稱為「忘憂草」，來到這裡，看著滿山遍野的金黃色花海，吹著徐徐微風，感覺上煩惱跟憂愁真的都消失一般。金針花小百科：金針花古稱為萱草，屬百合科，形似喇叭狀，朝開暮謝，因有「一日百合」、「一日美人」之稱。原生種花分橙、黃二色，近年來已有改良，色彩亦繽紛多彩。金針花自古即諭為母親之花，具有秀外慧中、堅忍之意涵。金針菜屬涼性食物，對體質燥熱性者，適量實用有清涼退火作用，但對於涼冷性之體質者，宜限量淺嚐或以薑和麻油烹調實用為宜。,室外
384,臺北市,文山區,戀人平台,🌳 都會休閒類,臺北市文山區指南路三段157巷200號,,,886-2-27593001,,,地標景觀類,,,,,"{'PositionLon': 121.58966827392578, 'PositionLat': 24.978830337524414, 'GeoHash': 'wsqqng6bh'}",非古蹟,"{'PictureUrl1': 'https://www.travel.taipei/image/373641', 'PictureDescription1': '戀人平台'}",,指南宮月下老人旁的木棧平台設置有筊杯月娘椅，被稱為「戀人平台」。,室外
385,臺北市,文山區,指南宮,🏯 歷史人文類,臺北市文山區萬壽路115號,,每日6:00-20:00(關廟門時間21:00),886-2-29399922,,http://www.chih-nan-temple.org/index.php,廟宇類,,,,,"{'PositionLon': 121.58661651611328, 'PositionLat': 24.979820251464844, 'GeoHash': 'wsqqng2tv'}",非古蹟,"{'PictureUrl1': 'https://www.travel.taipei/image/468067', 'PictureDescription1': '指南宮'}",,指南宮位於臺北市文山區萬壽路115號，在木柵指南山麓，海拔285公尺，創建於前清光緒16年（公元1890年），由淡水知縣王彬林自山西永樂宮分靈來臺。宮區佔地廣達數十公頃，古木參天，濃蔭蔽日。全宮共有純陽寶殿、凌霄寶殿、大雄寶殿、大成寶殿及地藏王寶殿五大殿宇；連同附殿太歲殿、玉皇殿、三清殿、斗姥殿、山西聖尊寶殿、圓通寶殿，共計十餘座，均是依山而建，宏偉莊嚴，建築多採堅固石材，並用銅瓦覆蓋，可歷千年。兩殿之間有長廊相連，亭池 臺榭，四時花開不謝，空氣清新，景色至為迷人，為臺灣最負盛名的道教叢林，被譽為“天下第一靈山”。由於經常辦理各項大型宗教活動，參與國際弘道事務，聲名遠播，已成為世界級的觀光景點。 指南宮主祀純陽祖師呂洞賓，道教正式名稱是“孚佑帝君”，但民間習稱“仙公”或“呂祖”。呂祖是唐朝時人，飽讀詩書，曾考中進士，做過縣令，因為虔心慕道，得遇正陽祖師鍾離權仙師以黃粱大夢點化，點石成金試測，傳授心法，終成大道，位列仙班。但因立有“度盡世人”的宏願，所以經常顯化民間“濟世渡人，救難解厄”，是留下了許多的神蹟佳話的道教神仙，全國各地均有奉祀的專祠和宮廟，指南宮就是大家最喜歡參訪的仙公廟。貓空纜車通車以後，交通更加方便，任何時候都歡迎遊客蒞臨。建築特色指南宮全部建築以楠木、青斗石、銅瓦，為主要建材，融合北方宮殿、閩南傳統風格及佛教特色設計建造。其中純陽寶殿為 臺灣傳統大師陳應彬後期代表作品，凌霄寶殿為臺灣寺廟最高建築，屋脊遍布仙雲走獸，雕龍飾鳳，莊嚴華麗，大雄寶殿造型有如佛頭，尤為特別。地藏王寶殿，法相莊嚴，十八羅漢環列，景色優美。(內文來源：臺北市文山區公所),室內
386,臺北市,文山區,文山公民會館,⛰️ 自然生態類,臺北市文山區木柵路二段189號,,星期一至星期六上午9：00～12：00、下午02：00～05：00例假日及國定假日休館上午九時至十二時；下午二時至五時；晚間六時至九時。逢國定假日、特殊節日或經管機關張貼休館之日不對外開放使用。,886-2-22346686,,http://wsdo.gov.taipei/ct.asp?xItem=58702&ctNode=6010&mp=124121,公共設施類,自然風景類,,,,"{'PositionLon': 121.56974029541016, 'PositionLat': 24.989999771118164, 'GeoHash': 'wsqqnmk3k'}",非古蹟,"{'PictureUrl1': 'https://www.travel.taipei/image/65728', 'PictureDescription1': '文山公民會館'}",,原為長年閒置、外觀陳舊之木柵國民小學校長宿舍，經翻修整建後，搖身蛻變為充滿日式樸實與現代感交融的雅致建築，象徵傳承與新舊接軌之意涵。文山公民會館的籌建與成立有著一頁艱辛過程，自88年5月舉行文山公民會館用地建議案工作協調會起，透過多次舉辦「地方領袖工作坊」「文山公民會館公聽會」「文山公民會館整體規劃會議」等多場由社區規劃師、民間社團代表、校方家長及社區民眾參與討論研商後，凝聚規劃整建利用的共識，而於2002年（民國91年）舉行開工動土典禮，並於10月19日舉行隆重的落成啟用典禮，至此，興建於民國16年構工精細的日式建築有了新面貌，重新擔負發展本區地方人文史蹟、產業特色及凝聚社區居民意識的重大任務，亦為閒置空間再利用最佳代表之一。木柵國小創立於民國前6年，原屬景尾公學校分班，劉山銘校長於1946年（民國35年）接任第二任校長，劉校長治校嚴謹參與地方公共事務甚多，作育英才無數，是木柵地方人士深深感佩的教育工作者，劉校長1969年（民國58年）退休，於1982年（民國71年）辭世，劉夫人則仍舊住在留有大半輩子回憶的校長老宿舍，直到1992年（民國81年）往生，自此老校長宿舍即閒置未再使用。本區公民會館位處文山區行政中心正對面，毗鄰木柵國小，東臨景美溪，基地面積636平方公尺，內外空間上區分為服務台、演講廳、戶外廣場、戶外多元廣場等，可做為教學、公共藝術、大樹教室及多元展示空間，深具鄉土、人文價值與象徵意義之典雅建築物。會館新館為新建2層樓建築，除展示區史、區政發展史、歷史老照片及地方產業特色外，為提升文化生活品質，不定期邀請藝術文化工作者、團體、社區等於1、2樓辦理各項藝術創作展覽，亦同時提供租借服務。舊館則為日式建築整建，為開放展覽空間，亦提供民眾、團體租借使用，辦理各項討論會、讀書會等學術知性活動等。文山是「人文薈萃、好山好水」的好地方，更有豐富的人文歷史及產業特色，來一趟雅致、今昔兼蓄的公民會館，不只可以了解文山的早往今來，更可體驗具有歷史價值的美麗優雅建築，熱忱期盼所有市民朋友的蒞臨!,室內
387,臺北市,文山區,景美夜市,🛍️ 商圈市集類,臺北市文山區景美街48號,,每日18:00~24:00,886-2-25505220,,https://www.tcma.gov.taipei/News_Content.aspx?n=FAC14AD2DE4E01A4&sms=32F7BA052C5CA548&s=C784E7F773A38D3E,小吃/特產類,,,,,"{'PositionLon': 121.54171752929688, 'PositionLat': 24.99066925048828, 'GeoHash': 'wsqqjtrvp'}",非古蹟,"{'PictureUrl1': 'https://www.travel.taipei/image/66228', 'PictureDescription1': '景美夜市'}",,多達數百家攤販的景美夜市，有30多年歷史，也是典型的傳統小吃，價格便宜。為了便於管理，將攤位全部集中在方形區域內。另一邊的『景美公有市場』，也是夜市的一部份，除了吃的，還有販賣服飾、CD、五金百貨等等，叫賣聲炒熱了市集的氣氛，隨意走走逛逛，就是一個悠閒的夜晚。景美夜市的美食，多到數不清，好吃又大顆的景美上海生煎包、香酥夠味的阿郎鹽酥雞、芳香四溢的鄭家碳烤、冬令進補的當歸鴨和麻油雞、簡單可口的鵪鶉蛋與燙魷魚，還有香醇可口的景美豆花、東洋味的沖繩麻糬，這麼多美味佳餚，一個胃真的不夠用。,室外
388,臺北市,文山區,景美溪河濱自行車道,⛰️ 自然生態類,臺北市文山區老泉里,,開放空間,886-2-27258149,,https://heo.gov.taipei/cp.aspx?n=A30EAFDA61A1C236,遊憩類,自然風景類,自然風景類,,,"{'PositionLon': 121.56629180908203, 'PositionLat': 24.98134994506836, 'GeoHash': 'wsqqn79yg'}",非古蹟,"{'PictureUrl1': 'https://www.travel.taipei/image/63334', 'PictureDescription1': '景美溪河濱自行車道'}",,有青山綠水相伴的景美溪河濱自行車道，沿線有動物園，政大球場及青草綠茵，溪流常有魚群穿梭，適合攜家帶眷全家出遊的路線。沿線的景觀相當豐富，翠綠草地，清澈溪流讓人感覺非常舒適，此外，於道南河濱公園內還設有各式各樣的運動場所，如籃球場、溜冰場、羽球場等，每到傍晚便可看到許多人或走或騎自行車到這兒來進行各種運動，是一個充滿活力的自行車道。,室外
389,臺北市,文山區,景美集應廟,🏯 歷史人文類,臺北市文山區景美街37-2號,,全年無休，自6:00-21:00,886-2-29348446,,http://jm-jiyingtemple.org.tw/,廟宇類,,,,,"{'PositionLon': 121.54183197021484, 'PositionLat': 24.99165916442871, 'GeoHash': 'wsqqjv84c'}",非古蹟,"{'PictureUrl1': 'https://www.travel.taipei/image/89359', 'PictureDescription1': '景美集應廟'}",,位於景美老街的集應廟，原來蓋在景尾竹圍內，供奉著福建省泉州府安溪縣人的保護神──保儀尊王張巡和保儀大夫許遠。後來因風水不好，於西元1867（同治6年）將廟遷建景尾街下街，就是今日的廟址。400年前，安溪人移民來到臺北，因為他們大部分都是茶農，所以選擇了文山這個潮濕的山丘地來種茶，同時帶來他們的鄉土保護神，保儀尊王、保儀大夫、清水祖師等神明。那時候的安溪人主要是高、張、林3大姓，隨著時間的進展，人口逐漸增加，開墾的土地從景美一直拓展到木柵、深坑、石碇等地，當然供奉安溪縣鄉土神明的人也越來越多，因此就將集應廟拓展成3座，現在景美市場內的高氏集應廟，就是其中之一。這裡有著景美老街的歷史感，也是三級古蹟，外觀及內部相當莊嚴，有許多壁飾與精緻的石雕，另外廊道也深具木質的美感，木造的窗戶及房屋，洋溢著古時的氣氛，與景美的老街融合為一。,室內
390,臺北市,文山區,樟山寺,🏯 歷史人文類,臺北市文山區老泉街45巷29號,,開放空間,886-2-29398966,,,廟宇類,自然風景類,自然風景類,,,"{'PositionLon': 121.57937622070312, 'PositionLat': 24.972990036010742, 'GeoHash': 'wsqqnd5qh'}",非古蹟,"{'PictureUrl1': 'https://www.travel.taipei/image/64660', 'PictureDescription1': '樟山寺'}",,興建於1931年的樟山寺，外觀樸實而穩重，寺內供奉觀世音菩薩，相傳民國初年時，一位住在樟湖附近的居民，在無意間發現一尊形似觀音菩薩的石像，於是便誠心供奉，後因祈福靈驗而信徒廣增，便由信徒斥資建廟，經過多次修建始成今貌。寺廟居高臨下，前方寬闊的廣場是眺望大台北市區的絕佳地點。附近有三條登山步道，每逢假日，登山客與香客絡繹不絕，是木柵茶區最著名的寺廟。二格山系著名寺廟除了指南宮外，就屬樟山寺最為出名，該寺埸視野極佳，台北盆地盡入眼簾，經常吸引登山健行遊客駐足遠眺，而且附近茶園遍佈，品茶遊客不斷，已成為民眾遊憩重要據點。以樟山寺為中心點，有三條步道呈放射狀分別通往其他遊息據點，包括飛龍山步道（往政大環山道路）、樟山寺指南國小段及救千宮步道，三條步道的起訖點都位於樟山寺廣場。飛龍步道的特色，在於整條步道中間均有塊石綿延不斷，從遠處望來，像恐龍的脊椎一樣，因而得名。連接指南國小 （指南路三段三十四巷九號之二）的步道系統，則沿途都是鐵觀音茶園，走完步道後，全身都散發茶香。救千宮步道較為陡峭，但途中在福德宮前，有一棵百年老榕樹，盤根交錯，結成一粒粒樹瘤，景象相當奇特。,室內
391,臺北市,文山區,永安藝文館,🏯 歷史人文類,臺北市文山區木新路二段156之1號,,周一至周五 9:00-21:00周六至周日 9:00-18:00,886-2-29393088,,,文化類,,,,,"{'PositionLon': 121.5689697265625, 'PositionLat': 24.98447036743164, 'GeoHash': 'wsqqnk7c4'}",非古蹟,"{'PictureUrl1': 'https://www.travel.taipei/image/376092', 'PictureDescription1': '永安藝文館'}",,「永安藝文館」為文山區的藝術文化中心，長期推動表演藝術，提供專業場地、藝術課程、人文講座以及多元演出等服務。於2023年4月起委託故事工廠經營，帶入戲劇、特技、舞蹈三大元素，打造一座屬於文山區的藝術聚落。將劇場融入生活日常，把舞台開放給大眾；帶入人才在地深耕，與社區共學交流；促進場館與社區互惠共榮，和居民攜手營造在地光榮感，結合整合跨域文化資源，帶動文山區藝術風華。無論是表演團隊或是ㄧ般民眾，皆可於永安藝文館找到享受藝術的管道，以參與文化滋養生活，以學習藝術樂在其中。,室內
392,臺北市,文山區,綠光平台,🌳 都會休閒類,臺北市文山區貓纜指南宮站,,,886-2-27593001,,,地標景觀類,,,,,"{'PositionLon': 121.58989715576172, 'PositionLat': 24.978740692138672, 'GeoHash': 'wsqqng5p9'}",非古蹟,"{'PictureUrl1': 'https://www.travel.taipei/image/373649', 'PictureDescription1': '綠光平台'}",,民眾可搭乘貓空纜車至指南宮站，出站即可到「綠光平台」眺望貓空山區美景。平台係利用太陽能板儲存電力發光，入夜後燈光絢麗，不僅是纜車乘客觀賞景點，也是環保綠能教育空間。,室外
393,臺北市,文山區,臺北市立動物園,🌳 都會休閒類,臺北市文山區新光路二段30號,,【園區步道】平日 9:00 - 17:00假日 8:30 - 17:0016:00停止入園【動物展示】09:00-16:30【教育中心】09:00-17:00 每週一休館；農曆除夕休館，遇假日則順延隔日休館,886-2-29382300#630,,https://www.zoo.gov.taipei/,遊憩類,,,,,"{'PositionLon': 121.58106231689453, 'PositionLat': 24.998859405517578, 'GeoHash': 'wsqqnwusu'}",非古蹟,"{'PictureUrl1': 'https://www.travel.taipei/image/361246', 'PictureDescription1': '臺北市立動物園'}",,翻轉物種瀕危趨勢行動從你我開始！經常有遊客詢問：為什麼臺北市立動物園的園徽是梅花鹿呢？原來梅花鹿的復育不僅是相當成功的保育範例，更是臺灣首次透過動物園的保育繁殖、「再引入」野生動物的復育實例，透過了解梅花鹿復育的路程，可以從中探究動物園存在的價值、及對野生動物保育的重要性。於是在1986年臺北市立動物園由圓山搬遷至木柵新園時，便以梅花鹿的形象作為新園徽。臺北市立動物園是東南亞規模最大的動物園，動物種類相當豐富與多樣，一整天也逛不完！出發前不妨先瀏覽官網的園區地圖、建議行程，挑選自己的專屬路線後，就能盡情享受可愛動物們的萌樣囉！(資料來源：臺北市立動物園),室外
394,臺北市,文山區,臺北市鐵觀音包種茶研發推廣中心,🌳 都會休閒類,臺北市文山區指南路三段40巷8-2號,,,886-2-22340568,,https://www.recreational-agriculture.taipei/cp.aspx?n=A94C081005225EB4&s=B118591B89438459,其他,,,,,"{'PositionLon': 121.59427642822266, 'PositionLat': 24.969079971313477, 'GeoHash': 'wsqqncqpr'}",非古蹟,"{'PictureUrl1': 'https://www.travel.taipei/image/129346', 'PictureDescription1': '臺北市鐵觀音包種茶研發推廣中心'}",,「臺北市鐵觀音包種茶研發推廣中心」位於貓空地區，於74年興建完成。設有茶葉展示區，介紹茶葉的製作過程和品茶的方法等關於茶葉的知識；茶藝教學區，於平日提供預約解說教學服務，週末假日則會有志工提供免費的導覽；戶外教學區，位於推廣中心的後山，種植各種植物，包括桂花、茶花、櫻花、青楓等，並設有親子遊憩區、茶園區、生態水池、氣象觀測坪、人工降雨沖蝕槽等，介紹水土保持的知識，讓民眾能了解水土保持的重要性。推廣中心結合了農業、生活、文化與休閒，提供市民一個休閒活動的好去處，並引導民眾深入了解木柵地區的茶業產業及文化。茶推廣中心每年辦理20場茶體驗活動，包含採茶體驗、茶藝教學、茶點製作等；週六、日則有安排志工於現場提供免費導覽解說服務，平日（週二至週五）僅受理團體預約，有需要的團體須兩星期前預約，導覽內容包括茶藝指導、茶園及生態導覽等。,室外
395,臺北市,文山區,興隆公園,🌳 都會休閒類,臺北市文山區仙岩路128號興隆公園,,,886-2-27853819,,https://parks.taipei/parks/m2/pkl_parks_m2C.php?sid=119,都會公園類,,,,,"{'PositionLon': 121.55110168457031, 'PositionLat': 25.000160217285156, 'GeoHash': 'wsqqjznu3'}",非古蹟,"{'PictureUrl1': 'https://www.travel.taipei/image/373727', 'PictureDescription1': '興隆公園'}",,興隆公園內以觀景湖為中心，水池部分，仿古闢建、垂柳緊接、林木成蔭頗富詩意，為本公園特色之一。並有假山、噴泉，湖旁有休憩的步道，中央有拱橋，景觀雅致，許多婚紗業者甚而選定此地，取其古典風格為許多準新人拍攝。湖面東北側除立有公園碑，北側入口有兒童遊樂區，及停車管理處新建之地下停車場，期盼給予市民更多的停車空間及完善服務。公園內種有白千層、榕樹、楓樹、黑板樹、紫薇、美人樹、羊紫荊、櫻花及椰子等喬木。在這些大型栽植蔽蔭之下，加上熱心民眾加設石桌椅等供人休息、乘涼，吸引來此運動散心的人數日益增多，加上民眾熱心維護公園環境，人人自律，主動清理，保持潔淨的休憩空間，每當黃昏金黃色陽光灑滿了整個公園，倘佯期間，宛如置身於農村純樸的感覺，倘若遊客時機正確，可享受這片刻的悠閒，一切的安寧正由此開始。由於地點適中、交通方便、卻又鮮少有塵囂之染，推薦您到此一遊的公園。,室外
396,臺北市,文山區,貓空樟樹步道,⛰️ 自然生態類,臺北市文山區指南路三段38巷20號,,,886-2-27593001,,,自然風景類,,,,,"{'PositionLon': 121.58740234375, 'PositionLat': 24.9672908782959, 'GeoHash': 'wsqqnc1jp'}",非古蹟,"{'PictureUrl1': 'https://www.travel.taipei/image/492027', 'PictureDescription1': '貓空樟樹步道'}",,樟樹步道位於臺北貓空地區，前身為重要的保甲路線之一，現在已成為深受遊客喜愛的健行景點。步道規劃平緩且開闊，適合各年齡層的遊客來此健行或休憩。步道兩旁是典型的農村景致，設有相思炭窯、茶園、穀倉等特色景點，讓你在享受大自然的同時，也能體會臺灣傳統農業與歷史文化的魅力。隨著四季變換，步道上的花卉景色總是讓人驚豔。春天，魯冰花如風鈴般搖曳，夏天大波斯菊為炎熱的季節增添清新感，秋天的向日葵金黃燦爛，為登山之旅增添不少愉悅氛圍。在健行的途中，當你感到疲憊時，步道旁的茶坊是個理想的休息場所。這些茶坊提供貓空高山茶，以清新的茶香與山間的清風，為遊客提供了一個悠閒放鬆的空間，讓你在品茶的同時，也能享受周圍的大自然景色，輕鬆恢復體力。貓空樟樹步道是一條兼具自然美景和人文歷史的健行路線，無論是全家大小或是獨自探險，這裡都能帶給你愉快而療癒的旅行體驗。,室外
397,臺北市,文山區,貓空纜車,🌳 都會休閒類,臺北市文山區新光路二段8號動物園站,,週二至週四09:00 ~ 21:00週五及國定假日前一天09:00 ~ 22:00週六及國定假日08:30 ~ 22:00週日及國定假日最後一天08:30 ~ 21:00,886-2-21812345,,https://www.gondola.taipei/,其他,,,,,"{'PositionLon': 121.57634735107422, 'PositionLat': 24.996339797973633, 'GeoHash': 'wsqqnw3nn'}",非古蹟,"{'PictureUrl1': 'https://www.travel.taipei/image/221491', 'PictureDescription1': '貓空纜車'}",,全長4.03公里的貓空纜車，是臺北市內的第一條纜車系統，單程一趟大約20到30分鐘，分別設「動物園站」、「動物園南站」、「指南宮站」、「貓空站」四個站讓乘客上下車。動物園站搭貓空纜車很簡單，只要捷運文湖線坐到最後一站「動物園站」，就可以走到纜車動物園站轉搭貓空纜車。動物園南站貓纜的第一個停靠站，逛完動物園的遊客可以搭乘貓纜接駁車至動物園南站，並搭貓纜前往貓空。指南宮站貓纜第二個停靠站，指南宮內有五大殿宇，吸引各地遊客前來參拜，並有一座自在茶亭，備有文山包種茶、鐵觀音等，提供遊客在此休憩。貓空站纜車的終點站，這裡到處都是茶園和茶坊，許多民眾會特地來這喝茶聊八卦。夜幕降臨時也能在此眺望整個大臺北地區的夜景。如果您來貓空，不妨找間茶坊，喝喝有名的「木柵鐵觀音」和「文山包種茶」，然後邊品嚐美味的特色茶餐，邊欣賞臺北盆地的美景，才算不虛此行！而搭纜車最美的三個時刻，就是在雨後的雲霧、黃昏的晚霞和燦爛的夜景，當你坐上纜車，隨著山勢的起伏前進，可眺望行進中的捷運列車、景美溪畔的河濱公園、臺北101和長頸鹿焚化爐；來到轉角2站時，會有個大轉彎，這時視野大開，可俯瞰高速公路車潮景像；過了指南宮站後，就開始進入一個V字型的大陡坡，也是纜車旅程中的最高潮，這種感覺會讓你今生難忘。,室外
398,臺北市,松山區,台北偶戲館,🎨 藝文展館類,臺北市松山區市民大道五段99號2樓,,周二至日10:00-17:00（週一休館）,886-2-25289553,,https://www.pact.taipei/,其他,,,,,"{'PositionLon': 121.56136322021484, 'PositionLat': 25.047740936279297, 'GeoHash': 'wsqqqpy39'}",非古蹟,"{'PictureUrl1': 'https://www.travel.taipei/image/376107', 'PictureDescription1': '台北偶戲館'}",,長期推動典藏品展示、演出教學等活動，為包含常設(特)展場、教室、排練室、劇場等複合型場館，以當代新視野，媒合各藝術領域，進行創意實驗與技藝交流，推動偶戲內容多元轉譯、促進多元文化交流，媒合國際資源，提供全新偶戲觀點，作為面向觀眾與創作者一個開放包容的偶戲交流平台。是一個容易接觸偶戲與適合親子共遊的好處去。,室外
399,臺北市,松山區,富民生態公園,⛰️ 自然生態類,臺北市松山區新東街41-7號富民生態公園,,全天開放,886-2-25850192,,https://parks.taipei/parks/m2/pkl_parks_m2C.php?sid=506,生態類,都會公園類,都會公園類,,,"{'PositionLon': 121.56421661376953, 'PositionLat': 25.060110092163086, 'GeoHash': 'wsqqw603e'}",非古蹟,"{'PictureUrl1': 'https://www.travel.taipei/image/179320', 'PictureDescription1': '富民生態公園'}",,"富民生態公園是臺北市少數一座由水生生態為主的公園，經歷約五年的整理建造，於民國91年底完工。 富民生態公園位於松山區民生東路五段177巷旁，介於三民路及新東街之間，全區面積約為8,413平方公尺。公園最大特色為其全長近100公尺的生態水道，這條生態水道彷彿為臺灣北部溪流的縮影。河川生態區的下游是埤塘生態區，有滿江紅、睡蓮、香蒲、臺灣萍蓬草等水生植物。而在生態區最終端的氾濫平原區也有長沙、三白草、卵葉水丁香等豐富的水生植物。走在富民生態公園內，眼可見鳥類、兩棲類、昆蟲類等動物；耳可聽蛙鳴鳥叫以及流水聲；鼻可聞野薑花、桂花散發出的自然花香。富民公園讓平日生活在車水馬龍中的臺北市民們，有機會靜下心來體驗大自然之美。",室外
400,臺北市,松山區,富錦街,🛍️ 商圈市集類,臺北市松山區富錦街381號,,各店營業時間不同，請依各店家公告為主。,886-2-87878787,,,其他,,,,,"{'PositionLon': 121.55911254882812, 'PositionLat': 25.060630798339844, 'GeoHash': 'wsqqw4hsu'}",非古蹟,"{'PictureUrl1': 'https://www.travel.taipei/image/179335', 'PictureDescription1': '富錦街'}",,松山區的富錦街巷弄一帶，大多是老舊的四層樓公寓，近年來有不少風格別具的家具店、風格小店及咖啡店聚集，吸引許多文人雅士來此尋找靈感，包含mooi魔椅、woolloomooloo等，還有以健康為訴求，販售在地食材的日光大道，在這可以逛楊儒門的農學市集，也能買到臺灣在地精釀的手工啤酒。富錦街社區內有許多公園、綠樹和樹蔭，隨著時間、氣候的變化，讓城市街道有不一樣的感受，加上店家們的氣氛簡單輕鬆，皆使富錦街成為一個適合徒步享受街道、建築、人聲、氣味的好地方。,室外
401,臺北市,松山區,寶勝畫廊,🎨 藝文展館類,臺北市松山區敦化北路207號13號樓之4,,,886-2-77078299,,http://www.xpower-gallery.com/,藝術類,,,,,"{'PositionLon': 121.5495376586914, 'PositionLat': 25.057960510253906, 'GeoHash': 'wsqqtcttj'}",非古蹟,"{'PictureUrl1': 'https://www.travel.taipei/image/191134', 'PictureDescription1': '寶勝畫廊'}",,寶勝畫廊致力於發掘國際上深具文化內涵及真善美的藝術精品，透過畫廊平台與全球收藏家分享。此外，更積極為藝術家舉辦世界巡迴展，舉辦國內外藝術評選賽，參與世界各大藝博會。目前已獲邀參與瑞士蘇黎世藝術博覽會（Art Zurich）、瑞士日內瓦歐洲藝術博覽會（europ‘art）、奧地利茵斯堡藝術博覽會（Art Innsbruck）、美國芝加哥藝術博覽會（Art Chicago）、美國紐約藝術博覽會（Art Expo New York）、北京中藝博國際畫廊博覽會（CIGE）、上海藝術博覽會國際當代藝術展（ShContemporary）、 韓國藝博會（KIAF）……等等。 同時也積極參與國際拍賣，拍賣成果屢創台灣當代藝術畫作最高紀錄，成為全球藝術交流的重要平台。（資料來源：寶勝畫廊官網）,室內
402,臺北市,松山區,彩虹橋,🌳 都會休閒類,臺北市松山區松河街180號彩虹橋,,開放空間,886-2-27258149,,,遊憩類,,,,,"{'PositionLon': 121.57665252685547, 'PositionLat': 25.05215072631836, 'GeoHash': 'wsqqw897m'}",非古蹟,"{'PictureUrl1': 'https://www.travel.taipei/image/65047', 'PictureDescription1': '彩虹橋'}",,彩虹橋全長167公尺，是連接內湖區及松山區，橫跨基隆河的一座橋樑。造型特殊，由橋中央的四條主要鋼纜吊索支撐，橋的結構為S型的曲線橋體，鮮紅色鋼肋拱型梁結構，附屬設施為木質欄杆、粉紅及淡藍色地磚，為一座新穎的地標性公共設施。彩虹橋現只開放人及腳踏車通行，不開放汽機車通行，不時可見行人悠閒漫步，也是往返內湖、饒河街夜市及松山火車站的捷徑橋梁，大大縮短了松山及內湖區居民互通的時間。不論是白天還是夜晚，彩虹橋皆有不同的美。尤其是入夜後，彩虹橋上燈影投射，為臺北的夜景增添不少美麗，成為不少攝影愛好者捕捉臺北夜景的好題材。另外彩虹橋亦設置藍色公路終點站碼頭，吸引更多遊河觀光人潮，成為臺北市另一個觀光新地標。,室外
403,臺北市,松山區,松山慈祐宮,🏯 歷史人文類,臺北市松山區八德路四段761號,,8:00-21:45,886-2-27663012,,https://www.ssjyg.org.tw/,廟宇類,自然風景類,,,,"{'PositionLon': 121.57772827148438, 'PositionLat': 25.05108070373535, 'GeoHash': 'wsqqw86jn'}",非古蹟,"{'PictureUrl1': 'https://www.travel.taipei/image/179307', 'PictureDescription1': '松山慈祐宮'}",,慈祐宮興建於1753年，距今已有兩百多年的歷史，主要信奉的是黑面媽祖。傳說媽祖得道成仙之後，就時常在海上救助遇難的船隻，在臺灣的信仰中，是一位很普遍的神明。本宮建築為六層樓正方形，主殿三川殿相當莊嚴氣派，屋脊是以雙龍朝福、祿、壽三仙，有著保祐之意。宮內三川殿的石獅，為1803年的作品，在幾次的翻修中曾經一度被廢棄在他處，後來被發現後，將之置於三川殿前。由於呈現的是「雄獅張嘴、母獅閉嘴」的傳統，在臺灣十分少見，因此也成了鎮殿之寶。除了石雕之外，這裡的木雕也有著繽紛的色彩，不管是花卉、動物、人物都是栩栩如生，有著宮廟富麗的感覺。慈祐宮一直是錫口十三街莊居民精神皈依之所，每年3月23日天上聖母誕辰，十三街莊就會配合慈祐宮分為東、南、北3路線，沿途各商店住家紛紛設案，備辦牲禮或鮮花素果，恭迎媽祖出巡繞境，讓整個松山區熱鬧騰騰。近幾年來慈祐宮依然是當地重心，更不用說，饒河街夜市就在旁邊，自然是熱鬧非凡。,室內
404,臺北市,松山區,河流彎曲之處，域見繁花光穹,🏯 歷史人文類,臺北市松山區八德路四段105號松山,,,886-2-25215550,,,其他,,,,,"{'PositionLon': 121.57768249511719, 'PositionLat': 25.05013084411621, 'GeoHash': 'wsqqw84pt'}",非古蹟,"{'PictureUrl1': 'https://www.travel.taipei/image/65592', 'PictureDescription1': '河流彎曲之處，域見繁花光穹'}",,松山起源於河流彎曲之處所匯聚成精華薈萃之地，在自然地貌的圍繞下，開啟了豐富的文化繁景，作品藉由「域見」的空間詩意，轉換出藝術品與基地地理環境、與人的「相遇」經驗。透過數萬根管狀單元垂直錯落出高低起伏的有機挑空造型，以有如河灣水波的迴流意象，在挑高空間中流轉、擴散出多重層次與角度的視覺體驗，藉以演繹松山豐沛璀璨的歷史起源。以富麗壯觀的巨型光雕形式，營造如同繁花百景的「繁花＆光穹」，透過充滿生命力的生機力量，舞動出豐富的感官經驗，歌頌松山古今文明遞衍過程裡的百花齊放與未來希望。,室外
405,臺北市,松山區,自由巷及鄭南榕紀念館,🏯 歷史人文類,臺北市松山區民權東路三段106巷3弄13號,,自由巷：開放空間鄭南榕紀念館：因應疫情關係，目前只開放預約參觀，預約相關資訊請依官方網站公告為主或撥打+886-2-2546-8766洽詢。,886-2-25468766,,http://www.nylon.org.tw/,展覽場館類,,,,,"{'PositionLon': 121.54554748535156, 'PositionLat': 25.061500549316406, 'GeoHash': 'wsqqtf6cb'}",非古蹟,"{'PictureUrl1': 'https://www.travel.taipei/image/65087', 'PictureDescription1': '自由巷及鄭南榕紀念館'}",,為彰顯臺灣的民主價值與言論自由，101年6月19日臺北市政府市政會議通過，將位於臺北市民權東路3段106巷3弄——鄭南榕先生當年為爭取言論自由而自焚所在的巷弄，加掛「自由巷」銜牌，臺北市長郝龍斌並於101年8月21日為「自由巷」進行揭牌。「自由巷」內的鄭南榕紀念館為當年《自由時代》周刊辦公室原址，紀念館入口處有鄭南榕的青銅塑像與巨幅照片，肅穆的空間裡，保留有鄭南榕的隨身物品與手稿等紀念文物、相關活動照片及當時自由時代雜誌社的出版品。目前紀念館可預約參訪行程，透過鄭南榕紀錄片的觀賞及專人導覽解說，可以更了解這位民主鬥士為臺灣言論自由所做出的犧牲與貢獻。民眾或是遊客來到此處，除了對前人的精神抱持敬意外，亦能感受市政府全力呵護言論自由這項珍貴資產的用意。,室內
406,臺北市,松山區,臺北小巨蛋,🌳 都會休閒類,臺北市松山區南京東路四段2號No,,主場館 09:00~22:00 (視館內活動時間另行調整),886-2-25783536,,https://www.arena.taipei/,其他,,,,,"{'PositionLon': 121.54974365234375, 'PositionLat': 25.051389694213867, 'GeoHash': 'wsqqtbmyf'}",非古蹟,"{'PictureUrl1': 'https://www.travel.taipei/image/65479', 'PictureDescription1': '臺北小巨蛋'}",,"臺北小巨蛋座落於松山區敦化北路和南京東路四段交叉口，前身為臺北市立棒球場。2000年底，臺北市政府拆除老舊棒球場，於原址興建15,000席多功能體育館(Arena)。臺北小巨蛋是臺北市運動設施整體規劃興建計畫中重要的室內場館設施，建築體分為主場館及副館，主場館為一座地下2層、地上5層之鋼骨鋼筋混凝土建築物，總樓層地板面積約90,900平方公尺。主場地內部長76公尺、寬41.5公尺，伸縮式活動座椅完全伸展時，場地仍達60公尺×29.5公尺，場地中央亦可視需要全面結冰，成為標準的室內冰上競賽運動場館。場地使用可依需要彈性多元變化，因此得以爭取辦理國際單項運動總會之一級賽事活動，也是國內外藝文團體競相租用辦理展演的熱門場地。副館(冰上樂園)常年結冰，為臺灣唯一符合國際標準之室內滑冰場，滑冰場看臺可容納800席位。結冰場地面積為61公尺×30公尺，配置冰上曲棍球、競速滑冰相關器材設施，可舉辦標準室內冰上競技運動，平日開放民眾滑冰運動，並開設各式教學訓練課程。另冰上樂園也歡迎學校社團或公司行號申請團體進場，並可代為安排教學經驗豐富之滑冰教練，引領民眾體驗奔馳滑行樂趣。此外，臺北小巨蛋場館內規劃約2,000餘坪之附屬商業設施，包含知名連鎖餐飲企業、便利商店、健身中心、親子休閒館、保健用品等各式特色店家進駐，滿足民眾舒適的餐飲購物及娛樂需求。",室外
407,臺北市,松山區,臺北市藝文推廣處_城市舞台,🏯 歷史人文類,臺北市松山區八德路三段25號,,,886-2-25775931,,https://www.tapo.gov.taipei/,文化類,,,,,"{'PositionLon': 121.55227661132812, 'PositionLat': 25.048389434814453, 'GeoHash': 'wsqqmzztm'}",非古蹟,"{'PictureUrl1': 'https://www.travel.taipei/image/179352', 'PictureDescription1': '臺北市藝文推廣處_城市舞台'}",,成立於1964年的臺北市立社會教育館，是大家熟悉的藝文空間，以推動藝術文化活動為首要目標，其開放區域以1樓大廳和3間展示廳以靜態展覽陳列為主，也不時推出各類音樂、舞蹈、戲劇活動的城市舞臺和藝術廣場。2003年館舍整修竣工後，表演部份更名為｢城市舞臺｣重新出發，成為更專業、具現代感的綜合型劇場，成為更符合現代化的城市活動空間。另外除了八德路社教館本館，更增建大同區的延平活動中心、文山區的文山分館及市府大樓的親子廣場，不僅紓解了本館使用人數的限制，也讓更多的民眾能方便參與社教活動。民國103年配合文化局組織規程修正定名為「臺北市藝文推廣處」，並於104年11月6日正式揭牌成立。,室內
408,臺北市,松山區,臺北松山機場觀景台,⛰️ 自然生態類,台北市松山區敦化北路340-9號,自2023/10暫停開放，整修工程期8~10個月，完工日期將視天候及施工進度調整,每日9:00~21:00機場開放時間 : 05:00 ~ 23:00,886-2-87703460,,https://www.tsa.gov.tw/layout2?id=51424c7e-ca35-4eb5-878f-7864dc7806d9&culture=1,地標景觀類,自然風景類,,,,"{'PositionLon': 121.55081939697266, 'PositionLat': 25.06422996520996, 'GeoHash': 'wsqqtfy9e'}",非古蹟,"{'PictureUrl1': 'https://www.travel.taipei/image/64883', 'PictureDescription1': '臺北松山機場觀景台'}",,※觀景台自112年10月起整修工程期8~10個月，完工日期將視天候及施工進度調整。臺北國際機場觀景臺於2010年11月重新開放，位於第一及第二航廈間3樓，占地約545坪。觀景臺植栽美化，採用適應臺灣氣候的鐵木，具低輻射熱的好處，此外為符合國際機場的形象，特別選用世界級西班牙設計大師Alexander Lotersztain所設計，取名'Twig'(意為嫩枝)，會發光的戶外座椅，提供民眾晝夜不同的景觀體驗。在入口廣場西側還規劃有戶外輕食區，供民眾休憩飲食。觀景臺為免費開放，可成為民眾休閒新選擇。,室外
409,臺北市,松山區,臺灣股票博物館,🎨 藝文展館類,臺北市松山區復興北路365號3樓,,,886-2-25141300,,https://www.stockmuseum.com.tw/,展覽場館類,自然風景類,,,,"{'PositionLon': 121.54451751708984, 'PositionLat': 25.061080932617188, 'GeoHash': 'wsqqtf4p2'}",非古蹟,"{'PictureUrl1': 'https://www.travel.taipei/image/185493', 'PictureDescription1': '臺灣股票博物館'}",,為降低發行成本、提昇市場作業效率及符合世界潮流，金融監督管理委員會責成臺灣集中保管結算所，積極推動有價證券全面無實體化，民國100年7月29日，我國證券市場正式達到「無實體百分百」目標，成為全球市值前25大中第13個全面無實體化的國家。為彰顯臺灣證券市場邁入全面無實體里程碑，集保結算所特別在原來保管股票的庫房現址，規劃建置臺灣第一座股票博物館。「臺灣股票博物館」除介紹股票的衍生及其演進過程外，期藉珍貴收藏品、文獻資料與多媒體互動等，詳實呈現臺灣股票市場與經濟脈絡同步發展的緊密關係，以及股票對你我身處社會、生活，甚至藝術、人文的影響。歡迎您，在此留下足跡、輕鬆體驗，跟著我們一起打開金庫門，進入時光隧道，探索股票的過去、現在與未來。(資料來源：臺灣股票博物館官網),室內
410,臺北市,松山區,艾比露比外文書店,🎨 藝文展館類,臺北市  松山區饒河街175號2樓,,本書店已於2018年完成網路系統化訂購，辦公室與倉庫不開放選書、付費及取書。,02-2747-7808,捷運松山站2號出口，饒河夜市內,http://www.abbyrubybooks.com,藝術類,,,,,"{'PositionLon': 121.575927734375, 'PositionLat': 25.050640106201172, 'GeoHash': 'wsqqw82fs'}",,{'PictureUrl1': 'https://cloud.culture.tw/h_upload_ccacloud/festival/image/A0/B0/C0/D0/E0/F124/ca36ee4c-19d4-4703-ade8-8c98dbc7de25.jpg'},,艾比露比外文書店是一間社區型書店。書店內書籍以英文兒童與成人繪本為大宗，並且不定期於店內舉辦女性成長、親職教養與英文師訓講座。感恩節至農曆新年這幾個月，也會固定舉辦義賣、物資捐贈與不定期至偏鄉或弱勢機構免費講故事活動。,室內
411,臺北市,松山區,錫口(彩虹)碼頭,🌳 都會休閒類,臺北市松山區饒河街221巷5號,,全天開放,886-2-27258149,,,遊憩類,,,,,"{'PositionLon': 121.57647705078125, 'PositionLat': 25.051509857177734, 'GeoHash': 'wsqqw83r9'}",非古蹟,"{'PictureUrl1': 'https://www.travel.taipei/image/179290', 'PictureDescription1': '錫口(彩虹)碼頭'}",,松山地區於乾隆年間，古名為「錫口」。位於松河街四號水門處之錫口渡口，自古以來即為南北通商、貨物集散之地，曾繁華鼎盛為松山地區錫口文化發展精華之起始港口。民國98年臺北市政府為延伸藍色公路航線，於12月15日完成錫口碼頭之興建，並整修周邊護岸及親水步道整體景觀，並串連錫口碼頭與基4號疏散門間之人行步道。且錫口碼頭鄰近彩虹橋、松山慈祐宮、饒河觀光夜市等特色景點，有吃有玩將成為您心中另一個觀光新地標。,室外
412,臺北市,松山區,饒河街觀光夜市,🛍️ 商圈市集類,臺北市松山區饒河街227號,,下午5時至凌晨0時,886-2-25505220,,https://www.tcma.gov.taipei/News_Content.aspx?n=FAC14AD2DE4E01A4&sms=32F7BA052C5CA548&s=0CFD6ED2C96E9CC4,小吃/特產類,,,,,"{'PositionLon': 121.5775375366211, 'PositionLat': 25.05091094970703, 'GeoHash': 'wsqqw86h1'}",非古蹟,"{'PictureUrl1': 'https://www.travel.taipei/image/282180', 'PictureDescription1': '饒河街觀光夜市'}",,饒河街觀光夜市是臺北市最早的觀光夜市，規模並不大，攤位非常集中，只要是常來的熟客，很快就可以找到自己想吃的攤位，非常方便。饒河街夜市有兩個入口，入口處皆有金碧輝煌的牌樓，以及象徵夜市吉祥物的貓頭鷹圖騰。一處位於塔悠街及饒河街交叉路口，佇立著一座貓頭鷹銅像；另一處則在八德路四段及饒河街交叉口，即位於松山慈佑宮旁。夜市內有許多非吃不可的美食，像是曾獲得米其林推薦的知名蚵仔麵線，滷大腸爽口又脆、相當入味；香噴噴的藥燉排骨，加入中藥秘方，沒有腥羶味，是冬天疏通筋骨、滋補養身聖品；販賣各種滷味的東山鴨頭，肉質有彈性，冰過更好吃；鮮嫩十足的蟹腳蟹肉、好喝的古早豆花，各種新奇美味的小吃多到數不完。,室外
413,臺北市,萬華區,6號彩虹 / Rainbow Six,🌳 都會休閒類,臺北市萬華區漢中街與成都路口,,開放空間,886-2-27208889,,,其他,,,,,"{'PositionLon': 121.50759887695312, 'PositionLat': 25.042699813842773, 'GeoHash': 'wsqqkyzhk'}",非古蹟,"{'PictureUrl1': 'https://www.travel.taipei/image/180447', 'PictureDescription1': '6號彩虹 / Rainbow Six'}",,108年5月17日，臺灣成為亞洲第一個同志可合法結婚的國家，臺北市在多方單位努力下，在同年的9月25日於西門町捷運站6號出口處劃設了「6號彩虹 / Rainbow Six」彩虹地景，象徵臺北市在尊重人權、提倡性平及性別友善的積極與努力，也讓這個新的彩虹地景成為臺北市熱門的打卡景點。,室外
414,臺北市,萬華區,中正河濱公園,🌳 都會休閒類,臺北市萬華區環河西路二段中正河濱公園,,,886-2-2725-8149,,https://heo.gov.taipei/News_Content.aspx?n=E65DBD99C91AEAC4&sms=3A0FD6D3764BFBA7&s=D8E7ECC3EF182651,都會公園類,,,,,"{'PositionLon': 121.51313018798828, 'PositionLat': 25.023399353027344, 'GeoHash': 'wsqqm575v'}",非古蹟,"{'PictureUrl1': 'https://www.travel.taipei/image/373604', 'PictureDescription1': '中正河濱公園'}",,中正河濱公園位於台北市萬華區南隅，中正橋下西端，是新店溪河畔的一處河濱公園。公園的天橋可供民眾俯瞰快速道路上的來往車流，亦可遠瞰地標台北101；公園內的遊戲場-「哈囉公園」設置有全台首創環形滑軌盪鞦韆及溜索滑軌，受到眾多家長及孩童喜愛。,室外
415,臺北市,萬華區,台北天后宮,🏯 歷史人文類,臺北市萬華區成都路51號,,每日07:00~22:00(最後進場時間21:00),886-2-23310421,,http://xn--djrpt1c90vgrd.tw/Index.aspx?fbclid=IwAR2n4byhykd_jQoXh0x1tpEOn2EhiIO1tR1PWIENUulkWsJigSDRJNp-Tzw,廟宇類,,,,,"{'PositionLon': 121.50633239746094, 'PositionLat': 25.042789459228516, 'GeoHash': 'wsqqkyyhy'}",非古蹟,"{'PictureUrl1': 'https://www.travel.taipei/image/63955', 'PictureDescription1': '台北天后宮'}",,台北天后宮，俗稱「西門町媽祖廟」，主祀天上聖母媽祖，現位於臺灣臺北市萬華區成都路上，於1746年時由郊商捐建（當時名為新興宮），與艋舺龍山寺和艋舺祖師廟並稱臺灣清領時期艋舺3大寺廟。1943年因西園路馬路拓寬，所以遭到拆除，神像寄於龍山寺。1948年，信徒將暫時寄人籬下的天上聖母神像從龍山寺迎接出來，改供奉在成都路北側近西寧南路口交叉口的「弘法寺」，原先是日本時期日本人所建立的弘法寺，戰後失火燒毀後，新興宮弘法寺的正殿改建更名為「台灣省天后宮」，不久又改稱「台北天后宮」，真是一段曲折的歷史。媽祖被視為海上的守護神。早期臺灣有賴海洋以維生，又有東南沿海一帶渡海來臺墾拓，碼頭處即為群眾所居，寺廟亦常築於河巷，是以各地港口多建有媽祖廟，其廟口朝向河對岸的山頭，希望保佑每個討海人及渡海移民安全。寺廟內入口處龍邊宮置有古鐘一座，由鐘上所鑄字樣可以得知可見清朝建廟之時其名即為「新興宮」，鑄造年代為1792年（乾隆57年），鑄造地為江蘇無錫。入口處虎邊則置放一座「八仙香爐行宮神龕，八仙蓮花木燭」，原為新興宮神龕，為1820年唐山師傅刻造。從1973年以來，日本高野山金剛峰寺及東京別院每年10月到12月間都輪流派遣高僧到台北天后宮，舉行朝聖禮佛法會。台北天后宮的主神是媽祖，陪神是弘法大師，全臺只有台北天后宮有供奉弘法大師，因此往往吸引了許多日本觀光客專程遠道前來參拜。,室內
416,臺北市,萬華區,和平西路三段_鳥店街,🛍️ 商圈市集類,臺北市萬華區和平西路三段52號,,一般店家營業約10:00~22:00,886-2-23064468,,,其他,,,,,"{'PositionLon': 121.50366973876953, 'PositionLat': 25.034839630126953, 'GeoHash': 'wsqqkvkq8'}",非古蹟,"{'PictureUrl1': 'https://www.travel.taipei/image/98399', 'PictureDescription1': '和平西路三段_鳥店街'}",,鳥店街位於臺北市和平西路3段，由捷運龍山寺站出來，走幾分鐘即可到達，離龍山寺地下街商圈、大理街徒步區都很近。這裡是結合了傳統的特色產業，有一股生氣蓬勃的景象，知名店家繁多，是愛鳥人士購鳥及添購用品的必訪之地。鳥店街除了賣各種鳥，也有賣鳥飼料和各種養鳥器具，因為產品多樣豐富，還有觀光的特色，許多國外觀光客專程來此，就是為了買東方味的鳥籠，別處買不到！就算不想花錢，只要你來，也有成千上萬的鳥兒，嘰嘰喳喳地在等著你。,室外
417,臺北市,萬華區,和平青草園_萬華402號公園,🌳 都會休閒類,臺北市萬華區艋舺大道艋舺公園,,,886-2-23032451,,https://parks.taipei/parks/m2/pkl_parks_m2C.php?sid=156,都會公園類,,,,,"{'PositionLon': 121.49720764160156, 'PositionLat': 25.0327091217041, 'GeoHash': 'wsqqktpd4'}",非古蹟,"{'PictureUrl1': 'https://www.travel.taipei/image/67456', 'PictureDescription1': '和平青草園_萬華402號公園'}",,"「402號公園」座落於艋舺大道與西園路交叉口，面積4,693平方公尺，略呈現三角形。本公園基地原為仁濟療養院、民宅等建物，週邊的實質環境窳陋，不但居住品質不佳，且影響都市景觀，故市府推動萬華都市更新辦理公園闢建，除保留現有生長良好之喬木等植栽外，以簡易綠美化方式，改善周邊環境，提供草坪綠地供民眾使用，本公園於95年11月13日完成開園典禮。 園區內於靠西園路側設有香、藥草園設施，沿艋舺大道周邊園路到歷史建物間，設置有座椅及一座約256平方公尺活動廣場，連接廣場與建物走廊則種植藍蝴蝶及桂花等灌木，另有廣闊大草坪區及榕樹、蒲葵、朴樹、樟樹及棍棒椰子等喬木，園內喬木成蔭已成為附近里民休閒、談天聯絡情感最佳場所。",室外
418,臺北市,萬華區,廣州街觀光夜市,🛍️ 商圈市集類,臺北市萬華區梧州街42號,,每日18:00~24:00,886-2-25505220,,https://www.tcma.gov.taipei/News_Content.aspx?n=FAC14AD2DE4E01A4&sms=32F7BA052C5CA548&s=BEB4A81BADE97671,小吃/特產類,,,,,"{'PositionLon': 121.49761199951172, 'PositionLat': 25.03672981262207, 'GeoHash': 'wsqqktzce'}",非古蹟,"{'PictureUrl1': 'https://ber925.com/wp-content/uploads/2022/08/0823-%E5%BB%A3%E5%B7%9E%E8%A1%97%E5%A4%9C%E5%B8%8218.jpg', 'PictureDescription1': '廣州街觀光夜市'}",,熱鬧的廣州街，從西園路至環河南路間，光是夜市攤販就有3區，長達150公尺。廣州街觀光夜市，因為很早開發，有許多的傳統的臺灣小吃，街道兩邊長長的雜貨攤，各種購物、美食、玩樂的商品，應有盡有，令人眼花撩亂，熱鬧非凡。美味的傳統小吃，沙茶魷魚加上哇沙米、特製沙茶，QQ脆脆口感，超級好吃！來到排骨酥攤位，香香酥酥的炸排骨，金黃色薄薄脆脆的、順口入味；古早味愛玉冰、大小朋友都愛喝的青蛙下蛋等，每樣都想嚐鮮。遊戲攤位也不少，如彈珠台、撈魚攤；可愛、有趣的寵物店也可逛逛。另外，臺北最具代表性的龍山寺、商場改建的捷運地下街、靠近康定路附近的「剝皮寮」，都值得大家趁著週末假日，帶著全家大小一起來。,室外
419,臺北市,萬華區,新富町文化市場,🛍️ 商圈市集類,臺北市萬華區三水街70號-1號,,週二至週日 10:00-18:00週一固定休館（其餘必要休館時間，請參考最新消息之場館公告）,886-2-23081092,,http://umkt.jutfoundation.org.tw/,文化類,小吃/特產類,,,,"{'PositionLon': 121.50192260742188, 'PositionLat': 25.035770416259766, 'GeoHash': 'wsqqkvdgz'}",非古蹟,"{'PictureUrl1': 'https://www.travel.taipei/image/176575', 'PictureDescription1': '新富町文化市場'}",,新富町食料品小賣市場落成於1935年，屬於日治時期較後期完成的公有市場，市場內的建物涵蓋了當時期的各種建材。馬蹄形的市場主建物平屋頂由鋼筋混凝土樑支撐，牆體為加強磚造。另外，附屬建築物有木造的日式宿舍與磚造的公廁，公廁的出現也象徵當時市場現代化的過程，可惜在時間推移間並沒有完整保留下來。1930年，臺北州政府公布了〈食料品小賣市場規則〉，基於衛生的考量，對於市場建築的構造、空間配置進行了詳盡規範。在這樣的背景下，「新富食料品小賣市場」落成了；同時期興建的太平町食料品小賣市場（1938，今已廢除）、幸町食料品小賣市場（1938，今「幸安市場」）及入船町食料品小賣市場（1938，今「直興市場」）都已改建或廢除，使新富市場成為日治時期公設市場建築中，表現新式衛生標準與建築式樣的珍貴案例。新富市場興建時基地約506坪、建物約199坪，市場基地四周則圍繞著高約160公分的紅磚牆。市場本館牆體為加強磚造，外牆以洗石子做出洗鍊的水平飾線，每一個入口處上方都設有雨庇，屋頂以混凝土澆製，並以鋼筋混凝土樑支撐。整體建築風格簡潔、少有裝飾，並且擁有很強的機能性，例如它的馬蹄形平面，在全台公設市場中相當罕見，不只創造了一個流暢的購物動線，獨特的中央天井，也同時滿足了市場內部通風與採光的需求。(資料來源：新富町文化市場網站),室內
420,臺北市,萬華區,新店溪河濱自行車道,⛰️ 自然生態類,臺北市萬華區華中里,,開放空間,886-2-27258149,,https://heo.gov.taipei/cp.aspx?n=8E899C3FE569479C,遊憩類,自然風景類,體育健身類,,,"{'PositionLon': 121.49530029296875, 'PositionLat': 25.01641082763672, 'GeoHash': 'wsqqkdn5j'}",非古蹟,"{'PictureUrl1': 'https://www.travel.taipei/image/64305', 'PictureDescription1': '新店溪河濱自行車道'}",,這段由大稻埕碼頭沿著延平河濱公園所興建的自行車道，在遊騎之餘還可以走訪相鄰的文化古蹟，在動靜相宜的休閒活動中，既可強身還可陶醉於文化洗禮。周邊著名的文化觀光景點，如迪化街、霞海城隍廟、林柳新紀念偶戲博物館、酒泉街方向的臺北孔廟、保安宮等景點，從中體驗文化饗宴。沿途景觀包括大稻埕碼頭咖啡廣場、唐山帆船造景、碼頭拱橋、淡水河遠眺等，還結合藍色公路航線，帶著腳踏車一起前進到關渡碼頭，甚至淡水漁人碼頭、八里左岸等，享受多樣之河濱遊憩樂趣。這段自行車道在華江橋之後便進入新店溪沿岸，橫跨新店溪的多座橋更可帶領您進入大漢溪沿岸的自行車道，因為周圍的建築物林立，更凸顯這片河畔公園的可貴，新店溪、大漢溪的沿岸景色，充滿「城市中的綠地」的感覺，這一長串的河濱公園，穿越了鶯歌、土城、板橋、中永和、新店，每年的10月到隔年3月，更可以欣賞遠道而來的雁鴨嬌客及保育候鳥，結合育樂、健身、美食等樂趣，讓整天的自行車騎乘活動充實而豐富。,室外
421,臺北市,萬華區,東三水街市場_新富市場,🛍️ 商圈市集類,臺北市萬華區三水街76號,,東三水街市場：上午7時至中午12時 新富市場：週一 休市，上午8時至下午3時,886-2-23081558,,,小吃/特產類,,,,,"{'PositionLon': 121.50189971923828, 'PositionLat': 25.036020278930664, 'GeoHash': 'wsqqkvdvr'}",非古蹟,"{'PictureUrl1': 'https://www.travel.taipei/image/492013', 'PictureDescription1': '東三水街市場_新富市場'}",,東三水街市場與新富市場位於臺北市萬華區，是該區具代表性的市場群之一，見證了萬華區的發展與歷史變遷。這條街區有三個主要市場：東三水街攤販集中場（俗稱東三水市場）、新富市場與新富町文化市場，每個市場都有獨特的風貌和魅力。東三水街攤販集中場（東三水市場）雖是一座傳統市場，但在2017年進行的市場店家微改造後，展現出全新的面貌。市場內環境明亮、舒適，營造出適合親子、觀光友善的市場空間。這裡不僅有新鮮的生鮮食材和各式日常用品，還擁有眾多傳統小吃攤位，從烤鴨、滷味到手工甜點等在地美味，讓你在購物之餘，還能品嚐到地道的臺灣風味，體驗獨具特色的市場魅力。新富市場原新富市場歷史悠久，周邊攤位延續傳統，主要販售生鮮熟食與日用品。市場內的人氣小吃如生魚片、油飯、手工水餃等，經濟實惠又美味，深受當地居民與饕客的喜愛。新富町文化市場新富町文化市場的前身是昭和十年（1935年）建成的綠町食料品小賣市場，其馬蹄形建築風格典型，為日治時期現代化市場的代表。如今，這裡被指定為市定古蹟，並成為一個融合文化、歷史與現代文創的場所。市場內有不定期會有展覽活動，吸引遊客來此慢遊與打卡。無論是尋求地道美食，還是想要體驗臺灣傳統市場的風情，這裡都能讓你感受到萬華區的獨特魅力，是探索臺北歷史與文化的好地方。,室外
422,臺北市,萬華區,梧州街觀光夜市,🛍️ 商圈市集類,臺北市萬華區梧州街164號,,每日18:00~24:00,886-2-25505220,,https://www.tcma.gov.taipei/News_Content.aspx?n=FAC14AD2DE4E01A4&sms=32F7BA052C5CA548&s=2468AE6F2D3A724A,小吃/特產類,,,,,"{'PositionLon': 121.4976577758789, 'PositionLat': 25.038429260253906, 'GeoHash': 'wsqqkwpgk'}",非古蹟,"{'PictureUrl1': 'https://www.travel.taipei/image/98649', 'PictureDescription1': '梧州街觀光夜市'}",,想喝青蛙湯嗎？來梧州街夜市準沒錯！搭乘捷運到龍山寺站，再步行10分鐘就到了。在和平西路三段附近，這裡的夜市，以傳統小吃為主，約70公尺的短短距離，卻有非常多家臺灣美味小吃，「家鄉味香茹豬腳」還得到臺北傳統美食嘉年華競賽獎。梧州街夜市和華西街、廣州街連結成萬華區最有名的夜市群。這裡的美味小吃，種類繁多，豐富好吃，新鮮清甜的土魠魚羹、加了中藥材香噴噴的羊肉爐、現炒的活鱔、清香不油的酸菜鴨肉湯、養顏美容的青蛙湯等等，還有便宜大碗的鐵板牛排、重辣口味的烤串燒和濃濃奶油香的西式酥皮濃湯，多樣新奇好吃的美食，等著你來發掘。來逛夜市，一定會有意想不到的美食新發現。,室外
423,臺北市,萬華區,臺北市鄉土教育中心_剝皮寮歷史街區,🛍️ 商圈市集類,臺北市萬華區廣州街103號,,街區：週二～週日 09:00~21:00室內：週二～週日 09:00~18:00休館：週一固定休館,886-2-23023199,,http://www.bopiliao.taipei/,其他,,,,,"{'PositionLon': 121.5032730102539, 'PositionLat': 25.036659240722656, 'GeoHash': 'wsqqkvgcp'}",非古蹟,"{'PictureUrl1': 'https://www.travel.taipei/image/176584', 'PictureDescription1': '臺北市鄉土教育中心_剝皮寮歷史街區'}",,穿梭在臺北市萬華區的老舊巷弄中，有一處名為「剝皮寮」的老街區，這裡依然延續著百餘年前清代街道的風貌，紅色的磚牆、拱型的騎樓、雕花的窗櫺，呈現典雅樸實之美。剝皮寮歷史街區位於龍山寺旁，康定路、廣州街及昆明街口，街區內保存有相當完整的清代街型、清代傳統店屋，其建築空間見證了艋舺市街的發展，擁有獨特之歷史文化和建築特色。「臺北市鄉土教育中心」以融入式教育與文化之理念，使其作為推展鄉土教育之園地，將學校教育和社區文化相結合，規劃不同主題展覽，及剝皮寮相關歷史特展，並辦理各項教育活動，以達寓教於樂的功能。近年來，剝皮寮街區的發展除了推廣電影文化與活動及教育，更廣納優質的藝文展演，成為文化體驗平臺的入口，期望串聯在地特色，創造故事的流動與回憶，賦予這個空間更多的意義。詳情可見剝皮寮歷史街區營運中心(網址 http://www.bopiliao.taipei),室內
424,臺北市,萬華區,臺北市電影主題公園,🌳 都會休閒類,臺北市萬華區康定路19號臺北市電影主題公園,,周一至周日10:00-22:00,886-2-23119380,,https://www.cinemapark.taipei/,文化類,都會公園類,,,,"{'PositionLon': 121.50318908691406, 'PositionLat': 25.044719696044922, 'GeoHash': 'wsqqkz7bj'}",非古蹟,"{'PictureUrl1': 'https://www.travel.taipei/image/376112', 'PictureDescription1': '臺北市電影主題公園'}",,臺北市電影主題公園位於於武昌街行人徒步街區底，為西門町繁華地區內少有腹地廣大的開放空間，由台北市文化基金會接管十餘年來，持續提供平台與空件作為藝術創作與青年街頭流行文化的發聲平台，除了以西門町最大的公園綠地為基礎提供休憩空間以外，也持續推出塗鴉、街舞、滑板等文化推廣輔導課程，提供有志深耕於此的創作者舞台揮灑，將青年文化的精采推廣給更多市民大眾參與。電影主題公園亦接受一般性民間活動承租，並透過串連在地社群與區域活動，達到活絡地方藝文與發展地方商圈經濟之功能，期待在防疫政策逐步趨緩後，再次協助西門地區藝文環境共榮共好，創造下一次的文化擾動。,室外
425,臺北市,萬華區,臺北製糖所文化園區,🎨 藝文展館類,臺北市萬華區大理街132-7號,,,886-2-23067975,,,文化類,遊憩類,,,,"{'PositionLon': 121.49506378173828, 'PositionLat': 25.033199310302734, 'GeoHash': 'wsqqktnhb'}",非古蹟,"{'PictureUrl1': 'https://www.travel.taipei/image/64617', 'PictureDescription1': '臺北製糖所文化園區'}",,歷史簡介1764年(乾隆29年)台灣彰化以北開始有產糖紀錄，艋舺大理街附近地區在清朝是私人糖廍組織盛行、遍地栽植甘蔗的地貌，日治時期設立「台北製糖株式會社」後，地景大幅轉變，成為以製糖工廠、交通輸送軌道為主的產業區域，週邊居民多依賴糖業或週邊產業生活。光復後，都市計畫沿用日據時土地混合使用的概念，附近劃設為工業區。糖廠由台糖公司接收後不久即停止製糖，轉為倉儲使用，但附近以糖業剩餘產能為中心的相關產業如化學、化工、食品加工、紙業等中小型工廠仍然盛行。四O年代中國時報社的前身「徵信新聞」接收台糖倉庫展開報頁，吸引了週邊印刷產業的聚集。六、七O年代起鐵路運輸之便吸引了成衣批發業者的聚集。在台北的發展歷史中，大理街附近區域一直扮演著生產的角色，直到近年來產業環境改變、城市發展東移，一度繁盛的「會社尾」生活圈及工業地景逐步沒落，實質環境品質也因人口聚居、建物密集興建後逐漸降低，公共設施無法服務居民的生活機能，而逐漸成為城市發展的邊緣。在大理街社區居民抗爭反對療養院設立，到爭取鄰里公園，保存台灣最北的製糖遺構之臺北糖廠建物，古蹟本體倉庫由紅磚疊砌，拱門、梯形柱及大跨距構架為其特色，民國92年9月23日公告指定市定為106號古蹟。願景與未來三棟市定古蹟糖倉A、B、C ，位處萬華區大理街，所在範圍包含 C1 街廓(公二公園)、C2街廓，面積約1.092公頃，其中C1區域，除古蹟本體外，其他區域目前為公園與地下停車場。歷經多年努力，保存糖倉古蹟且無償取得公園土地，文化局續爭取中央擴大內需修繕經費。修復三棟糖倉古蹟，臺北製糖所文化園區開園營運以來，園區內3棟市定古蹟臺糖倉庫，分別規劃作為糖業文化展示館(糖廍Ａ倉)ヽ萬座曉劇場(糖廍Ｂ倉)與臺糖公司提供民間單位進駐使用(糖廍Ｃ倉)。其中由本局自行營運的糖業文化展示館，設置「糖倉開門」常設展，以北區糖業發展為主題，運用參與式工作坊的集體創作產出，包含歷史資料收集、口述歷史訪查、參與創作工作坊，提供藝術家據以完成作品進行設置。並善用社區居民資源，招募志工隊協助展場服務與導覽解說，開園迄今已成為重要的鄉土教育場域。糖倉古蹟再利用規劃A倉規劃「糖倉開門」糖業文化特展，彰顯糖倉保存意義。介紹台北糖廠的歷史故事及城西產業發展軌跡。以及糖藝教室，開放作為文化、多元社區文化活動空間使用。文化局自管，免費開放參觀。糖廍Ｂ倉由曉劇場入駐，透過自辦節目、專業策展同時開放演藝團隊租借使用，以萬華為據點培養在地觀眾並與學校、社會團體合作推廣表演藝術；並藉由舉辦艋舺國際舞蹈節、曉劇場藝術進駐計畫等資源連結國內外網絡平台，使臺北製糖所文化園區展現豐富多元的表演藝術生態。(資料來源：臺北市文化局),室外
426,臺北市,萬華區,艋舺公園,🌳 都會休閒類,臺北市萬華區廣州街西園路交叉口艋舺公園,,全天開放,886-2-23032451,,https://parks.taipei/parks/m2/pkl_parks_m2C.php?sid=507,都會公園類,,,,,"{'PositionLon': 121.49990844726562, 'PositionLat': 25.036020278930664, 'GeoHash': 'wsqqkv9t3'}",非古蹟,"{'PictureUrl1': 'https://www.travel.taipei/image/65098', 'PictureDescription1': '艋舺公園'}",,艋舺公園位於龍山寺旁，原名為「萬華十二號公園」，由廣州街、和平西路、三水街及西園路所圍繞，佔地廣大，是臺北市政府以藝術為主題開發，頗具特色的民俗公園。園內有很多富含文化意涵的設計，像是東側的龍型雕塑，象徵中國風水中左青龍吉祥之意；西側的船型雕塑則反映本地區先民早期多以獨木舟為運輸、渡河、貿易等使用之交通工具；美人照鏡池結合中國風水，依北斗七星方位配置觀景平臺，還結合燈光和水舞的元素，每天都上演一場場的水舞秀；公園北側的廟埕廣場，為龍山寺廟埕的延伸，廣場內的星象誌，以結合中國星宿與西洋十二星座之星象圖誌而設計，共嵌入了二千多顆的小星星，夜晚來臨之時，便會散發出各種不同顏色的光；艋舺公園內∩字型的「文化藝廊」，以強化玻璃及琺瑯板構築而成，仿屋瓦特殊設計，除了可以提供通行、休憩之外，還可在此欣賞各式各樣的展覽。艋舺公園為市府「翻轉軸線、再造西區」的重要市政建設，公園和其延伸的龍山寺成為臺北市歷史、文化與宗教之重要景點，可望帶來都市西區再發展，並活絡商機、重塑國際觀光勝地，再現艋舺二百年之風華。,室外
427,臺北市,萬華區,艋舺地藏庵,🏯 歷史人文類,臺北市萬華區西昌街245-241號,,全天開放,886-2-23066352,,,廟宇類,,,,,"{'PositionLon': 121.50067901611328, 'PositionLat': 25.03693962097168, 'GeoHash': 'wsqqkvf4e'}",非古蹟,"{'PictureUrl1': 'https://www.travel.taipei/image/91859', 'PictureDescription1': '艋舺地藏庵'}",,艋舺地藏庵，俗稱艋舺地藏王廟，主祀地藏王，乃臺灣三級古蹟，廟位於今臺北市萬華區西昌街，建於清乾隆25年（西元1760年），並於道光18年（西元1838年）重修，原為民間私有財產，日據時代為了免於收歸被官有，乃將管理權移轉龍山寺。 地藏王廟坐東朝西，迄今仍保持清代中葉單殿式寺廟建築之風格，建築結構簡潔，雕飾樸拙。為面寬三開間的單殿建築，屋頂採用燕尾脊及人字山牆，入口為捲棚式步口簷廊，柱礎為圓形，殿內大木結構採用二鼉柁三瓜的抬樑式棟架，在大柁間橫有燈樑，以便懸掛燈籠。 地藏庵內除了主祀地藏王菩薩外，其旁左配祀北極大帝、右奉府城隍爺、田都元帥，於左右兩側配祀范、謝兩將軍。府城隍廟原位於臺北城內，日據時期被毀，府城隍爺遷奉於本寺；田都元帥原供奉於西園路紫來宮內，後來宮廟被毀，也改奉於此。而每年農曆7月30日地藏王菩薩生日，必定舉辦大型普渡慶典儀式。 供桌為光緒25年之古拙香爐，上面刻有光緖已亥年秋吉，另主神神位上之「地藏王廟」匾額，為光緒8年所設立。配祀於主神左右兩側范、謝兩位將軍供桌上的古樸香爐為日明治34年所設立。 廟旁有大眾廟一座，主祀大眾爺，即無主亡魂，大多為早期單身來臺開墾不幸喪生的移民，此廟亦為乾隆25年所建，兩廟歷史有密切關係。,室內
428,臺北市,萬華區,艋舺服飾商圈,🛍️ 商圈市集類,臺北市萬華區西園路一段306巷258號,,商圈各店家營業時間不同,886-2-23363999,,,小吃/特產類,,,,,"{'PositionLon': 121.49935913085938, 'PositionLat': 25.034339904785156, 'GeoHash': 'wsqqkv35s'}",非古蹟,"{'PictureUrl1': 'https://www.travel.taipei/image/89134', 'PictureDescription1': '艋舺服飾商圈'}",,來到萬華，龍山商場後面、全臺知名的大理街艋舺服飾商圈是必逛的成衣大街，這裡也是來自各地批客們批發各式服飾的大本營。艋舺服飾商圈成因是艋舺開發很早，加上萬華火車站就位在這兒，交通往來、交易方便，形成了一大成衣市集。早期這裡曾有高達近2千家各式服飾店面，並且從設計、打版、生產、行銷一貫作業，品質和價格都十分具有競爭力。後來因時代變遷，服飾商圈現在僅存約4百家店，服飾的種類也較偏向成熟的女裝，約佔所有店家的八成，另外一成是童裝，還有團體服的訂製，至於男裝則已越來越少，甚至和團體服併在一起，和五分埔走年輕女性、活潑風格有明顯的不同。平日這裡車水馬龍都是補貨、送貨的卡車和批客的車子，也有些客人是專程搭車來挖寶的，各種款式的服飾、配件，走一趟下來，讓人看得眼花撩亂。,室外
429,臺北市,萬華區,艋舺水仙宮舊址,🏯 歷史人文類,臺北市萬華區西昌街241號,,開放空間,886-2-23115355,,,古蹟類,廟宇類,,,,"{'PositionLon': 121.50057983398438, 'PositionLat': 25.038490295410156, 'GeoHash': 'wsqqky45b'}",非古蹟,"{'PictureUrl1': 'https://www.travel.taipei/image/373629', 'PictureDescription1': '艋舺水仙宮舊址'}",,在萬華區西昌街與桂林路口立有一塊艋舺水仙宮舊址碑，過去艋舺倚靠水運成長為商業繁榮的聚落，為保佑航海、水運的平安，清乾隆年間艋舺郊商籌建艋舺水仙宮，主祀大禹(禹帝)，後因廟舊毀損，加上當時日本政府實施都市計畫，水仙宮因而拆廟搬家，走入歷史。,室內
430,臺北市,萬華區,艋舺清水巖,🏯 歷史人文類,臺北市萬華區康定路81號,,,886-2-23711517,,,廟宇類,,,,,"{'PositionLon': 121.50264739990234, 'PositionLat': 25.040279388427734, 'GeoHash': 'wsqqky7w0'}",非古蹟,"{'PictureUrl1': 'https://www.travel.taipei/image/63980', 'PictureDescription1': '艋舺清水巖'}",,清水巖位於康定路與長沙路街交叉口，主祀「清水祖師」，故有人稱為清水巖或清水岩，也有人稱它為祖師廟。清水祖師，臺灣民間習慣稱祂祖師公、烏（黑）面祖師、蓬萊祖師、落鼻祖師等等稱呼不一。清水祖師為北宋人，生於福建省，俗家名傳說不一，有陳昭、陳應、陳昭應。自幼習佛悟道，曾在蓬萊山的山巖構築一間小精舍修行，由於巖洞內之的水清澈冷冽，精舍被稱為清水巖（岩），此為「清水祖師」名稱的由來。相傳清水祖師在清水巖內修行時，有鬼怪用大火將祖師燻得「面目全黑」，而祖師卻是毫髮未傷，「烏（黑）面祖師」由此而來。而「落鼻祖師」之稱，是因為傳說每當祖師廟附近有災難將要發生時，祖師的鼻子就會自動脫落下來，以警示居民與信眾。於清水巖的龍、虎二堵牆壁可見磚雕圖騰，正門對聯書：「為清水，為蓬萊，此地並分法界；是金身，是鐵面，入門便見真容。」皆為1817年的重修藝術作品。另外值得一提的是古匾方面，有光緒皇帝御賜「功資拯濟」匾額一面。,室內
431,臺北市,萬華區,艋舺老街(台北第一街),🛍️ 商圈市集類,臺北市萬華區貴陽街二段182號184號,,,886-2-23064468,,,小吃/特產類,,,,,"{'PositionLon': 121.50060272216797, 'PositionLat': 25.040149688720703, 'GeoHash': 'wsqqky6j3'}",非古蹟,"{'PictureUrl1': 'https://www.travel.taipei/image/373626', 'PictureDescription1': '艋舺老街(台北第一街)'}",,狹義的艋舺老街係指艋舺青山宮前的貴陽街一帶，前身叫「蕃薯市街」，有台北第一街之稱，是台北市最古老的街道，也是艋舺繁華的起始點，至今仍保有一些清朝及日據時代的紅磚特色建築。,室外
432,臺北市,萬華區,艋舺青山宮,🏯 歷史人文類,臺北市萬華區貴陽街二段218號,,,886-2-23822296,,,廟宇類,自然風景類,,,,"{'PositionLon': 121.49951171875, 'PositionLat': 25.03993034362793, 'GeoHash': 'wsqqky3hp'}",非古蹟,"{'PictureUrl1': 'https://www.travel.taipei/image/64010', 'PictureDescription1': '艋舺青山宮'}",,三國孫權的將軍張滾，治理泉州惠安有成，去世後地方建立青山宮奉祀，張滾被尊稱為青山王或靈安尊王。青山王一向被認為有可以消除瘟疫的威靈，掌握司法、賞懲善惡，配祭的神明有八司、枷將軍和鎖將軍等。艋舺青山宮已有百餘年的歷史，是一座三進的木石混合造寺廟，經歷了多次的整修，相當精美，如八角形藻井，相當可觀，整修用料也都頗有典故，如前殿的石柱與石垛，就是取自圓山神社所遺之石材。另外青山王的神像，眼神犀利，從每個角度去凝視，都會感覺不同，民眾可以來這裡親自體會。每年的農曆10月23日是青山王聖誕的日子，傳說在前兩天青山王會率領部將巡視艋舺地區的大街小巷，保佑艋舺地區人民的平安。在22日舉辦王爺神轎的夜間遶境活動熱鬧非凡，有著許多的表演活動，像是八家將、鼓陣，樂隊等，家家戶戶在路邊擺設香案和供品，這就是所謂的「艋舺大拜拜」，與大稻埕霞海城隍廟、保生大帝出巡並稱臺北市的3大廟會之一。,室內
433,臺北市,萬華區,艋舺龍山寺,🏯 歷史人文類,臺北市萬華區廣州街211號,,6:00~22:00 (辦事處7:00-21:00),886-2-23025162,,http://www.lungshan.org.tw/,廟宇類,自然風景類,,,,"{'PositionLon': 121.4999008178711, 'PositionLat': 25.037160873413086, 'GeoHash': 'wsqqkvcs0'}",非古蹟,"{'PictureUrl1': 'https://www.travel.taipei/image/468018', 'PictureDescription1': '艋舺龍山寺'}",,初創之龍山寺，規模雄偉，雕塑精緻，歷經嘉慶二十年（西元1815年）大地震重修，同治六年（西元1867年）暴風雨侵襲再行修築，至民國八年棟樑遭白蟻蛀蝕，當時住持福智大師率先捐出一生積蓄七千餘元，集資修復，奠定今日龍山寺之規模。民國卅四年於第二次世界大戰期間受空襲摧殘，中殿全毀，惟觀世音菩薩聖像仍端坐蓮臺，寶相莊嚴；以往遇有空襲，居民皆以觀世音菩薩蓮座下為避難所，然此次空襲前夕，避難居民因不堪兇蚊肆虐紛紛返家，以致中殿受毀時無人受難，居民相信是觀世音菩薩庇護而奔相走告，此一神蹟更使得觀世音菩薩成為艋舺居民一大精神支柱。龍山寺坐北朝南，面呈回字形，為中國古典三進四合院之宮殿式建築，由前殿、正殿、後殿及左右護龍構成。前殿為11開間，分為三川殿、龍門廳、虎門廳。三川殿前有一對全臺僅見之銅鑄蟠龍柱，正面牆堵則由花崗石與青斗石混合組構而成，牆上故事多出自三國演義和封神榜，富於教育意義。正殿屋頂採歇山重簷式，四面走馬廊共42根柱子構成，殿外牆堵留有多幅著名書法家石刻，殿內的螺旋藻井不費一釘一鐵，全由斗栱相嵌築構而成。後殿屋頂採歇山重簷式，為典型儒、道教諸神佛供奉處。左右護龍各配有鐘樓與鼓樓，晨鐘暮鼓，其轎頂式扁六角形的屋頂，造形獨特。全寺屋頂脊帶和飛簷由龍鳳、麒麟等吉祥物造形，飾以剪黏和交趾陶，色彩瑰麗，堪稱臺灣剪黏藝術之精華。民國七十四年政府公告艋舺龍山寺為國家保護之二級古蹟，與國立故宮博物院、中正紀念堂並列為國際觀光客來臺旅遊的三大名勝。龍山寺並於板橋文化路興建文化廣場大樓，民國九十四年落成啟用後，辦理多項課程與講座，以善盡弘揚佛法、提倡社教的文化價值。艋舺龍山寺每年定期舉辦節慶祭典及民俗活動，如農曆正月花燈展覽、四月浴佛節、七月盂蘭盆勝會等，民眾來到艋舺龍山寺除了欣賞臺灣寺廟建築藝術之美，亦可以感受傳統民俗文化的樂趣。(內文來源：艋舺龍山寺官方網站）,室內
434,臺北市,萬華區,華中河濱公園,🌳 都會休閒類,臺北市萬華區華中里,,全天開放,886-2-27258149,,https://heo.gov.taipei/News_Content.aspx?n=E65DBD99C91AEAC4&sms=3A0FD6D3764BFBA7&s=0F0EF48AA74B8421,都會公園類,,都會公園類,,,"{'PositionLon': 121.49475860595703, 'PositionLat': 25.015399932861328, 'GeoHash': 'wsqqk9vv3'}",非古蹟,"{'PictureUrl1': 'https://www.travel.taipei/image/64732', 'PictureDescription1': '華中河濱公園'}",,從空中鳥瞰，新店溪在華中河濱公園這裡轉了個彎，形成大面積的氾濫平原，彎彎的地形，像極了一抹弦月，更像支迴力刀，滿眼寬闊平坦的綠草地，最適合舉辦大型活動；這裡也是觀看夕陽、賞鳥的最佳場所：公園裡生態豐富，河裡有魚群迴流覓食，隨處可見野鳥在樹間跳躍。園內有多樣的兒童遊戲設施，還貼心的舖設細砂，使安全無虞，設施週遭亦提供座椅，供父母可以在同時兼顧兒童活動安全下休憩，增加親子情感互動。98年起市府更在此設立了華中露營場，提供帳篷及汽車營位供民眾申請使用，可說是全臺第一座大型的河濱露營場。當你騎乘自行車遨遊河濱公園經過華中橋下時，那裡設有園遊攤位當作自行車休憩的節點，園內攤位多樣性經營，有臺灣風味小吃、童玩等，旁邊還有一座自行車練習場，提供不同動作等級的騎乘練習，讓技術尚不熟練的小朋友或一般民眾有安全自在的練習場地，周邊設有相關解說牌，可以進一步瞭解自行車基本知識及適當的騎乘方式。建議您應先行瀏覽解說牌說明及此處頁面所提供之騎乘基本須知相關資料，才能開心又安心的練習及騎乘自行車漫遊水岸。休息過後繼續往下游前進會經過一段林蔭隧道，晨間有許多人們在這裡跳舞和作運動，處處充滿了活力。來此地遊玩，不一定要騎自行車。還有多種運動場，如籃球場，不只讓三五好友來場「鬥牛」，更有沙灘排球場讓您於都市中也可以在陽光、沙灘下盡情的揮灑汗水；而不管是清晨或是夜晚時分漫步於堤頂步道，在綠蔭乘涼下或是微微星光中吹著巍巍徐風，望著眼下的青青草原，都有不同的風味。另華中一號門、二號門入口處附有寬敞的停車場，可以調節市區停車問題。華中河濱公園附近連接馬場町紀念公園和青年公園，是情侶約會的絕佳選擇，青年公園附近也有很多的美食可供選擇。,室外
435,臺北市,萬華區,華江雁鴨自然公園,⛰️ 自然生態類,臺北市萬華區桂林路242巷158號,,全天開放,886-2-27258149,,https://heo.gov.taipei/News_Content.aspx?n=E65DBD99C91AEAC4&sms=3A0FD6D3764BFBA7&s=32C553D8DF32A221,都會公園類,自然風景類,,,,"{'PositionLon': 121.4952163696289, 'PositionLat': 25.03870964050293, 'GeoHash': 'wsqqkwnj5'}",非古蹟,"{'PictureUrl1': 'https://www.travel.taipei/image/65486', 'PictureDescription1': '華江雁鴨自然公園'}",,華江橋附近的廣大沙洲濕地一直是許多候鳥的棲息地，每年9月至次年4月，都會有數以千計的雁鴨科與鷸行鳥科等鳥類來造訪。為加強生態保育教育宣導，每年候鳥季節均舉辦大型雁鴨季賞鳥活動，於假日派駐解說員為民服務。華江雁鴨自然公園位於堤防外，主要的野鳥觀測區位在華江雁鴨公園及華中河濱公園，完善的設施，讓民眾方便來此觀察生態環境。靠近華江橋下河面非常寬闊，從這裡可以看到整個板橋市，灰濛濛的城市緊貼著前方綠色的水草和淡藍色的河面，構成一幅人文和自然相互協調的畫面。,室外
436,臺北市,萬華區,華西街觀光夜市,🛍️ 商圈市集類,臺北市萬華區華西街127號,,,886-2-25505220,,https://www.tcma.gov.taipei/News_Content.aspx?n=FAC14AD2DE4E01A4&sms=32F7BA052C5CA548&s=37321FAC116DD8EE,小吃/特產類,,,,,"{'PositionLon': 121.49844360351562, 'PositionLat': 25.03860092163086, 'GeoHash': 'wsqqky0kq'}",非古蹟,"{'PictureUrl1': 'https://www.travel.taipei/image/292920', 'PictureDescription1': '華西街觀光夜市'}",,「有人要吃蛇膽、喝蛇血嗎？」這句話通常只會出現在華西街夜市。華西街夜市是臺灣的第一座觀光夜市，位於臺北龍山寺附近，以販賣各式山產、海鮮、野味小吃為大宗，是國內外觀光客最鍾愛的景點之一。每到黃昏，時常可見遊客拿著旅遊指南尋找美食，早期這裡以殺蛇表演聞名，有「蛇街」之稱，如今在保育意識之下，店家大多轉型為養生的蛇料理，挑戰食客的膽量。夜市入口處的中國傳統牌樓建築、沿途的紅色宮燈，極具特色，店家皆為老字號，超過30年的老店比比皆是，口碑與品質兼顧。北港甜湯的燒麻糬、勇伯的米苔目湯、漢記的剝骨鵝肉、阿義的滷肉飯、阿娥的古早味什錦麵……等眾多美食不勝枚舉，這些彷彿是鄰家阿嬤拿手菜的傳統小吃，樣樣都是令人懷念的好滋味，歡迎親自來品嚐！,室外
437,臺北市,萬華區,西園29服飾創作基地_臺北服飾文化館,🏯 歷史人文類,臺北市萬華區汕頭街11巷9號,,開放時間為：週一～週日　10:00~18:00,886-2-23367599,,https://xiyuan29.mystrikingly.com/#contact-us,文化類,,,,,"{'PositionLon': 121.4981918334961, 'PositionLat': 25.032459259033203, 'GeoHash': 'wsqqkv029'}",非古蹟,"{'PictureUrl1': 'https://www.travel.taipei/image/176867', 'PictureDescription1': '西園29服飾創作基地_臺北服飾文化館'}",,以樹的概念為設計主軸培育臺灣服飾設計人才位處富文化特色的艋舺地區，「西園29服飾創作基地」過去是大家所熟知的臺北服飾文化館；現在，這裡以服裝產業創意新地標之姿，加上周邊的艋舺服飾商圈（大理服飾商圈）為腹地，打造為一座3層樓的時尚基地。整棟外觀為磚紅色的大樓，館內整體設計以「樹」的概念為設計主軸，期待化身為一棵創意之樹，吸取萬華地區的歷史文化風貌，培育臺灣服飾設計人才，並開枝散葉滋養艋舺服飾商圈，媒合艋舺商圈業者及駐基地設計師，建立示範性的設計案合作案例，振興臺灣服飾及服飾設計產業、打響臺灣品牌與設計力的名聲，更將之推向國際舞台。和校園合作、培育新銳設計師也是「西園29服飾創作基地」的主要工作項目之一，目前除了開放大專院校相關科系師生預約參觀導覽之外，暑假期間也和學校合作實習生見習計畫，讓學生從實際參與基地的營運管理工作以及和設計師、艋舺服飾商圈的合作活動，來切入了解設計與行銷市場的連結及臺灣整體成衣產業生態。同時，這裡也規劃開設流行趨勢或專業展覽會分析課程，引進時尚新資訊，為臺灣設計人才培育努力。品設計尋靈感好去處設計師進駐揮灑創意走進一樓大廳，這裡以純白色調為基底，企圖打造出一個五感時尚資訊空間，像是襯托設計師美麗作品的時尚舞台。角落有個咖啡吧，前來參觀的民眾可以悠閒坐下喝杯咖啡，欣賞充滿設計感的服飾作品，閱讀設計相關書刊，找尋屬於自己的靈感。想多了解「西園29服飾創作基地」、艋舺地區的文化歷史發展或是進駐設計師的個人資料、創作風格或作品等，一樓亦有精彩的影片播放，能幫助參觀民眾在短時間內擷取豐富的資訊，並設有互動式屏幕，讓民眾能使用像Wii的控制器，以與畫面互動的方式，增進對設計師的瞭解。二樓是設計師的行動工作平台，裡頭有設計師的工作室，平日不開放民眾參觀。這裡，就是創意的泉源，有打版空間、提供各式各樣副料，免費提供設計師發揮創意，展現實力，創作出堪稱藝術品的服飾作品，目前有徐于筑、曾偉翔、高勝忠、呂學政及施堉霖等5位設計師進駐。未來也會每年甄選具國際市場潛力的新銳服裝設計師進駐。三樓有適合舉辦小型服裝秀、展演、講座等活動的空間，鋪有厚地毯與窗簾，隔音效果良好。為使空間運用方式更多元活潑，天花板上方設有軌道，使用可移動的扣夾隔板打造出所需的空間，而軌道的空間安排正是設計成艋舺地區的街道圖。展演空間的後台建有模特兒更衣室。未來也歡迎設計相關科系前來租借辦理課程講座或服裝展演。,室內
438,臺北市,萬華區,西園路_佛具街,🛍️ 商圈市集類,臺北市萬華區西園路一段123號,,開放空間,886-2-23064468,,,廟宇類,,,,,"{'PositionLon': 121.49971771240234, 'PositionLat': 25.0379695892334, 'GeoHash': 'wsqqky12s'}",非古蹟,"{'PictureUrl1': 'https://www.travel.taipei/image/98634', 'PictureDescription1': '西園路_佛具街'}",,遙想臺灣早期，福建閩南人渡過臺灣海峽來此拓墾，離鄉背井，面對的是未知陌生且荊棘遍佈的新世界，唯一的精神依賴就是家鄉祖宗與眾神。移民者以家鄉的信仰儀式，購買佛像來將自己心中的神祇具體化，讓龍山寺一旁的西園路1段，開啟了臺灣佛像雕刻的發展史。從龍山寺旁的廣州街口到桂林街口，短短的西園路1段是全臺灣最有名的佛具街，兩側總共有20家佛具店，其中還有一家早從1895年即設立的百年老字號，還有許多家也是數代相傳的老店。龍山寺是西園路佛像雕刻業聚集的重要助力，隨著民生逐漸富裕，對神明更加虔誠信仰，寺廟不斷增加，使得請神明回家供奉越見普遍，這些因素造就了佛具街的聚集效應。除了神像外，其他相關商品如神桌、爐台與爐燈等也是佛具店中不可缺少的物品，共同寫下西園街佛具最燦爛的一頁。,室內
439,臺北市,萬華區,西昌街-青草巷,🛍️ 商圈市集類,臺北市萬華區西昌街224巷2號,,,886-2-27208889,,,其他,,,,,"{'PositionLon': 121.50044250488281, 'PositionLat': 25.03692054748535, 'GeoHash': 'wsqqkvcft'}",非古蹟,"{'PictureUrl1': 'https://www.travel.taipei/image/66161', 'PictureDescription1': '西昌街-青草巷'}",,走在臺北龍山寺附近的西昌街上，會聞到一股濃濃的青草香味，那甘醇的清香飄來，就知道這裡是臺北著名的青草巷。在224巷中，有10多家藥草店聚集，各式中藥青草材料琳瑯滿目，據說艋舺開墾之初，當時流行疾病相當多，但是有證照的中醫卻極少，青草藥店就成為民間診療的主要機構，大家都是喝青草熬成的湯汁來治病，許多的古傳偏方，都隱藏在其中，當時還被人稱為「救命街」。後來因為龍山寺取消藥籤和健保的實施，青草產品轉型成為自然養生的食品。這裡的草藥有100多種，都是臺灣所產的道地草藥，由南部運上來，經過乾燥處理。而著名的青草茶，是炎炎夏日的退火聖品，許多人會來這買幾包，自行回家烹煮。在臺北市政府的規劃下，青草巷和龍山寺比鄰的廣州街209巷，種植有蘆薈、紅川七、虎耳、薰衣草等青草藥的活體樣本，設為藥用植物園區，也讓這裡成為戶外教學的好場所。,室外
440,臺北市,萬華區,西昌街觀光夜市,🛍️ 商圈市集類,臺北市萬華區西昌街247號,,每日18:00~24:00,886-2-25505220,,https://www.tcma.gov.taipei/News_Content.aspx?n=FAC14AD2DE4E01A4&sms=32F7BA052C5CA548&s=B9D9C9236194FD6C,小吃/特產類,,,,,"{'PositionLon': 121.50064086914062, 'PositionLat': 25.03676986694336, 'GeoHash': 'wsqqkvf1f'}",非古蹟,"{'PictureUrl1': 'https://www.travel.taipei/image/92336', 'PictureDescription1': '西昌街觀光夜市'}",,2010年電影「艋舺」許多場景都在龍山寺、青草巷、剝皮寮附近拍攝，進而帶動週邊的觀光熱潮，而西昌街夜市就位在龍山寺旁，這裡早期商業活動頻繁，近年經市府重新規劃攤位，將攤販集中於道路中央，靠近廣州街的攤販以販售服、百貨為主，而飲食小吃攤則集中在靠近桂林路的西昌街上，週邊知名小吃有豆花、青草茶、油飯、鍋貼等，到龍山寺拜拜祈福，不妨走一趟西昌街吧！西昌青草巷位於西昌街夜市旁的西昌街224巷內，是著名的青草巷，一踏進即有濃濃的青草味撲鼻而來，巷內有數家專賣青草店鋪，販售各式各樣新鮮翠綠的藥用植物，以及乾燥處理的葉末，民眾可買回家自行熬煮，現場也有販售自製的青草飲品，例如青草茶、苦茶、洛神花茶等，不妨走一趟感受充滿古風的巷弄，喝一杯甘醇的青草茶吧！,室外
441,臺北市,萬華區,西本願寺廣場,🏯 歷史人文類,臺北市萬華區中華路一段174號,,樹心會館：周二〜周日10:00-17:00本堂：周一〜周五09:00-17:00廣場：全天,886-2-23115355,,,廟宇類,遊憩類,,,,"{'PositionLon': 121.50717163085938, 'PositionLat': 25.040000915527344, 'GeoHash': 'wsqqkyqud'}",非古蹟,"{'PictureUrl1': 'https://www.travel.taipei/image/65648', 'PictureDescription1': '西本願寺廣場'}",,位於西門町南緣、中華路與長沙街交口的「萬華406號廣場」，原為「日本西本願寺」，由臺灣信徒與日本人共同捐資興建，其正式名稱為「淨土真宗本願寺派臺灣別院」，於西元1904年開始興建，西元1912年竣工完成。是一處充滿日式風情的建築群，西本願寺臺灣別院是日本真宗本願寺派於臺灣所設的分院，多數主要建築的式樣多源自日本佛教18、19世紀常出現的折衷式樣，本堂、御廟所、庫裡、鐘樓基本上皆為折衷樣式，而輪番所是日本傳統住宅形式；樹心會館則為表現新時代精神，採用磚結構與西式木屋架組合，屋頂仍維持日式風格。西本願寺廣場開放後常可看到許多愛好攝影民眾來到此地拍照攝影，網路平台上也有許多部落客分享遊記，古樸的鐘樓、懷舊的樹心會館、和風的輪番所、低調的本堂歷史建築錯落在綠意盎然公園裡，總在參訪者眼中形成幅幅美麗的圖畫。深具文化歷史及建築特色的「西本願寺」古建築群，藉由公部門進行活化再利用的營運推動，讓本廣場成為可延伸、擴大西門流行文化圈的都市廣場，及提供旅客在暢遊西門鬧區時另一處緬懷歷史長河的深度之旅，更期望吸引人潮聚集，再造艋舺地區的繁華榮景。,室外
442,臺北市,萬華區,西門町,🏯 歷史人文類,臺北市萬華區漢中街41-1號,,,886-2-23754205,,https://www.ximen.com.tw/index.html,其他,,,,,"{'PositionLon': 121.50753021240234, 'PositionLat': 25.044580459594727, 'GeoHash': 'wsqqkzpp6'}",非古蹟,"{'PictureUrl1': 'https://www.travel.taipei/image/222893', 'PictureDescription1': '西門町'}",,西門町之名來自日據時代，當時的居民大多居住於臺北城內，西門外的這塊地方就是他們的主要休憩場所。早期這裡就以電影院為最主要的商業活動，後來陸續有百貨業及其他娛樂場所的進駐。1961年中華商場完工後，西門町還一度是全國最大的商業娛樂中心。西門町有許多著名的地標及商場，像是IG打卡景點的彩虹地景、擁有100多年歷史的西門紅樓、時代性指標的萬年商業大樓、充滿美式風格的西門町美國街等；還有多樣美食聚集在此，如港式料理、台式料理、美式料理、飲料冰品、咖啡廳、酒吧等各式餐點。經過民國80年代的沉寂，西門町在捷運帶動與政府的規劃下，搖身一變成了臺北市第一條具有指標性意義的徒步區。每逢假日這兒總是人潮不斷，把騎樓與街道擠得水洩不通。無論吃的、用的、穿的、玩的，各種流行時尚、新奇有趣的商品，這裡應有盡有，可說是臺北最熱鬧的街道。不但是青少年文化與街頭表演的聚集地，也是青少年盛裝約會的地點。武昌街旁邊的美國街，則充滿了美式風格的嘻哈服飾與個性行頭、塗鴉創作，為臺北畫上了異國的妝扮。現今的西門町不但見證了歷史，還是新一代流行文化的帶領者，許多懷舊的中老年人在此回味往事，更有打扮新潮的年輕一代在這裡爭奇鬥豔，兩種完全不同的生活型態在此交流，滿足了不同需要的族群。,室外
443,臺北市,萬華區,西門紅樓,🎨 藝文展館類,臺北市萬華區成都路10號,,八角樓 ：週日至週四：11:00-21:30週五至週六：11:00-22:00十字樓：週二至週四：14:00-21:30週五：14:00-22:00週六：11:00-22:00週日：11:00-21:30週一休館,886-2-23119380,,http://www.redhouse.org.tw/,其他,,,,,"{'PositionLon': 121.50692749023438, 'PositionLat': 25.042070388793945, 'GeoHash': 'wsqqkyy8s'}",非古蹟,"{'PictureUrl1': 'https://www.travel.taipei/image/339221', 'PictureDescription1': '西門紅樓'}",,西門紅樓於1908年由日本建築師近藤十郎所建造，由八角樓與十字樓組成，是臺灣第一座官方興建的公營市場，亦是今天全臺所保存最古老完整的三級古蹟建築物。其中八角樓的「八卦造型」取其八方雲集之意作為入口、十字樓的「十字架造型」作為主體的特色，另外加上緊鄰兩旁的南北廣場統稱為「西門紅樓」。西門紅樓歷經市場、書場、電影院、劇場的角色變換，自2007年起，臺北市政府文化局委由台北市文化基金會營運管理，以文創平台推廣形式，欲達成振興西門町街區發展目標，歷經10餘年經營，已逐步累積文創能量，形塑成現今臺北市甚至是臺灣指標性的文創及藝文據點。八角樓一樓為綜合展覽與餐飲、賣場，內部空間規劃了品茶休憩的「紅樓茶坊」、搜羅臺灣風格好物的「紅樓選品」；二樓為古樸別緻的專業表演場地「二樓劇場」。十字樓則為推動小型文創產業發展的「河岸留言西門紅樓展演館」與展售空間「16工房」。另南北廣場有多元文化體驗活動，除固定館所導覽、創意講談、手作工作坊之外，每個週末還有創意市集及於中央展區不定期展覽等活動。,室外
444,臺北市,萬華區,青年公園,🌳 都會休閒類,臺北市萬華區水源路199號,,,886-2-23032451,,https://parks.taipei/parks/m2/pkl_parks_m2C.php?sid=565,都會公園類,,都會公園類,,,"{'PositionLon': 121.50702667236328, 'PositionLat': 25.02227020263672, 'GeoHash': 'wsqqkgntq'}",非古蹟,"{'PictureUrl1': 'https://www.travel.taipei/image/65582', 'PictureDescription1': '青年公園'}",,青年公園為大臺北都會區綜合性開放公園，位於臺北市萬華區西側，東臨國興路、西頻青年路、南靠水源路、北向青年路，面積高達24.44公頃，其用地溯源於日據時代，原為練兵場後改為機場，因位於臺北市南端，並與北端松山機場南北相對，而稱為南機場，民國42年台北鄉村俱樂部與國防部合作，成立台北高爾夫球俱樂部，民國63年青年節，奉行政院指示由臺北市政府接管球場，改建為青年公園，同年10月正式接管，並於民國66年9月施建完工，成為臺北市民休閒活動的好去處。園內設施完善，花木扶疏，景緻優美，運動設施有（售票）臨國興路設高爾夫球場一處，臨水源路並設置泳池8座，公園面南側有網球場6面，泳池大樓內附設撞球室，可供撞球。免費使用之運動遊樂設施有籃球場、羽球場、棒球場、溜冰場、網球練習牆、野外運動場，分布園內各處。另園內並有盆栽館、閱覽室、視聽教室、露天音樂台、駐警室等社教服務設施以服務市民、遊客。除了各項硬體服務設施外，公園景觀的規劃，綠化設施配置，植栽分布實為建構公園美化的主軸。 公園大門入口，正門花壇成放射狀配置，並植有蒔花，鮮豔美麗，（如鳳仙花、雞冠花、一串花、雪茄花、醉蝶花、金露華等）其後側並植有灌木如杜鵑、狀元紅、變葉木、羅漢松、仙丹等灌木花卉，予人入園有繁花處處，五彩繽紛，美不勝收之感。園內中央廣植草皮，碧草如茵，青翠整齊，四周並以榕樹對植形成濃蔭密布之綠蔭隧道，遠處眺望一片綠海，徜徉其間，猶如置身森林浴，身心俱得調劑，草坪區旁側並廣植有針葉樹林（南洋杉）晨間有眾多市民於該處運動，有益健康。草坪區後側有水道與園內東北側九曲橋相通。水塘兩側，遍植水生植物，其間並有噴泉處處，相互輝映，益盛景觀，另園內棒球場東側廣植楓樹，楓樹俱成齡，已成楓林，每於落葉時節，楓葉片片亦屬冬季景緻之一，另園內四周並植有杜鵑，春天開花時節，色彩奪目艷麗，增添公園美景。此外公園內均遍植喬、灌木、草皮並間有花壇佈置及園椅、亭榭、健康步道、雕塑等。園路寬坦，處處景點，允為大型綜合公園之佳作。青年公園面積廣闊，設備多元且完善，提供了市民大眾休憩、運動、社教、復健功能，從少年到老年，無論殘障或健康者，都可盡情享用，公園要美除了營造美景之外，更須要結合市民大眾，來觀賞使用，疼惜愛護，一起享受市政建設的成果。,室外
445,臺北市,萬華區,馬場町河濱公園,🌳 都會休閒類,臺北市萬華區青年路188巷1弄7號馬場町紀念公園,,開放空間,886-2-27258149,,https://heo.gov.taipei/News_Content.aspx?n=E65DBD99C91AEAC4&sms=3A0FD6D3764BFBA7&s=C003DDE0F94AECC4,都會公園類,,,,,"{'PositionLon': 121.50390625, 'PositionLat': 25.01885986328125, 'GeoHash': 'wsqqkfs3q'}",非古蹟,"{'PictureUrl1': 'https://www.travel.taipei/image/64549', 'PictureDescription1': '馬場町河濱公園'}",,騎著鐵馬，沿著新店溪，穿過溪流兩岸參差高樓護持的一片綠草如茵，行經馬場町自行車道後，就可以轉進「馬場町河濱公園」，這個位於新店溪畔、與青年公園為鄰的園區。「馬場町河濱公園」原為軍用地，後來臺北市政府透過多方交涉，和附近的華江雁鴨公園，以及中正河濱公園連成一氣，為萬華區提供一大片休憩遊園的好去處。馬場町的清晨，有股清新的美。河岸邊長長的階梯，是個適合坐著觀看日出的看台，視野寬闊，溪中倒影可見；天氣好的時候，可見到朝陽從遠方101大樓旁慢慢升起的模樣，偶而從雲間透出的陽光灑落新店溪，只見河面閃亮著一片金黃，煞是美麗。馬場町河濱公園內聳立著一塚土丘，土丘前的碑文寫著：「一九五Ｏ年代為追求社會正義及政治改革之熱血志士，在戒嚴時期被逮捕，並在這馬場町土丘附近槍決死亡。現為追思死者並紀念這歷史事蹟，特為保存馬場町刑場土丘，追悼千萬個在臺灣犧牲的英魂，並供後來者憑弔及瞻仰。」,室外
446,臺北市,萬華區,龍山寺地下街,🛍️ 商圈市集類,臺北市萬華區西園路一段145號,,上午11時至下午9時30分,886-2-23065988#24,,https://www.tcma.gov.taipei/News_Content.aspx?n=0D4E37187A7154F0&sms=42464882E656FEC0&s=E1D54780FDD052EC,廟宇類,自然風景類,自然風景類,,,"{'PositionLon': 121.49989318847656, 'PositionLat': 25.036069869995117, 'GeoHash': 'wsqqkv9t8'}",非古蹟,"{'PictureUrl1': 'https://www.travel.taipei/image/176806', 'PictureDescription1': '龍山寺地下街'}",,龍山寺地下街商場位處廣州街、西園路、和平西路及三水街間之艋舺公園正下方，係臺北市首座地下二層之地下街商場。龍山寺地下街位於萬華區龍山寺對面，艋舺公園正下方，在地面層公園有7個出入口可通商場，商場有出入口與捷運龍山寺站相互連通，藉由流暢方便的行走動線，民眾可由捷運站直接進入經由商場通往龍山寺商圈。,室內
447,臺北市,萬華區,龍山文創基地,⛰️ 自然生態類,臺北市萬華區西園路一段145號B2,,週二至週日 11:00 - 21:00　週一 休館日*遇國定假日或連續假日延後一日休館,886-2-23021598,,https://longshan-b2.taipei/home/zh-tw,藝術類,自然風景類,,,,"{'PositionLon': 121.49961853027344, 'PositionLat': 25.036069869995117, 'GeoHash': 'wsqqkv9md'}",非古蹟,"{'PictureUrl1': 'https://www.travel.taipei/image/176830', 'PictureDescription1': '龍山文創基地'}",,體驗式學習行文創基地萬華本身具豐富內涵與文化，無論是文字、視覺、聲音、表演、工藝甚至氣味與食物等，在在散發獨特的風貌，龍山文創基地以「培養在地設計師、藝術家、創作者」為主軸，發展在地品牌，以導覽、藝文表演、互動工作坊等讓民眾參與及體驗，讓旅客於此體驗，發掘萬華的文化與文創能量。從B2認識艋舺美與善重新塑造目前龍山文創基地給人的既定形象，從文創品、飲食、街景與服務皆彰顯萬華在地美與善的形象與特色，並將過去常民生活展示於此，讓到萬華的旅客以此為出發點，進而認識艋舺。,室內
